,Breast ER+,Other,Urothelial,Biliary,Cervical,Colorectal,Small bowel
0,-12.6299612493368,,12.969603045104499,,,,
1,-8.533198054957898,,-5.885288550981249,,,,
2,12.6619629385623,,5.5812176516825005,,,,
3,-2.584088374302499,,10.21041147456625,,,,
4,9.2082164424675,,-2.718768121434999,,,,
5,26.2013812256491,,34.702942721847755,,,,
6,8.7287812371576,,-6.582283931230749,,,,
7,11.519785540229298,,7.620360282621501,,,,
8,-1.9427525423227,,3.8786687663590014,,,,
9,17.0283321021836,,19.97143407595075,,,,
10,-9.4354669303113,,-7.3722909904285,,,,
11,-1.4432272497405987,,-5.240135952966,,,,
12,16.0590611193635,,5.3426863579935,,,,
13,-1.9237220240784996,,1.1188412797870004,,,,
14,3.229957522392001,,16.68764602355275,,,,
15,-1.5479553330763998,,-11.667465432917998,,,,
16,11.596389450209701,,12.442384687056999,,,,
17,16.336833619974,,15.224602770555002,,,,
18,0.40848010235529975,,-2.550886419712249,,,,
19,18.045811203735997,,34.750571646675,,,,
20,7.0011111195253,,17.2154988340785,,,,
21,18.2358190466721,,-9.198268578133,,,,
22,1.2724867843986005,,27.289252480123253,,,,
23,6.675005655304901,,11.81860375507225,,,,
24,17.248939074446803,,-13.465215883991,,,,
25,-0.3776601943151997,,15.176334275002498,,,,
26,7.240919943911599,,10.33028781840475,,,,
27,4.103964222629501,,12.201299501139001,,,,
28,1.0910317024720004,,0.22901166329900047,,,,
29,4.430443927090801,,1.7915178504225,,,,
30,2.0592714773304004,,-5.5006645922265,,,,
31,4.880236069940399,,3.3278259897682503,,,,
32,5.6960036394630995,,-5.718706455291002,,,,
33,5.754342177741302,,-4.9989988654060005,,,,
34,10.647337199747202,,-5.452370513846749,,,,
35,10.8965835111184,,4.787249636251251,,,,
36,1.599387803524601,,7.836185212500499,,,,
37,15.6368961120474,,21.0294414240415,,,,
38,10.8586163257196,,1.7432530095607497,,,,
39,2.836427759586501,,-8.644491085589,,,,
40,2.7118630789387,,-0.03216678318100019,,,,
41,8.142779785030001,,-13.24745250493,,,,
42,-4.4941152602879,,13.903805257755998,,,,
43,1.3585527422262014,,19.1807801366475,,,,
44,8.709588741713599,,15.104390195246253,,,,
45,1.5711291375849008,,-15.62592113435025,,,,
46,17.5745270345831,,12.585293389677501,,,,
47,14.1594084918123,,13.0651898168475,,,,
48,5.992966297190299,,-14.2332051246285,,,,
49,-0.1669000343031989,,5.5545971150325,,,,
50,12.229808146183501,,-17.08669701607925,,,,
51,10.742223732913299,,8.194866215783499,,,,
52,11.9615079265521,,7.1627967049165,,,,
53,11.654456370592303,,7.406171190243501,,,,
54,-2.8433352892923005,,17.912185029246753,,,,
55,10.849284093800499,,5.292471376303749,,,,
56,-3.9467438087854996,,-10.058876982351,,,,
57,10.3975675367877,,-7.42251986330475,,,,
58,3.230475026475299,,-6.1483988648397485,,,,
59,16.4149806855287,,-0.24796101198324827,,,,
60,-5.846535314551099,,-1.1584934862575,,,,
61,-4.5711115384458,,-2.2884244495165005,,,,
62,1.6571851533111008,,3.1593229907730005,,,,
63,6.0021842117559006,,15.56093118736825,,,,
64,-9.6171880736595,,13.66530612870125,,,,
65,20.481936210889202,,11.45861071812675,,,,
66,5.9548538006491984,,9.706201356031501,,,,
67,-3.4297264768733995,,12.8954164493375,,,,
68,9.9555732415381,,14.35973007084825,,,,
69,3.1245759805087006,,11.2168903437495,,,,
70,15.7130044460845,,-6.940357528423999,,,,
71,13.219189097117399,,13.857796824095251,,,,
72,10.6858400171651,,14.696074569978002,,,,
73,9.495443096121301,,1.5267790084440005,,,,
74,6.857246935457402,,24.14734104425,,,,
75,-2.892326682498599,,-0.6332588972284999,,,,
76,2.6447337882646997,,-21.476448072350248,,,,
77,3.374229278816,,38.73174174887375,,,,
78,11.827746383025097,,-13.9211589705315,,,,
79,12.144154731764399,,8.2910998676315,,,,
80,5.456366148957001,,-6.435831643003,,,,
81,-1.375427543432,,25.034602877327494,,,,
82,5.572359649630401,,-6.798423164436,,,,
83,8.1137317060794,,21.4857112415375,,,,
84,11.8458857423686,,-4.27836444785625,,,,
85,5.9741769884758,,-10.20183100480925,,,,
86,11.8560059254197,,-13.584761842183,,,,
87,5.7630259221631,,2.4626477596742493,,,,
88,-10.0686204413157,,-0.05547543483674966,,,,
89,12.6431780154762,,8.70102209288075,,,,
90,-0.5313796708568999,,-17.424665661065,,,,
91,-4.866885396636401,,18.630240699316502,,,,
92,11.808187542141601,,-13.728978923776499,,,,
93,9.112175903758002,,9.418118043074,,,,
94,-3.516040368189099,,11.8409797332405,,,,
95,1.0998268404963008,,31.22469409622275,,,,
96,7.7199735995983,,-3.4634282458379984,,,,
97,10.781498420828601,,9.87434838655575,,,,
98,10.5607601707614,,15.6792411328155,,,,
99,19.3682899728452,,8.723371024662748,,,,
100,24.713386025238403,,-5.860332361775749,,,,
101,8.0565843056655,,6.300205995239001,,,,
102,11.4714294776339,,-10.01256155473825,,,,
103,3.3349256444114,,0.6162596893720007,,,,
104,3.643420657349801,,30.6488710111525,,,,
105,5.8401394414257,,2.197567567981999,,,,
106,-0.2617611301540997,,36.764176265144,,,,
107,-0.17596679022190048,,-12.19399524571575,,,,
108,11.089220977846901,,32.20750834527425,,,,
109,8.8141808705862,,22.180100827917002,,,,
110,-3.8807854807422997,,-13.4885318450245,,,,
111,5.917028126186301,,2.0786217064992503,,,,
112,1.6766255822423013,,13.233027662290999,,,,
113,8.017555798331603,,11.8186161826975,,,,
114,1.7998965026802005,,-5.5502071109817495,,,,
115,-13.330411875719799,,0.6632124965759996,,,,
116,12.0963088638742,,19.5174499031765,,,,
117,19.1589457851993,,-1.832165596091751,,,,
118,3.9309133724272023,,-3.6066549064772486,,,,
119,3.6622237083708007,,8.81737677925475,,,,
120,22.7652545375126,,43.5297850387175,,,,
121,4.160457579072401,,9.083062185906,,,,
122,8.585673719406902,,-10.875176383688249,,,,
123,11.0019542344465,,-2.7424035040472488,,,,
124,2.9625478762376,,-0.34388036050324944,,,,
125,0.005618107632301417,,-6.819812376341749,,,,
126,6.1174008708799,,21.268591087891,,,,
127,13.113676571824698,,6.7561615094075,,,,
128,12.5084925663543,,-5.548906041393749,,,,
129,-0.5221667273438999,,21.4377424305525,,,,
130,13.544773257049503,,4.1904057353790005,,,,
131,6.7718335597232,,12.8737107429705,,,,
132,12.268067415743399,,10.9304604141665,,,,
133,0.08339736587230036,,-8.692116355724751,,,,
134,15.558995518104402,,-4.278364447856251,,,,
135,-10.931216413074898,,-1.2061458027852485,,,,
136,8.276812361029698,,13.329604854984,,,,
137,5.7438574021571,,10.0176240217225,,,,
138,19.541449292897102,,-3.4154864812389993,,,,
139,-6.547498182935999,,4.907151562919,,,,
140,10.5038721078124,,17.263445716926498,,,,
141,17.5746527559132,,12.849050583642251,,,,
142,9.99471431332,,3.7105005352722493,,,,
143,6.741233844974401,,-9.002873867862249,,,,
144,2.616463427315801,,-11.42537739842175,,,,
145,1.4932235725895004,,13.737231935004,,,,
146,-1.336675330651199,,8.842633380605,,,,
147,-2.163364485636,,4.403306913368249,,,,
148,6.991650242523602,,7.09086358923425,,,,
149,9.1216242092987,,25.01057132465325,,,,
150,-2.4025025999936,,20.429957373533497,,,,
151,9.5431480384985,,-2.2142129984950003,,,,
152,1.713705408944501,,23.020349915193997,,,,
153,11.711489744681401,,2.2455144508275007,,,,
154,2.2127199214002,,14.96210132634425,,,,
155,10.570624234493,,25.180064744601253,,,,
156,1.4175333350739983,,-3.341910946253,,,,
157,22.285293056864603,,6.20524783015075,,,,
158,12.336247795218402,,2.7017718406955,,,,
159,6.712719936167,,-2.765422707629,,,,
160,1.5314685144183997,,26.33039888108,,,,
161,12.394042221252402,,2.196259189010501,,,,
162,4.1519118364121015,,5.1729020264145005,,,,
163,-10.0493203524755,,-4.7086913098822505,,,,
164,1.1958922310959992,,-2.166285852659499,,,,
165,5.8589381068189,,-7.707685270198248,,,,
166,10.0622508819588,,-3.6329194746545,,,,
167,8.651124191074299,,-9.172001818826,,,,
168,18.9576558588663,,23.380035230615,,,,
169,-5.347766397253699,,14.287471687769001,,,,
170,-1.3570273847487997,,-6.076778588928499,,,,
171,-4.302676240804599,,-1.1362023019410001,,,,
172,5.225913240895401,,17.54989172882575,,,,
173,-13.657575447092299,,-8.31172233669525,,,,
174,10.7529643367866,,19.06284077843475,,,,
175,1.2533013073036,,12.70583488707225,,,,
176,10.004725150070701,,1.7911816189552505,,,,
177,13.775606252855098,,23.643473003002253,,,,
178,0.19888359559310037,,-12.14768347279275,,,,
179,1.4927075303825006,,-6.701222483334499,,,,
180,4.111458876485601,,4.9344102067392495,,,,
181,8.2970202748315,,17.214221156186504,,,,
182,5.992822447924101,,1.1191321914185,,,,
183,10.1286211679875,,24.147352008319,,,,
184,18.4281846044738,,-21.189000675427252,,,,
185,-4.9835513602442,,38.635804126905,,,,
186,4.487744239054701,,7.3326241651995,,,,
187,10.339630723363301,,4.981406870220249,,,,
188,11.6744344788403,,-1.496162446674001,,,,
189,19.2343924748561,,16.78355294444475,,,,
190,0.18904467814640097,,-4.424215175816749,,,,
191,-4.734408256641801,,-21.550965053762003,,,,
192,-7.8906851184505005,,11.07398675937575,,,,
193,-2.2386623549765,,11.4339885692555,,,,
194,11.548955540306,,-7.56220512947425,,,,
195,-8.5806442452925,,29.159938895459998,,,,
196,17.1908712776111,,10.978407297010751,,,,
197,10.6662659720983,,-7.443918575721249,,,,
198,-1.9899472899969002,,-5.740117595335999,,,,
199,0.7450811607133008,,7.5228277523165,,,,
200,0.4765157561130998,,14.505222639200749,,,,
201,-10.6350580815106,,-8.883613703051749,,,,
202,-8.6196473153127,,3.878365427102999,,,,
203,14.715716006853901,,-28.887220408009746,,,,
204,-0.3484828848585998,,6.373463572209,,,,
205,16.605913019483204,,23.81131450313425,,,,
206,-0.5794626536801992,,8.24316394885475,,,,
207,2.1371647618936995,,14.84188509634875,,,,
208,-0.14850835584569994,,24.099719428801748,,,,
209,2.7318160409032,,15.463089471983253,,,,
210,13.8817821787973,,-15.647621722466749,,,,
211,6.8081175404895,,32.39804597272425,,,,
212,1.6952847839968002,,-3.918997090453499,,,,
213,7.1065087420433,,-14.762345849542001,,,,
214,18.457464536276696,,-4.397928679501,,,,
215,12.795975924751403,,5.484960608139249,,,,
216,1.5703479104079001,,1.7432435090452516,,,,
217,15.770797995665202,,-4.80821564616175,,,,
218,11.88479057567,,-5.190246966249249,,,,
219,9.2844431884552,,8.721430384346748,,,,
220,0.734976472876,,11.79333107140475,,,,
221,-4.724582496077,,-10.107523374516749,,,,
222,6.205664904703499,,11.767418817011999,,,,
223,12.0952890598892,,-14.375441364318249,,,,
224,8.9199439620894,,-7.994131282099999,,,,
225,5.754092196955401,,-4.7806353896379985,,,,
226,-6.902621903164899,,-0.8011098978720013,,,,
227,13.5547615802359,,10.786243332573001,,,,
228,-3.4091092378070997,,14.67243918736825,,,,
229,10.580465784662001,,4.428885127426001,,,,
230,7.586354443461201,,-13.802202144977999,,,,
231,-12.879478007757701,,4.788892055555751,,,,
232,-10.318014402159,,26.690086387633997,,,,
233,9.678080544655499,,8.771330335136499,,,,
234,7.2878217309718,,-8.044378428424999,,,,
235,7.1448653718656985,,-4.32566810528775,,,,
236,16.327627400416397,,-14.761359083279999,,,,
237,13.755923737939199,,9.396766841624999,,,,
238,0.3993993130991008,,0.7584922743695006,,,,
239,5.4571277863235,,-0.656242281487001,,,,
240,1.0899849992986006,,0.4736652900767504,,,,
241,9.390055121312702,,19.157133789967748,,,,
242,1.2251800577002006,,9.6819190933165,,,,
243,3.6134931145048,,18.485738551916,,,,
244,8.7864440943567,,0.7371227994707503,,,,
245,9.9463828115878,,17.57353442081775,,,,
246,12.566029116797802,,16.88074777972625,,,,
247,1.5514363895368006,,13.3759597566115,,,,
248,18.016261701337296,,17.239815452560002,,,,
249,-10.7312316509299,,-3.391117233539502,,,,
250,11.261989685990702,,6.253894222319001,,,,
251,10.243845721916,,-2.26480003097525,,,,
252,7.883040512241701,,15.632224732327249,,,,
253,19.311534940607704,,18.53334189391325,,,,
254,-1.2599436520392004,,1.5754020089152512,,,,
255,-1.9132132730555,,16.2566869001825,,,,
256,8.48871863178,,-2.09334769726175,,,,
257,14.533243459271398,,0.5666988971655007,,,,
258,10.7240712166853,,-4.23009595230525,,,,
259,-1.960134064504,,-20.80374080063925,,,,
260,-1.2119764484463011,,-11.282187284680251,,,,
261,4.707960599411299,,16.35126716865675,,,,
262,8.1134700302851,,20.45392898761075,,,,
263,-3.8516102185841996,,-15.481384631181248,,,,
264,3.8922874664009997,,-3.5606194264260003,,,,
265,9.427779635306099,,-0.8960512530689995,,,,
266,-2.690259914617,,-23.44399893731975,,,,
267,7.2992274884003,,9.203316426357999,,,,
268,1.3977025852648,,20.911169489049502,,,,
269,2.6834909720967013,,5.509568138251501,,,,
270,9.2073030610324,,-4.83185468346225,,,,
271,17.5661178318062,,8.794021344205,,,,
272,22.2671361550109,,21.05372368675575,,,,
273,6.4734511294262,,-13.418546679036,,,,
274,1.2639278848541013,,-8.667481779225998,,,,
275,9.025079032360301,,9.65888161628575,,,,
276,13.717310988795901,,12.009486386927,,,,
277,0.3900708813862005,,12.1297048080555,,,,
278,0.2940128001674999,,26.8093341248175,,,,
279,11.8759767242898,,3.2069606885375013,,,,
280,17.430534790856296,,7.6903366756730005,,,,
281,-1.0106876929591988,,6.4677602384315,,,,
282,3.2681735177304994,,-13.369604256992497,,,,
283,-3.131195811682901,,14.00004621898475,,,,
284,6.587770782144301,,5.243174449343,,,,
285,3.517168386440299,,-11.25849561816175,,,,
286,7.461128409463498,,7.907475102766999,,,,
287,-5.0587255555539,,-9.4341531403835,,,,
288,-0.9150439080552989,,-11.6414932399285,,,,
289,0.44761737393350065,,0.9509815062027513,,,,
290,3.192092082883801,,17.333775887319,,,,
291,-0.5512124679651003,,13.329292015214001,,,,
292,10.7334104669537,,11.69676484277875,,,,
293,0.12123298243710057,,-9.963977292301,,,,
294,6.118302262913602,,-5.2158463808710005,,,,
295,-11.6133855871184,,37.67697976538,,,,
296,6.789467695412901,,-5.668804313371999,,,,
297,3.2115427449492997,,10.97742053075,,,,
298,-0.9624617373226997,,6.637537260630751,,,,
299,2.4906166814656014,,22.276977705180748,,,,
300,-5.626179199528099,,7.380242125956752,,,,
301,-2.9388635859971997,,-10.2041078765905,,,,
302,-1.4232611308920995,,9.1064066568865,,,,
303,-6.201686519393499,,23.116912489129,,,,
304,1.877017040293501,,12.1290213810495,,,,
305,10.272773050585801,,-30.471748068383498,,,,
306,5.647808677616301,,7.141768579732499,,,,
307,-3.3905897907188995,,24.052075885213,,,,
308,15.771958725164101,,-5.596861697175001,,,,
309,0.3327615037725001,,-24.140047752896,,,,
310,-1.7881354739528,,23.4526027987755,,,,
311,8.364284934544202,,21.93998998063375,,,,
312,3.3745950388304005,,11.8898790265815,,,,
313,10.7811197949595,,6.899693700438999,,,,
314,19.9830459578886,,9.9220299405995,,,,
315,14.292921516429498,,-0.12906924327424985,,,,
316,8.757665000580399,,-1.3023904187012487,,,,
317,4.929072504296701,,-2.024352952225501,,,,
318,-0.8285773962184997,,11.650415059401752,,,,
319,11.4712949850471,,-3.679209319435999,,,,
320,14.764061250893098,,11.914539185910002,,,,
321,0.975408056413,,2.12364483745825,,,,
322,18.496609993687294,,15.94367078971375,,,,
323,13.458190965983002,,-9.65061033160575,,,,
324,14.7246742929227,,11.7217393054365,,,,
325,3.5851066799336,,1.5744115879632492,,,,
326,1.9055382584807998,,-14.327161904695497,,,,
327,17.6133023463483,,1.45419535796775,,,,
328,-0.4361013549384003,,17.191850296267752,,,,
329,-3.2186967462631997,,3.7824731249675008,,,,
330,3.9392024103451,,-15.3125797564835,,,,
331,9.5716575616791,,-11.933488534592,,,,
332,-11.499065348977,,32.782677240859,,,,
333,10.1853884806564,,3.9486378500317505,,,,
334,10.849271813369601,,-0.9919691380302509,,,,
335,4.639900970213501,,-0.7758350230734994,,,,
336,3.6524947226498,,16.58909748946825,,,,
337,4.4104830703222,,29.280158780144998,,,,
338,12.2970842098741,,-4.9024816113075,,,,
339,10.321358918732901,,7.3549570146645005,,,,
340,1.3304428966010016,,19.6376844066205,,,,
341,3.037979361713501,,28.8258478764115,,,,
342,6.568851657501,,7.25839809541925,,,,
343,-1.1253921100809001,,5.484960608139248,,,,
344,7.8828864298447,,16.20742286542825,,,,
345,15.617189036271398,,-10.8978666651845,,,,
346,8.190594368103001,,5.964217464582999,,,,
347,5.6284743802048,,7.93110902182025,,,,
348,9.2842993391897,,14.551206953593,,,,
349,4.505759047912899,,-15.073403046247499,,,,
350,1.0705410611910011,,8.12425025200875,,,,
351,3.776419101635099,,25.129811752456497,,,,
352,8.525917746887298,,-0.6795889435997484,,,,
353,-0.9915016304405995,,-26.826346487876,,,,
354,23.322077218307903,,10.59405597643925,,,,
355,20.3956062389389,,4.886425313435501,,,,
356,-1.4143034302455,,12.9689269274805,,,,
357,0.6675802443284006,,32.9265654003615,,,,
358,16.5097587488447,,7.500787278040751,,,,
359,10.2236182183034,,2.102634985723749,,,,
360,16.6433705956023,,28.225380714333,,,,
361,13.141670052796599,,-14.737747092368,,,,
362,11.3773358666521,,11.242466366675501,,,,
363,2.7694089860611,,8.50725006490625,,,,
364,2.1549102911842004,,7.2379824945725,,,,
365,11.347912085584198,,-7.375243252261,,,,
366,7.0295092491048,,11.24053669043075,,,,
367,23.734907946407,,3.3025313779615013,,,,
368,5.5905063183526,,-3.7747960911792497,,,,
369,8.459942461756702,,3.2542468000927505,,,,
370,-4.196653811836599,,9.083065840595502,,,,
371,-1.5768557625562003,,-19.99008008537825,,,,
372,1.9637367476985994,,-0.1293872012917503,,,,
373,16.672659298659603,,30.768769283130254,,,,
374,11.4433205084617,,1.477542020080251,,,,
375,7.8170544085557,,23.810996545118996,,,,
376,6.117514311779801,,-9.1000869765925,,,,
377,19.446960389987204,,26.450611456383996,,,,
378,0.5242212839131998,,8.891239571180751,,,,
379,12.864170922987402,,-15.718560762509497,,,,
380,-1.0985760246648,,27.771089547607,,,,
381,17.6513911584814,,-17.73604300691675,,,,
382,4.0368138802685,,16.519464637263752,,,,
383,-11.3453523053605,,12.29687019056225,,,,
384,15.6162920298649,,-21.2606267971625,,,,
385,9.8031554200084,,4.477168241739751,,,,
386,6.807730143364701,,-7.8272473107075,,,,
387,9.5236976674651,,-2.408991529740999,,,,
388,15.876547344862,,10.0192174665,,,,
389,6.8951024328632995,,6.348141914015001,,,,
390,6.6743600915605015,,10.760278448966751,,,,
391,-2.4109311015494996,,10.450193399764,,,,
392,5.638464165268,,13.71293505353025,,,,
393,6.2899067323848,,27.8174064387765,,,,
394,-0.14770753885699967,,-5.0204012325125005,,,,
395,4.275815163709701,,16.56580711125925,,,,
396,10.973458453571702,,13.689622747181751,,,,
397,5.7628923060292,,-11.9299274031135,,,,
398,13.516520438612698,,10.953138268035,,,,
399,0.6205310988253996,,12.1297048080555,,,,
400,6.4244524268398,,8.3637288379465,,,,
401,-1.1556035512512999,,3.325878040075251,,,,
402,25.135282923833298,,19.80488633602975,,,,
403,8.843092995074201,,5.485910827501501,,,,
404,8.4778289165602,,5.510861898462751,,,,
405,5.801649489861501,,-8.285432185689,,,,
406,5.704813690639299,,-9.84472736398475,,,,
407,5.734637734687101,,-3.2933098739224986,,,,
408,2.3282046892452,,5.3167609483965,,,,
409,16.260091708231702,,19.73461025841,,,,
410,8.5353748236837,,5.509568138251501,,,,
411,12.6237317390392,,21.677522892192002,,,,
412,0.07225445508380161,,14.838674087521749,,,,
413,3.4701277211652006,,-5.62379141890725,,,,
414,9.256941188829,,-3.847083711778499,,,,
415,4.8033549889523,,-6.581020872097499,,,,
416,13.9188459248637,,36.5969414435275,,,,
417,4.3713419985405,,11.8186161826975,,,,
418,13.2755602414066,,0.9992485382002501,,,,
419,11.337684600166401,,25.780181056454502,,,,
420,6.932947406106,,-7.15911132843525,,,,
421,11.587196096505702,,10.16440304090275,,,,
422,3.4887933558480007,,3.085721872956001,,,,
423,-3.621038898574599,,16.9993742196325,,,,
424,12.3936519003758,,16.926129070293,,,,
425,-2.6514989305811993,,15.895380366019001,,,,
426,-3.4478506320323996,,3.0397353674320007,,,,
427,11.5775922466925,,16.2796827120655,,,,
428,4.5543805865066,,-5.092356276339998,,,,
429,-2.7483332679251995,,-1.5697365181044995,,,,
430,9.7830825842156,,26.642779075510504,,,,
431,-0.264123230649,,11.890215258047501,,,,
432,1.1099540418973006,,4.382546308118,,,,
433,1.9922316521195,,-9.98796864338525,,,,
434,3.4990173320899003,,-2.0486586066392496,,,,
435,9.1120414111714,,27.00277357601525,,,,
436,10.128896586087901,,16.1102221843265,,,,
437,-0.8291159519879996,,9.2259796614665,,,,
438,8.833095024178101,,12.20292071987725,,,,
439,17.325140383120498,,5.24611647467875,,,,
440,-4.849396572088801,,-5.308162932767248,,,,
441,8.296233200151402,,17.83959406938925,,,,
442,14.053395419524302,,29.064964648053998,,,,
443,-9.818741723084797,,3.6126273912357503,,,,
444,-4.0045534390015005,,8.699744414989,,,,
445,14.1495508610082,,7.404228358795749,,,,
446,6.5308610820862,,-5.909898272225499,,,,
447,0.3323840487495005,,-4.2553488989635,,,,
448,12.096324068056102,,22.370623836607248,,,,
449,10.857709086180202,,-15.839431181987749,,,,
450,-0.6946690796742996,,12.1297048080555,,,,
451,2.94233850056,,-10.420857443001502,,,,
452,17.3626081923702,,2.391653899284001,,,,
453,-8.3322984495014,,5.436969869014001,,,,
454,1.3976973231834002,,21.893969119344,,,,
455,5.589870402316499,,-0.12938720129175008,,,,
456,8.6410048844762,,1.1418480557444983,,,,
457,1.7336633419607004,,17.453654422289,,,,
458,5.609685947943101,,1.3129422298489999,,,,
459,1.8393165017387005,,16.301384763744,,,,
460,8.823913365482202,,-4.3519582562937495,,,,
461,3.979255692715101,,8.2451060527275,,,,
462,15.761334194912104,,-4.23174933567775,,,,
463,19.762702999748697,,5.3407727640674985,,,,
464,3.2300890912263016,,-5.645163084937001,,,,
465,-1.1541796840829996,,1.144753534178001,,,,
466,17.8909271974892,,13.497457319188248,,,,
467,-1.0878193401556997,,-4.85616252900725,,,,
468,1.1367721746114992,,19.757242792440998,,,,
469,7.1923121476245,,1.526479323877,,,,
470,8.0269038198552,,-13.825866765107751,,,,
471,-9.5414759080025,,28.36927252852675,,,,
472,-3.3235642932374994,,31.3915817223015,,,,
473,11.0020980837111,,19.4468142023935,,,,
474,10.186952687916301,,1.3109979348450007,,,,
475,4.832390787472199,,13.56808571059225,,,,
476,3.8631233138265,,16.20610352239125,,,,
477,9.831793588272,,0.49604492293250146,,,,
478,6.501965038234701,,12.65721919597975,,,,
479,2.730668177257601,,7.621975655540001,,,,
480,2.4434473711068003,,19.422502702159,,,,
481,9.323703548641301,,-13.345021582135,,,,
482,15.358474538517502,,-2.408351959013748,,,,
483,7.144219222699201,,-6.844756137920751,,,,
484,1.6374903579649,,-8.26178949369875,,,,
485,6.560811723917203,,31.22307506861425,,,,
486,15.607467359929199,,-5.741078778770499,,,,
487,-8.0044887289621,,-29.225180280057998,,,,
488,9.2644852554393,,-6.509405714432499,,,,
489,5.830299938555,,27.64922870717575,,,,
490,13.4484795227728,,-12.363808087238501,,,,
491,18.2268844450101,,14.073587398205,,,,
492,4.265307874564301,,6.227974658545751,,,,
493,11.0702740775613,,15.224590342925751,,,,
494,19.157660796245096,,-11.3071164275005,,,,
495,0.6677033329365001,,1.359261312151,,,,
496,4.986101492759,,10.690296937667,,,,
497,-0.8670781663373994,,12.465089587311498,,,,
498,11.7801788569872,,19.92543879749075,,,,
499,12.133771702073599,,6.18129448952325,,,,
500,-6.5280527829528,,4.5030929237595005,,,,
501,10.627370495474599,,5.84330537995675,,,,
502,5.793109009282,,-13.8028906902305,,,,
503,12.0776642808785,,-2.480633733792,,,,
504,5.6294053041505,,-9.148680739540751,,,,
505,14.465828517364699,,-2.26448719120675,,,,
506,1.2153347073268002,,17.1675424507225,,,,
507,0.39952152525620005,,12.537030012371503,,,,
508,15.4063090024312,,-1.0882152175067497,,,,
509,5.224850162692599,,20.789319612689496,,,,
510,6.6074974477327,,6.90163434075225,,,,
511,15.175737682421197,,17.959810299384753,,,,
512,3.8825666665112997,,2.9195191374365006,,,,
513,9.332768842684802,,-14.4013645827805,,,,
514,5.8594591200777995,,-10.73098634848375,,,,
515,9.341332713279598,,-3.631258781901,,,,
516,15.080077816880499,,27.649257944694,,,,
517,-3.0346462491159003,,13.258969154203252,,,,
518,17.3544434139066,,18.77477573892575,,,,
519,17.0559273674775,,3.3008962680397502,,,,
520,-2.2202844188263,,2.272066275944251,,,,
521,7.6532200110411,,11.650111720143752,,,,
522,-3.4386675114618,,-10.083244766491749,,,,
523,14.1594099536896,,6.99788992073975,,,,
524,10.330677408344801,,4.31029523441875,,,,
525,12.365532112649301,,25.1541342167585,,,,
526,0.034671157634500814,,16.5434165143345,,,,
527,10.0813159031667,,6.946653817020001,,,,
528,10.119281917720201,,6.2299065259222495,,,,
529,15.5779315998365,,23.76402546446475,,,,
530,5.714541214485701,,8.05064547950225,,,,
531,7.3562687572925,,-8.5705917467625,,,,
532,16.067877894496903,,-8.114351166784997,,,,
533,7.5770049600612,,-1.712308989259251,,,,
534,-3.2940112816640985,,31.750300736042497,,,,
535,4.0738697315327,,-4.421257068163249,,,,
536,-2.6135156645454005,,-1.7123396903374999,,,,
537,5.044579785704298,,16.08685943989725,,,,
538,9.1397738017734,,-7.732926525213501,,,,
539,10.5225225383121,,-15.287612603207748,,,,
540,0.09169722234439978,,11.196147284375002,,,,
541,12.633706319920702,,26.953204010871502,,,,
542,4.6209824309929,,21.8687271367525,,,,
543,15.703652038932901,,-28.338610646921,,,,
544,7.297417685982699,,-10.515156300357498,,,,
545,5.6187664461686015,,-0.2485881550810003,,,,
546,17.277064709677,,10.0185778957745,,,,
547,4.324281743453801,,-1.9044510255577505,,,,
548,23.1977785990822,,-3.028872907645748,,,,
549,9.419625675397002,,34.7752047596175,,,,
550,-11.4789802327535,,-6.866792957507498,,,,
551,-0.28160269851779984,,5.1744976623235,,,,
552,13.4870981194211,,4.620396365939,,,,
553,15.7709172840697,,9.850069778530749,,,,
554,12.441348071497199,,26.689114240132497,,,,
555,-3.6005432862410975,,-20.10836663912925,,,,
556,0.8324575448106011,,9.2988542235755,,,,
557,7.615115409303402,,-1.256066218151001,,,,
558,13.2952529894532,,11.57653033933325,,,,
559,13.486836443625402,,9.30081679202725,,,,
560,15.0316068515094,,14.984801108351501,,,,
561,3.6904657082543,,-12.457785331886749,,,,
562,7.874334839679401,,12.56161780547925,,,,
563,-1.0298614750462,,8.124246597316251,,,,
564,13.822683759422398,,8.506924797509749,,,,
565,16.9225684252579,,24.67715788678775,,,,
566,15.0222594154083,,-3.8921251161879997,,,,
567,11.1748749776886,,9.9958963872175,,,,
568,4.1997346053164,,3.038138267965749,,,,
569,5.226033991177198,,9.058103805566,,,,
570,-0.2149727839943986,,24.601983061200748,,,,
571,3.0088020522565007,,8.603151139977749,,,,
572,4.7847048494824005,,16.806223488935252,,,,
573,1.4656174887429003,,-2.2394966462334986,,,,
574,-9.9066183597834,,-1.494520027372249,,,,
575,10.733278312697099,,7.738638063435001,,,,
576,7.989435134152101,,-17.302817975835,,,,
577,11.4814157535215,,12.80142531350325,,,,
578,11.8087021224734,,13.49681921202175,,,,
579,-0.03273647489169988,,-5.166200794815501,,,,
580,2.5289917302548006,,-1.280371872564749,,,,
581,-2.1045271566325003,,2.918221722537501,,,,
582,4.0262969434142,,11.04838003537275,,,,
583,9.074854576495799,,1.52712254929075,,,,
584,12.5095401459814,,4.454488196736252,,,,
585,-0.6466051012383005,,5.531935343481,,,,
586,14.043786307629,,-3.1973561696350004,,,,
587,14.2358945752658,,6.275876221554751,,,,
588,-0.8097822400005,,19.374908133097755,,,,
589,5.043660556765301,,-20.372434481731748,,,,
590,15.9049469363165,,4.574702963176001,,,,
591,9.351052927745702,,2.0047603781287506,,,,
592,14.3225996639114,,17.121187549097,,,,
593,6.9344920235559,,25.395564407082,,,,
594,-3.9086485637256994,,-14.615533938151001,,,,
595,5.7535717691199,,32.5655658601515,,,,
596,4.3429634587718,,-0.08011951184999866,,,,
597,5.9463001631851,,-9.364527597559249,,,,
598,3.5370041073001004,,-3.703865824074,,,,
599,-5.0597684585239,,23.139261420908497,,,,
600,-5.8750381137744,,10.522135288384,,,,
601,4.5735333169065004,,12.0107567554395,,,,
602,4.5920746921341,,18.60788080346375,,,,
603,14.983502231575802,,12.249592115962749,,,,
604,26.698843225852197,,15.080093313774,,,,
605,-9.6376714055615,,-24.426475491347247,,,,
606,9.2652448455051,,1.6473278152150002,,,,
607,-9.3777745412013,,-18.47906071201525,,,,
608,-5.9336342332475995,,-11.5442910952675,,,,
609,2.835541862765399,,-1.1122270331734998,,,,
610,2.462091368679701,,9.009170156458751,,,,
611,2.9039424000855,,5.8216267199755,,,,
612,10.522389507600598,,-17.47066313065825,,,,
613,-3.802748932336501,,9.1569593336,,,,
614,8.930441894556301,,-11.427654270200751,,,,
615,5.705741105411098,,14.073614444590003,,,,
616,15.991417248358497,,2.1269391765800005,,,,
617,-1.750018591781899,,14.960849231282499,,,,
618,17.1424017741163,,16.63740253191925,,,,
619,11.3860201964972,,2.1262740230220016,,,,
620,2.5017578393489,,7.931133877075001,,,,
621,-1.729916809501899,,13.6899428963345,,,,
622,8.316711561003101,,-4.9248232337080005,,,,
623,5.8303014004311,,5.24350337142975,,,,
624,5.2934293432714,,9.729510007687749,,,,
625,-2.9975751936692006,,27.72248116589925,,,,
626,4.371853655120401,,-0.34388036050324944,,,,
627,9.265254202185499,,-4.44621325737025,,,,
628,-7.900294230346299,,-3.4170981994667495,,,,
629,5.8595871797369,,-4.135452090543001,,,,
630,9.5142490708949,,7.765531238267499,,,,
631,1.7336633419611007,,-1.4962004571322498,,,,
632,10.263147563662802,,4.982651655902501,,,,
633,3.8244924367487996,,5.0769644044417515,,,,
634,10.8969802649219,,-14.471660397406,,,,
635,4.823572550462901,,6.34948830344125,,,,
636,-2.9881210406250998,,19.34928679033625,,,,
637,19.5519615530945,,16.61538983160525,,,,
638,14.255461601981798,,15.583325438986499,,,,
639,-6.163831898440799,,25.17812775897525,,,,
640,0.17931510700210068,,5.027745689528249,,,,
641,5.0728138907846,,-0.8714152130124981,,,,
642,13.295770493538,,17.0473101384095,,,,
643,2.0886967202740996,,17.093959606354503,,,,
644,18.4485422150462,,-15.285997230290748,,,,
645,7.576473713671399,,-10.73098634848375,,,,
646,25.461785727279697,,2.892620116783501,,,,
647,-9.167142149817801,,-15.0238371357955,,,,
648,12.920942621284201,,-9.172031056344,,,,
649,13.026963588375901,,11.578492907788501,,,,
650,3.4988857632558004,,22.87677971370675,,,,
651,1.7330113452894007,,4.046857462029001,,,,
652,3.8239728853668,,11.074608056651497,,,,
653,9.169075370684599,,0.5426585715550005,,,,
654,-2.1518388543806997,,4.477168241739751,,,,
655,4.899014269068601,,-14.18684584073775,,,,
656,16.145374425256,,16.4231966296495,,,,
657,10.061862608381102,,-23.2764900139655,,,,
658,9.6398385265795,,13.42387593838,,,,
659,-0.4729180439703999,,29.496588924981253,,,,
660,6.636504299762899,,5.221503098743251,,,,
661,2.1070904460302016,,13.185411165091251,,,,
662,10.0422964581183,,-1.3769329829414994,,,,
663,5.5040588109032,,4.310295234418749,,,,
664,-1.8928571243604995,,-5.16494869975375,,,,
665,7.2599548477840985,,11.98678879605275,,,,
666,5.024212818454799,,17.433246130822,,,,
667,1.8956908608079999,,8.675425605375501,,,,
668,6.857257754011802,,-8.307799390919,,,,
669,6.751481505625202,,1.9353913911687497,,,,
670,-3.0350301370652,,10.11382331780375,,,,
671,5.0051706052023,,-7.061216983833502,,,,
672,-6.4224197984095,,19.32659066301825,,,,
673,-2.3259065848161002,,10.9543940177875,,,,
674,10.8018481365974,,-2.768684154541,,,,
675,-2.8530505327063986,,-2.3331698240469994,,,,
676,-2.7660665167868004,,-0.6818621606892492,,,,
677,4.506151707118901,,4.236718971856501,,,,
678,10.9532230551575,,-4.349983260211499,,,,
679,2.2611859157197003,,1.7886211449234999,,,,
680,5.955636489701401,,4.23802588726875,,,,
681,9.7453437424938,,16.20705739644425,,,,
682,6.5115571930399,,-12.267570780702501,,,,
683,3.3643625823631,,4.694288395383001,,,,
684,3.9301224975413,,-4.541829266632499,,,,
685,18.5444485521979,,-7.49157673807025,,,,
686,2.7413044025178004,,16.304626473645,,,,
687,-8.3226030869271,,12.87271520377325,,,,
688,-1.0202830625467985,,6.538694160225749,,,,
689,-7.448706027384799,,3.518359962532248,,,,
690,5.5802621668754995,,-0.7771382837964993,,,,
691,8.1141249507082,,-11.569578397695999,,,,
692,-1.183599955976899,,11.28880153129275,,,,
693,1.1098137018074,,20.5025592974605,,,,
694,-4.043829003370602,,-2.16690568637625,,,,
695,0.9081270216709998,,-11.23389686098775,,,,
696,-4.293870575255699,,16.76022090109325,,,,
697,17.8910385910905,,0.2546388518844993,,,,
698,11.798596558183098,,3.6855202267932503,,,,
699,11.318223704969501,,3.568243831,,,,
700,10.8965835111186,,16.20739728260075,,,,
701,7.518402407660801,,1.5974476014379997,,,,
702,-1.8272736219818992,,-4.924205591124249,,,,
703,9.1977135389481,,9.730203671187502,,,,
704,3.441217058552901,,14.073587398205,,,,
705,11.415711500862201,,-9.772120321810752,,,,
706,-7.170035934945199,,6.3478349200675,,,,
707,11.328741227248997,,18.966914120535748,,,,
708,17.450622245407498,,31.512773754489253,,,,
709,5.2550709605430015,,0.4020501324117509,,,,
710,4.909106676477801,,14.574878883100752,,,,
711,4.6027077026118,,29.0160273442565,,,,
712,18.3136076615901,,16.4698497522855,,,,
713,5.7542252276669,,16.08685213051925,,,,
714,4.8420987215077,,-7.083575416127498,,,,
715,8.5740135955644,,33.02409281242025,,,,
716,8.8815811937315,,7.21305846999925,,,,
717,-1.7593636895550993,,-6.605303134812501,,,,
718,-1.231695804653699,,3.974909727586751,,,,
719,2.6938567503064004,,28.561758105673,,,,
720,0.28442415453540065,,-2.6964476995997497,,,,
721,11.6938743223507,,-16.1997765327155,,,,
722,5.8501277646128,,-11.78572640383925,,,,
723,20.798724647374403,,-14.3271619046955,,,,
724,10.1470318508334,,13.784575794022748,,,,
725,10.4174026722229,,17.720021064810503,,,,
726,5.005289893605601,,1.503828516395,,,,
727,-10.9324002415596,,23.475307699029997,,,,
728,4.6793086888412,,-5.8146184944325,,,,
729,17.4791308921352,,24.267250280295002,,,,
730,7.807602302809,,5.4616285647864995,,,,
731,2.6633921135675998,,11.121592292506998,,,,
732,8.267210558515,,7.355603894770749,,,,
733,14.6108715588649,,20.90857465925025,,,,
734,13.352443955115898,,0.13505853792274958,,,,
735,-1.039605664950899,,28.20302081848,,,,
736,7.9798356699669,,-10.01225090610025,,,,
737,10.858098821635,,19.757242792441,,,,
738,16.8932683182206,,-0.008497044804000375,,,,
739,4.3610978470636,,10.450504048400251,,,,
740,8.0285914101167,,-9.43578825030725,,,,
741,8.9194299671802,,-4.207067248209,,,,
742,6.1368442235629,,-2.3331734787382494,,,,
743,10.109699119593397,,7.814139619977751,,,,
744,11.6925609723305,,16.39730411226425,,,,
745,5.5142927292485995,,-10.058876982351,,,,
746,2.7598296971089007,,2.726711947583752,,,,
747,26.872658637172396,,9.034139500867749,,,,
748,8.9482032134541,,5.50924287085425,,,,
749,11.0221998659927,,1.6936812532830001,,,,
750,15.233414867348301,,10.666307050138501,,,,
751,8.448928487081,,3.8287922072704994,,,,
752,0.9459831044993997,,1.719275549659001,,,,
753,11.9039564629546,,15.10535503337275,,,,
754,14.092001444709402,,6.395811040432251,,,,
755,21.8162125201808,,-11.40367900143325,,,,
756,11.6919016662796,,12.27355642066075,,,,
757,14.6481984426017,,14.14458856797325,,,,
758,2.252768818141799,,3.926632459097,,,,
759,0.5056778613881999,,-5.35645482001425,,,,
760,10.7038545316286,,0.9995789238462502,,,,
761,0.8404799358843007,,-6.652928404951,,,,
762,21.1157560462953,,-5.548611475074499,,,,
763,17.6224869287969,,14.3824006153365,,,,
764,14.9446292685153,,1.2869970832472504,,,,
765,10.626738088615099,,4.981390787901501,,,,
766,5.983879951460201,,10.0885689075845,,,,
767,9.9270681039859,,6.085375141002,,,,
768,8.6046039536357,,11.4090374982965,,,,
769,18.0454202974347,,-9.604275166988499,,,,
770,9.2276656426551,,21.9163363245735,,,,
771,2.9031915812747,,7.380242125959,,,,
772,2.9520464345960002,,5.605483832081501,,,,
773,11.943106891416102,,25.5151301022815,,,,
774,-6.642232972033699,,24.748129819039,,,,
775,-2.1811260955633003,,7.738948712073,,,,
776,9.8320523403141,,7.71531844770925,,,,
777,7.519204101101399,,26.114274266634,,,,
778,14.724923688285703,,21.58096031825425,,,,
779,11.576698164039401,,-13.921151661151749,,,,
780,-1.404734374425399,,-14.4019968441245,,,,
781,3.1621566452364003,,-12.121720780317498,,,,
782,0.8794838823572008,,34.62905800177925,,,,
783,15.079943324292202,,-4.8794565619037495,,,,
784,-0.8872933895175994,,27.961298252970252,,,,
785,-7.6601108746888995,,10.2612674905395,,,,
786,8.6032803704835,,-4.351277020421249,,,,
787,9.179175087471899,,15.749873178909,,,,
788,11.9906890362128,,5.676444800262501,,,,
789,6.5603094240154025,,14.575861994674,,,,
790,10.3300412012795,,0.8550511936162515,,,,
791,0.7935810725745999,,-0.2972272378694989,,,,
792,9.361026046748401,,18.870725788525,,,,
793,8.8049845931308,,9.2029494938145,,,,
794,-3.1791668154821995,,9.994606281699,,,,
795,2.9898870222116996,,10.42588189952825,,,,
796,-7.1421734373855,,3.2782162230392506,,,,
797,-2.171391262336299,,6.63655561261825,,,,
798,2.9801858121327998,,16.59136705187,,,,
799,1.2241470968323012,,22.013224165906504,,,,
800,11.2328074054831,,-10.10688380379225,,,,
801,-0.2056522470831002,,1.0228948848807504,,,,
802,14.1487696338315,,18.008732984425002,,,,
803,-2.2962176187798997,,3.9973003245150016,,,,
804,2.3193996091188014,,9.778474357873248,,,,
805,10.589269693941901,,-12.86672956381325,,,,
806,-6.6438144307755,,0.9266846247305003,,,,
807,2.491789691395102,,-10.827216345641002,,,,
808,9.3909702556526,,4.6434089877155,,,,
809,2.7117578238706,,4.5030929237595,,,,
810,10.3503947172522,,5.65148861105525,,,,
811,18.3138497475731,,11.40965733201525,,,,
812,0.40898444955530094,,4.430523892041499,,,,
813,10.868340049359798,,7.83485856008175,,,,
814,14.399061186502502,,18.53431038672675,,,,
815,0.6106857484514016,,-5.380414006465,,,,
816,9.0927085756362,,21.77311697331225,,,,
817,9.793550108318803,,-21.428803065204995,,,,
818,7.8351931824752,,34.677681002249,,,,
819,16.2123931987814,,33.717548261754,,,,
820,18.0642122388714,,-19.4155397964495,,,,
821,12.767452659263501,,-3.485762558858,,,,
822,12.114075444851599,,7.6939160806025,,,,
823,5.350982559775,,4.548792172342501,,,,
824,3.5377920584341,,10.8338612933315,,,,
825,16.105588666183,,-0.4657536285620001,,,,
826,17.277581628337398,,-5.095608222736249,,,,
827,10.828790528766799,,-3.367523516076999,,,,
828,5.898227413494,,21.770829137462247,,,,
829,-0.5308519336421995,,8.937562308172499,,,,
830,7.863962043119301,,22.372609796759996,,,,
831,1.1477963824192006,,-4.68731452560525,,,,
832,9.2175486743847,,-27.329884143476,,,,
833,7.614717193623901,,-0.5133701257619991,,,,
834,12.384325515961901,,-5.500953312724751,,,,
835,3.0662467989101,,-4.808177635703501,,,,
836,5.427451977170099,,-11.21089739441075,,,,
837,15.731782645214599,,4.358594431048999,,,,
838,1.600414916890101,,9.2985633119445,,,,
839,6.2604852896456995,,13.20778421614225,,,,
840,-3.5737380193801997,,-10.777650435188999,,,,
841,6.425238916097101,,12.94495165871275,,,,
842,-6.115474373970099,,-10.515172382675999,,,,
843,2.9416812418087,,22.7559348770545,,,,
844,-3.496203185453099,,-2.1665965012974997,,,,
845,-4.801432877670198,,9.80210974048325,,,,
846,13.976906412318499,,14.864264729207502,,,,
847,17.9010248669774,,1.3592700850899984,,,,
848,1.2155884883182009,,19.58906140615075,,,,
849,15.627319161423799,,8.89222999213375,,,,
850,15.483568418258802,,9.53899577193375,,,,
851,7.393843574517601,,2.6317684012580003,,,,
852,-3.3233172362034993,,9.49170307857325,,,,
853,12.182512238040001,,19.97370363835525,,,,
854,1.8203734016561,,-0.36593326240574875,,,,
855,6.329839264475099,,4.285031323687751,,,,
856,1.2063857779361005,,14.553505753513999,,,,
857,-1.5211372003621992,,14.598539848541751,,,,
858,13.803861995044102,,-7.15388731307075,,,,
859,10.0621155129193,,4.5014848602200015,,,,
860,15.473848203790999,,11.457336694925003,,,,
861,8.6896234993164,,13.783896021710751,,,,
862,5.1679714564236,,40.9867144279375,,,,
863,2.6350012933676004,,-3.726889409921749,,,,
864,12.393267427002101,,1.8152255992575022,,,,
865,8.1334475531116,,-18.454778449300246,,,,
866,5.457145914256401,,1.4318720090167507,,,,
867,22.602333812465098,,-6.0531337058045,,,,
868,7.040258624233601,,0.6629201213882496,,,,
869,2.9416791945096,,-16.70397349604975,,,,
870,-5.1462104094994,,-9.09715591532525,,,,
871,4.199332589432502,,3.4224062582437504,,,,
872,-1.0123863928044,,20.02233760289425,,,,
873,3.2298274154321995,,24.33820028440825,,,,
874,8.717750596424699,,5.557851252564,,,,
875,4.264945038300099,,6.9742267641675,,,,
876,10.042939683532301,,-20.6608247886355,,,,
877,14.3605785443174,,12.919719176633999,,,,
878,-1.5199676996084992,,10.7619464510975,,,,
879,11.2319147847062,,-2.070699080912499,,,,
880,11.6737710781937,,6.922387636621999,,,,
881,2.6246551049682996,,11.649154191401,,,,
882,11.674036263161401,,-1.8772303921957505,,,,
883,21.402736228338203,,14.216514374275501,,,,
884,0.5729626963350007,,-1.9284409130850015,,,,
885,7.989829840656701,,16.088489431574,,,,
886,7.835587012526,,15.05610342624675,,,,
887,4.276718603043,,-14.33105561295,,,,
888,-1.7893020509538005,,1.9354074734864992,,,,
889,10.7812230027275,,-29.559606067013746,,,,
890,12.412835039142399,,32.568167999327756,,,,
891,-5.041082063184799,,19.34928679033475,,,,
892,3.431238092044201,,8.02668482949375,,,,
893,8.1518553122053,,-11.40299411087225,,,,
894,2.7228966434246007,,10.618027590517249,,,,
895,0.7542903040236005,,10.64167393719775,,,,
896,0.7929089006699996,,0.5650455137932502,,,,
897,16.5089555935288,,14.217816907425,,,,
898,15.2812428983347,,-19.484574743076998,,,,
899,9.1212441215544,,-4.4935169148005,,,,
900,9.6776937329541,,-3.893722215654001,,,,
901,10.2153291803856,,13.351624864679,,,,
902,5.974555905374201,,-12.98467988609725,,,,
903,-5.779379710109401,,-15.52805018144575,,,,
904,0.1509248722249005,,20.11728626747,,,,
905,-4.3306697217764,,5.462562701832001,,,,
906,9.889217283237802,,14.12026244898025,,,,
907,16.2024048755949,,34.05486125369675,,,,
908,17.3930649343066,,12.897012085246502,,,,
909,4.0170980332358,,-26.29946070660325,,,,
910,8.940040773320401,,-1.2563805214809989,,,,
911,2.693486604663702,,20.33242996147575,,,,
912,-3.169716171612399,,3.206313808432501,,,,
913,7.6923566971951995,,-1.0405629009809996,,,,
914,12.662088659893701,,-5.3583574498735,,,,
915,7.222902505694603,,8.746722805021749,,,,
916,-3.4290680472755986,,1.598719433506501,,,,
917,9.9659606568574,,-10.3936316913925,,,,
918,-2.047996082443301,,-26.826346487876,,,,
919,1.540024199182099,,10.81051316766225,,,,
920,13.9664105271498,,-2.33608042073225,,,,
921,-7.8616756336988995,,14.76703919285075,,,,
922,8.4115980941699,,12.703543396531,,,,
923,15.5404702235134,,-2.4083190668054995,,,,
924,-2.104402897177799,,9.442077229524749,,,,
925,-0.09934767605799984,,26.7127496227415,,,,
926,16.308576415909,,13.97768632313425,,,,
927,7.288863172066601,,-7.948144776576749,,,,
928,5.8974286438068,,21.989252551829253,,,,
929,-3.6588783153438995,,14.694486243450001,,,,
930,11.8085720155147,,-12.074770900228248,,,,
931,18.3524762390235,,15.464701190210501,,,,
932,13.4198191319774,,-17.134621970785247,,,,
933,20.769816323091398,,-10.1059080015995,,,,
934,22.227990697600703,,2.2458470276030003,,,,
935,-2.5365228955627996,,18.3661706655825,,,,
936,7.922702011859199,,4.787249636250501,,,,
937,2.7025463422327003,,26.042322877503,,,,
938,6.0120281002525,,-7.5647875316442486,,,,
939,4.4491183330285,,15.75247897277625,,,,
940,12.2013103180113,,-3.316305685808249,,,,
941,2.7024074640178006,,1.357987288949749,,,,
942,4.458331861965499,,-1.5681065264269995,,,,
943,0.6206559437037008,,9.25158857660125,,,,
944,12.6041395660393,,10.78587640003,,,,
945,-1.0582482006475988,,5.149230096901751,,,,
946,-8.207356604860498,,14.983171116675749,,,,
947,5.1774422755261,,21.02942315059275,,,,
948,0.2940329753999009,,-0.17568654658500016,,,,
949,-0.8381727658058,,4.262331541678252,,,,
950,-1.3169741023779977,,13.112542448804499,,,,
951,1.5315869263709,,-20.614485969327752,,,,
952,12.1918415462066,,9.6115560307145,,,,
953,13.6493662623753,,-6.892690593140999,,,,
954,8.7575334317446,,9.587577107257001,,,,
955,6.6083821737069,,11.029250885357,,,,
956,5.907413457818199,,35.51790816138625,,,,
957,15.8379419050983,,1.3592971314749978,,,,
958,-3.265494449104401,,-2.4086933087295,,,,
959,13.1319352195709,,11.312784109439999,,,,
960,-6.950459290829701,,26.569866502949,,,,
961,12.8637674452282,,5.0306292398242505,,,,
962,12.4313734906172,,7.906161605550251,,,,
963,5.3029103955071,,11.0742776710055,,,,
964,5.302764498941301,,6.828408928416001,,,,
965,-0.4642234809943995,,16.638703601509498,,,,
966,-9.541103715060599,,20.52327092818475,,,,
967,5.618631953582399,,14.553505753513999,,,,
968,3.9025266468252995,,6.8523768878040014,,,,
969,9.524350834982004,,0.42411911663,,,,
970,18.2176679923216,,5.1236233729002505,,,,
971,10.197187482714,,-8.762748401820499,,,,
972,9.974748485501701,,4.190068040353001,,,,
973,3.172663348959501,,-17.49494539337325,,,,
974,2.3656567088898006,,30.503714674266497,,,,
975,11.193676566833698,,-5.141914877408749,,,,
976,5.1203951591295995,,-9.626328068890748,,,,
977,3.3547549323430004,,6.541652267879,,,,
978,6.3582388559297,,22.901083904561247,,,,
979,6.799821778614901,,8.387022870841498,,,,
980,-2.9017825884476993,,14.120622072144,,,,
981,5.158762313113799,,7.213380082706251,,,,
982,14.0723174679196,,7.47517324466,,,,
983,15.617460654166402,,9.8260872003835,,,,
984,6.9050623949836005,,15.10501733834575,,,,
985,18.1123162733806,,-6.799120482623749,,,,
986,-1.6449051586215007,,4.309010247144751,,,,
987,21.4128300976231,,36.7165436856265,,,,
988,1.2637933922680005,,-2.240185191484499,,,,
989,11.721215806652001,,10.7619464510975,,,,
990,8.6607221933847,,1.1910726164810002,,,,
991,14.658442594078702,,21.8923537464265,,,,
992,5.7155826555809,,-7.373290184319499,,,,
993,15.885755902747599,,-9.39011092986375,,,,
994,-8.073445949987203,,14.864595842425999,,,,
995,-1.0306617066116996,,-1.3775798630464993,,,,
996,9.006419830606,,-6.342857974509249,,,,
997,13.189109519175199,,13.9277878359035,,,,
998,7.1828413285220005,,10.786243332573001,,,,
999,12.739736934721302,,25.371241942779,,,,
