,GYN,Adeno lung,CNS,Intra cholangio,Adeno pancreas,Mixed neuroendocrine carcinoma,Neuroendocrine carcinoma of colon,Adeno anus,Ameloblastoma of mandible,"Extramedullary plasmacytoma/myeloma, kappa type"
0,0.765341298599294,1.1726807063950333,0.5999472125064043,0.41678255912012746,,,,,,
1,0.8450426468501441,0.7022971066393526,1.1688129739613458,0.9881617535163395,,,,,,
2,0.560370597899394,1.126803124953129,0.8542109001634589,1.9912386167289509,,,,,,
3,1.4680818662105952,0.9663543275845607,0.8293811064128845,1.5477986124466958,,,,,,
4,0.9623920407771462,1.0207819617511233,2.324116984711441,1.0666770731114088,,,,,,
5,0.6727208160503962,2.100316939219922,0.9482314564084624,1.4234599299638295,,,,,,
6,1.480320081792948,0.5280888923753095,0.4909545765289273,0.4513699952879809,,,,,,
7,1.319274286851581,1.227124175096341,1.393109186892591,0.7924160819370687,,,,,,
8,0.9846878695305473,0.844419125456829,1.3413414611980687,0.935170541822437,,,,,,
9,0.771702418249795,1.1719186705098392,1.8735696154115484,0.964052728025099,,,,,,
10,0.9507740720392001,0.37479190692814784,0.4704355103237813,1.3131327674359166,,,,,,
11,0.48110487492685444,0.9979149142417711,1.5087870536540313,1.4202707751958152,,,,,,
12,2.42880897062118,1.1266575432869108,0.8218281210746524,0.7715787433439983,,,,,,
13,1.2840105267016921,0.8916880181280972,1.7912753496192266,1.088577353810234,,,,,,
14,1.3455048540849532,0.8438753396304876,0.6889629660665632,1.1283725586154894,,,,,,
15,0.7768172415933974,0.5738674149392303,0.9956650467695953,0.9821592239763702,,,,,,
16,3.1137242670453458,1.3521369426931615,0.5598514909942558,1.4710503070865235,,,,,,
17,1.0929709012329325,1.2413049258247577,0.521470296320175,0.6540123908790869,,,,,,
18,1.1161043238414488,0.48497460986695623,1.3175276999158732,1.1244988220869767,,,,,,
19,0.7789716496469441,0.47650529868329317,1.3190049577505754,1.0460194354043262,,,,,,
20,0.548952698269021,1.0768671425159222,0.2685962814799376,1.9279469281847559,,,,,,
21,1.2854829958710348,1.1315621468688721,0.599694681588136,0.45524058053328476,,,,,,
22,0.9006023184366995,0.49253801204916836,0.4667751534683884,0.45031543182373995,,,,,,
23,0.7180720000759804,0.6877597784222778,0.5431922413404592,0.6013931441947713,,,,,,
24,1.6569825643910552,2.651098000357144,1.4709370867244889,1.5255139793458738,,,,,,
25,1.7919427656268725,1.0796874896412405,1.5394251603552895,1.3283594042170261,,,,,,
26,0.7495028300694163,3.0224796972259975,1.6512080167792307,1.284109699273263,,,,,,
27,1.2823873894617681,0.8731910154221413,1.0159842123409508,1.8664559121266397,,,,,,
28,1.1952377456890722,0.5172000574961853,0.7571718116311339,0.3118552558754143,,,,,,
29,0.7519141482364319,0.41300195523715033,0.7352731156275372,1.4747147198024801,,,,,,
30,2.445863715182488,1.0044770138872918,2.1520295020940976,0.5985844341677932,,,,,,
31,1.1028395167154312,0.8641457289686265,0.5322719146292145,0.6962028864525022,,,,,,
32,1.3514744515585524,1.0827317354688337,3.4035770591333203,0.2139742962220403,,,,,,
33,1.0061274285821213,0.6384260562737629,1.2978151534573756,1.706951513547844,,,,,,
34,0.44986357177549924,0.7191099217338075,2.575673057723133,0.8599276856667103,,,,,,
35,0.2809047144920388,1.0200531212305248,0.5405821867262044,0.6139328806333626,,,,,,
36,0.8643441021466086,1.3451381572016177,0.9083752062049304,0.5309532028426716,,,,,,
37,0.5595435962542039,1.4622348403881615,1.0479673958177183,0.8012569281873407,,,,,,
38,1.1691948415537399,0.8356265912738826,1.054802812813505,0.5391960007660553,,,,,,
39,0.8509605728522239,0.5493718946615255,1.1383367536527265,2.068574679199907,,,,,,
40,1.3035354638461591,1.3267215489736854,1.0841933024367096,1.0415442280615603,,,,,,
41,1.269997002301083,0.8095739462569835,1.6083177477601387,2.29957774661262,,,,,,
42,1.107186498556917,0.9628410973654091,0.5312914021210509,0.553210473117699,,,,,,
43,2.4699633958025604,0.7978912672395767,1.0979009119326546,0.7253625272567836,,,,,,
44,1.0165889196062246,2.153552449925936,1.3906445124446651,2.608320128684974,,,,,,
45,1.6595672729704323,1.5823782296122406,2.4986129888866477,2.4066380109653918,,,,,,
46,0.737413545825393,0.7306153317568466,1.0702252579159015,1.9423136959475373,,,,,,
47,0.8086583388277643,1.1816947668364002,1.1996543165631826,0.9174170689826447,,,,,,
48,0.6529755469116351,0.9096973716733346,0.6289356402624509,1.2356277745915194,,,,,,
49,1.673443184182822,1.9471269521471501,1.326740902761209,1.3306554571504545,,,,,,
50,1.2460854310124643,1.3146509587301665,4.124223994228356,1.9863850182599962,,,,,,
51,0.8590152279859592,0.6063124698972039,1.017768325810283,0.44181040088613693,,,,,,
52,0.604917160740846,0.21233135362321173,1.1600841269125715,1.3275650248984656,,,,,,
53,0.7671900249757931,0.8977930195379228,1.3946133277084247,1.1987599805321316,,,,,,
54,0.6158721333914653,0.539751215816435,0.5965199370780184,0.791414367300438,,,,,,
55,0.7583087928611851,0.6809286052110248,3.6948191042114233,1.640165233031094,,,,,,
56,2.252554381423967,1.248920682243253,0.5205369444247737,1.034838912428291,,,,,,
57,0.8218281210746519,1.4955039720237837,0.9205779539791131,1.1681218796465378,,,,,,
58,0.6847795220961834,1.14425120116951,1.198074403795411,1.2590521738668543,,,,,,
59,3.5040488288845335,0.8034227373583194,1.8478892291082407,0.8736679943268361,,,,,,
60,0.7455298968159639,1.0584276051378816,1.4260323460295057,1.787204305946219,,,,,,
61,1.563490929942558,1.7652719640536956,0.991576707391552,1.0642892044236478,,,,,,
62,0.9894892409034175,0.7840716961865295,0.8711311962718877,0.965869306984801,,,,,,
63,1.637188211847634,1.3546867602940702,2.2873961078356335,0.8048593917413903,,,,,,
64,1.124986464330304,1.2051144038128696,2.0523089546060937,0.9160622815037797,,,,,,
65,0.8285834568720447,1.2423210154959798,2.1059000884645656,0.7899263826530566,,,,,,
66,0.7054412948943218,1.4955039720237837,0.9007561984935969,1.1198931597419475,,,,,,
67,0.9383625008642597,1.0137372357224508,0.7479702374488642,0.6606473045610584,,,,,,
68,1.2794153741197647,2.0077678346511267,0.4503154318237401,1.3171714800888514,,,,,,
69,0.4014615174888819,0.7404613095185899,1.1506667457575717,0.4174164040034839,,,,,,
70,0.9235922503464037,0.8898707771944555,0.713667058797278,2.6567655726681796,,,,,,
71,0.4278859227347213,1.0069176613227295,0.7219996157976806,1.1064881018177641,,,,,,
72,1.267589283108311,3.173971346642714,1.2051144038128696,0.3730623467705698,,,,,,
73,1.634413063676389,1.1647262992687029,1.9015942788207787,1.10013212177287,,,,,,
74,1.2189750849466394,3.8749834264166254,1.508902073215922,1.1379236235382415,,,,,,
75,0.6686940642269867,1.0020851698124862,0.35795153093654825,4.157703777198163,,,,,,
76,0.6084176409965074,1.1955668993642588,1.770702934781672,1.0590396730435463,,,,,,
77,0.6419356113952308,1.7078707332970184,1.1591744671298572,0.5291614845279977,,,,,,
78,0.7432973167292791,0.5502859964711113,1.040308498919185,1.7290170028165877,,,,,,
79,1.5473386153677127,0.7306153317568467,1.453623698763004,2.3397568894151983,,,,,,
80,0.5333906633637806,0.9526805354468391,0.6194743517132626,1.14082295586117,,,,,,
81,2.4708636022608013,0.750019383031418,1.3710520344807737,1.8112027088980835,,,,,,
82,1.1053876574369677,0.4676511424360247,0.4834892000508282,1.0360243921921715,,,,,,
83,0.9899441361844858,0.7542772217147132,1.6677617922394385,1.600639370137442,,,,,,
84,1.5484120247103106,1.6785994811229843,0.903686379747771,1.3673773812637158,,,,,,
85,1.208230602843947,4.546690123439378,0.7238228521982188,0.9009495631883587,,,,,,
86,0.7336739072429025,3.8749834264166254,1.2297643698626,1.7381748625776001,,,,,,
87,0.47269919412707867,2.3110678326399654,1.2337260419865892,1.1077021428005631,,,,,,
88,0.6113691130669193,1.6169013288754295,1.1892000130780203,1.9580781125264737,,,,,,
89,0.40621209978856393,1.1865598047093613,1.8733699387321532,0.5229936081528214,,,,,,
90,1.5718490326987016,0.5599791146241614,1.9591316601990338,2.7038753670044042,,,,,,
91,0.9056808858552899,2.1576373316168813,1.049641777073228,1.4565660309543897,,,,,,
92,0.6788019535726957,2.229482180739453,0.7946439271518783,2.117023078771832,,,,,,
93,0.7551875686942485,0.9732058588079624,0.620207165755161,1.3368325663409557,,,,,,
94,1.223365412973344,1.3267215489736854,0.9651659043844381,1.1080087040419688,,,,,,
95,0.7743539569272813,1.1053876574369679,1.2225414171454525,0.19362773356498286,,,,,,
96,1.8835939509749362,0.8528388098724003,0.7247136787443688,1.2337262231794017,,,,,,
97,0.9675243462695786,2.972157035301881,0.8293811064128845,2.1119933861118345,,,,,,
98,0.7686309177101347,1.2557117495617276,2.378522400932294,0.5759918648139305,,,,,,
99,0.8967437526830835,0.6816094906265373,1.0803272131347414,0.9328725958198071,,,,,,
100,0.8186948537602542,0.8218281210746524,0.9221353551930928,0.3719762100772418,,,,,,
101,1.5424663498132256,2.0964154857342154,0.9577129105477373,1.6068554395507928,,,,,,
102,1.7359658081391403,2.8572106858541564,0.3459968959820597,2.061730183535769,,,,,,
103,1.7147985314636978,1.2116877625369236,1.3546867602940702,1.9126719994504517,,,,,,
104,0.827975964625064,2.324116984711441,0.5986137921294473,1.088806368346148,,,,,,
105,1.0366330676350304,0.9263832301170123,1.8490785363944242,0.8590885016046418,,,,,,
106,0.7652843701401894,0.9944300638671042,0.9196948043516253,0.4820832135843849,,,,,,
107,0.8839692058159231,1.068186920138743,1.6066020793619307,1.55664833332339,,,,,,
108,0.5754406632008305,1.4803960773823248,0.992763182722215,0.6351018956199067,,,,,,
109,1.0767864884725555,1.0460819609188805,1.9349901526285114,0.460027862624139,,,,,,
110,0.8288217957420043,0.7633670157744609,0.7961479943584929,1.0373590756085398,,,,,,
111,0.8178911016807209,0.7357883723795998,3.086580070996291,0.9037208476466286,,,,,,
112,0.7747135686355359,0.6128485217505012,1.2457104367117404,0.6068735734171029,,,,,,
113,0.5276868257101616,1.9397710033965572,0.9037091238461004,0.9523494919292741,,,,,,
114,0.700344884955348,0.6912683505213105,1.5906593191356078,3.1608547892700476,,,,,,
115,0.8092872647544824,1.3753639513273188,1.7923743918086834,0.8048593917413903,,,,,,
116,1.050483866911088,0.6431790401899012,1.0077461127757235,0.9861569752175942,,,,,,
117,1.226119913738795,1.1549407541328343,1.0794939428075452,0.98657952398002,,,,,,
118,1.664252300302813,3.383836249698024,1.404669203880501,1.9580781125264737,,,,,,
119,0.8463779345647923,0.95949674558758,1.4248989224528554,1.2743593702476104,,,,,,
120,0.8376392130735516,0.9022659762333709,1.1986464730974622,0.7068023949909036,,,,,,
121,0.8491497701690567,0.9972589888767722,0.5517900549619319,0.9789251073542454,,,,,,
122,1.3924826992953165,2.8013788013122567,1.2002410738207674,1.1977183213072817,,,,,,
123,0.6928691333412421,0.95949674558758,0.5985598214924822,0.8757635426660233,,,,,,
124,1.0806604177787213,0.4600278626241388,0.941924009210849,1.031369724699994,,,,,,
125,1.331611486994299,1.481882451277691,2.9736541064758844,1.7531709009283991,,,,,,
126,1.2494053440958504,0.7812342207678645,0.6530819616403014,0.8255499058980216,,,,,,
127,1.9787221894327829,0.7353721946060747,1.1831656494256466,3.0224796972259984,,,,,,
128,1.0131829708053046,3.086580070996291,1.2274004777137668,2.1297770765983692,,,,,,
129,0.7696357533132572,1.3418899375161604,1.6963927723001806,4.821382336322845,,,,,,
130,1.9558100197790333,0.7892885909151726,0.731138814848698,0.8995874927106758,,,,,,
131,1.792991836697259,1.007484065242749,2.194801005832676,0.6435186097394822,,,,,,
132,0.6646545246354489,1.3906445124446651,1.2018157332361303,0.8784479972922942,,,,,,
133,1.2364222079187057,1.5092765396033483,0.6260645788358763,1.073338619210052,,,,,,
134,0.9742722893938354,1.31305643628549,2.267575133587874,0.8354002142073327,,,,,,
135,3.1488580007836977,1.2125598041078924,1.325880726831411,1.282666236072534,,,,,,
136,1.4988199073249961,1.7747531918613062,0.6091933657216319,0.8721074564405656,,,,,,
137,0.9824290996050111,1.513310074637841,0.9436862967821028,1.0571749013110128,,,,,,
138,1.8641907676286436,1.422956105231538,0.5158587954679532,2.801378801312259,,,,,,
139,0.8225466241558075,0.9779938672309256,0.6962278624650559,1.1500690926743613,,,,,,
140,1.2417137176307345,1.360141443274987,1.040308498919185,0.9142330451995245,,,,,,
141,0.5964806320817115,0.7370315901709714,1.6548292024788531,0.49136226325491333,,,,,,
142,0.8745283529530018,1.8320572989641997,0.9244078147226625,0.7174273283417933,,,,,,
143,1.461345335074164,1.0151919271276133,0.7812342207678645,1.1524147797163855,,,,,,
144,1.393109186892591,0.7457136802223733,1.1770064516970897,1.527374613563959,,,,,,
145,0.5433751037211729,3.8005489744876066,0.794363316422778,1.2918684109731258,,,,,,
146,2.0399457021567953,0.8048976303656522,0.6871074212350442,3.0224796972259984,,,,,,
147,0.6263621309273734,0.7693415871776274,1.2316041630122776,0.7095453844687671,,,,,,
148,1.0091221847648402,2.4627121619306953,0.8187492704734235,0.8591276765286853,,,,,,
149,0.6422152157124826,1.2618611906632018,0.8213767437170669,0.6429399055791906,,,,,,
150,0.8102449032035884,0.6222730114024775,0.5036737020072252,0.8669267124001913,,,,,,
151,1.2050927776408327,2.485144189364822,0.4449879241230606,1.766101829985624,,,,,,
152,1.260798445820206,1.171993508384787,1.006427596987267,0.5505398126480554,,,,,,
153,1.5637713645678524,0.4257524916493411,0.7124689915709609,1.737229663221997,,,,,,
154,1.0961055641820663,1.9170669163225185,2.2355097099989067,0.6068735734171028,,,,,,
155,0.8225322593015237,0.5525914701019975,1.866964507228603,0.8933711487464908,,,,,,
156,0.8343562333797095,1.1335678557491875,0.9117498435099196,0.8059608509110474,,,,,,
157,1.1308193934038524,1.2373568512788922,1.0500877496949457,1.1513180548753341,,,,,,
158,1.947215231697355,1.0273368428352503,0.43172581835403806,0.520172103851343,,,,,,
159,0.8867567890979839,0.6089279278010656,1.2069888979227446,1.4234599299638293,,,,,,
160,1.2840105267016921,1.099406068510162,0.6707137476291417,1.2564483335281218,,,,,,
161,1.3004607408733946,1.360141443274987,0.37520590434076956,1.2595385437332105,,,,,,
162,1.6470024111200707,0.6723019509105576,0.6136041957410553,1.5818224033988253,,,,,,
163,0.7535681585905111,1.5236170092115715,1.3875478774841699,0.5680512050104749,,,,,,
164,1.205546689849651,0.7627220650804926,0.9512151050047393,1.9279469281847559,,,,,,
165,0.5947839961121529,0.31585793162936704,2.123310307929924,0.9813730965171209,,,,,,
166,1.0832142728248233,0.6642967113549761,1.585661421767286,1.1077021428005633,,,,,,
167,0.2565592547585642,1.563771364567852,1.1039947844402835,0.5715666018890005,,,,,,
168,0.7292614410039933,0.49136226325491317,0.892173379394622,1.031498079260184,,,,,,
169,0.6412431542190066,0.20640677159292117,1.6548292024788531,0.5725439711527783,,,,,,
170,1.0670033346451133,1.0529545526704258,0.7875283962391474,1.4771851763127228,,,,,,
171,1.93139768387596,4.1182053436522805,2.948854144586075e-08,1.0619427075020802,,,,,,
172,1.5341978810178065,1.1693557382955122,0.4037501337539244,0.4402024188393421,,,,,,
173,0.6853336111404484,1.285618504331206,1.4260323460295057,5.2187347719113,,,,,,
174,1.9952321092875802,1.529753625492921,2.1533062408892185,1.2418657496552212,,,,,,
175,0.6899164304531669,0.7708182087493303,1.734835974564154,1.02178912932985,,,,,,
176,1.1134178110617998,0.8209962500197111,0.6223219952611293,0.6953757087781418,,,,,,
177,2.0416391828746128,0.663328920827783,0.41110260238473517,2.3532090079677785,,,,,,
178,1.3754753882285198,1.6932186929803237,0.33447659760505144,1.6333006994008832,,,,,,
179,1.5180741433921712,1.414075439960303,1.6238139980526307,2.0465087779311215,,,,,,
180,0.744298753138304,0.8597202442509024,1.2508685666936066,0.8059608509110474,,,,,,
181,1.1172260861755516,0.8619789066395503,0.8590206888918802,1.1516376142404394,,,,,,
182,0.9454589304992286,0.8705560242950829,1.03735907560854,0.3395431231892054,,,,,,
183,0.935068927097011,0.7919739544972915,1.7995070167937395,1.6785994811229843,,,,,,
184,1.2839756735624377,2.7160577505288006,2.601093798433418,1.2403409604309907,,,,,,
185,1.4008035352833692,1.121351418440025,1.6752704817350796,3.9377022416867185,,,,,,
186,1.5921978696922514,1.5767222397218026,0.8040236697331256,1.4234272683691547,,,,,,
187,1.1992516153780997,0.8742705204676827,0.8855668995715251,1.0194777041109677,,,,,,
188,0.7824332487579069,1.456409197958995,0.9310701075009057,1.7890534383991832,,,,,,
189,1.5478226127182075,1.0927979785324478,0.8670440154063173,1.3367958387477121,,,,,,
190,0.8675428782891081,3.3803808839393623,2.2284107682317478,1.4548706036633994,,,,,,
191,1.2281454541104313,0.6065794849222083,0.9266010187878607,0.9774667527829715,,,,,,
192,1.4175283424784066,0.3699300350623816,3.5857016456402584,0.7040370015967712,,,,,,
193,0.7703973252907372,1.2119633789782398,1.0441043885673178,1.9258326775489636,,,,,,
194,0.9603111867421706,1.0336587448504175,0.6821408111922717,0.5760207710685135,,,,,,
195,1.0021245686002644,0.6956579827612177,1.0,0.6953757087781418,,,,,,
196,1.4169974230373035,2.3433983542162897,1.2976326799664597,0.4875258993801048,,,,,,
197,1.3640572945345513,0.4080673162316263,1.1032777535086353,1.4511161008701894,,,,,,
198,0.9770819031829941,1.05468812066899,0.6464487097232751,1.7388364270528478,,,,,,
199,1.154443979550409,1.0829830627599903,1.1634584126144134,1.6242834036642642,,,,,,
200,0.7605799360471166,0.8013598066315897,0.6142666171375015,1.227185283713495,,,,,,
201,1.0764240438311798,1.3012693900236152,0.9322599511561578,2.2810593025376984,,,,,,
202,1.4642601766796486,0.7015513081279794,2.2284107682317478,0.6557832587896529,,,,,,
203,0.7001755072737487,1.6538716054550082,1.7150802224004842,1.182213752252219,,,,,,
204,0.5643373232630897,0.6851693452055171,1.0690350849154417,1.116472042914444,,,,,,
205,0.637549603190754,0.39218374741187795,0.9932367352900786,0.7562745870563615,,,,,,
206,1.08354563215731,0.7284482112635772,1.0007748642918846,0.9695004464160524,,,,,,
207,0.8777474494569572,0.7471830608681224,0.5651304754965366,1.8664559121266397,,,,,,
208,1.6030857716684148,0.5248623887921123,0.7346864862172934,0.668987282234152,,,,,,
209,0.8733488905273894,0.6534170791553225,0.4399566236055471,0.8051371392267103,,,,,,
210,1.281785449129686,1.3414751233556388,0.948296005647181,0.5592939551262393,,,,,,
211,1.037076834177857,0.8997101878359066,1.8833730137167135,1.3232683375423788,,,,,,
212,0.8740055818175206,0.7226721850743594,2.1661331379953617,0.46999690984227727,,,,,,
213,0.8323878531244575,1.9501223698855183,1.528075484070752,1.2175962437433774,,,,,,
214,0.7284734909720687,1.7908806848590508,1.5997949757305612,0.4345515427989776,,,,,,
215,0.591774658886063,0.7074022240713468,1.4955039720237837,0.8077639008285825,,,,,,
216,0.4217741781011416,2.455250565079049,1.2675763650255782,1.5071481050128108,,,,,,
217,0.3223246749121708,1.9977527224759526,1.254061365171584,1.1985495418363816,,,,,,
218,0.6368408043620212,0.7483614720068379,0.8528748534911594,0.5680512050104747,,,,,,
219,0.6719308661782132,1.1915474563722979,2.152144893620751,2.1728469083206825,,,,,,
220,0.7550699266670889,0.5724773999840974,1.6313354915262204,0.34352425047812385,,,,,,
221,0.7055669460565339,2.586961027503176,1.6963927723001806,2.4959025008050832,,,,,,
222,0.8937658578778824,2.328856241316452,1.0782650825892088,0.831320278069383,,,,,,
223,0.6923657261180709,0.8379581987590486,0.48350187742128714,1.122216336499358,,,,,,
224,1.4436078161821542,1.2511872311522798,1.0024401856070175,0.8959249859463156,,,,,,
225,0.7444271144502663,0.7394647259508755,0.43126593840849314,0.19461833875014964,,,,,,
226,1.9450845781817174,1.7372296632219977,1.647925830943012,0.5132927126706945,,,,,,
227,1.4979786829185595,0.6198555021725741,1.736907882488243,0.7882087648999464,,,,,,
228,0.913021995933322,1.699670791776535,0.9977443676228184,1.2082285964422321,,,,,,
229,1.9879686149492461,1.7527314327907728,1.052189582351116,0.6366097581974618,,,,,,
230,3.603589883755256,2.0719778247084744,1.8333525337210035,1.004330277021008,,,,,,
231,0.4889474255633984,0.7816921475688889,0.715650517143014,0.9465208436153549,,,,,,
232,1.1153702228958173,1.041185892631531,1.3588199677106643,0.4799794999910708,,,,,,
233,0.7432724598920752,1.2201105726744912,1.6286974043509352,1.197960163725451,,,,,,
234,0.9597309258812077,1.9471269521471501,0.45880307383408586,0.6739758168127524,,,,,,
235,1.0029288646905357,0.9005511267813092,0.6453541303011374,0.8124811003447054,,,,,,
236,1.0134546874764585,0.6453790645591777,1.0726606139425472,0.5391960007660553,,,,,,
237,0.8326881593054184,0.7423276002143055,2.4282068899766394,0.9110756157340865,,,,,,
238,0.7385281779840489,0.7126715569949714,1.146944972533114,0.7275464733723268,,,,,,
239,0.7280951992462242,1.1482164192624469,1.116377742688158,1.6333006994008832,,,,,,
240,0.9042060731087843,1.0238181075122665,0.7247743940512786,0.9910802773106343,,,,,,
241,1.156009898865121,1.3110279588040636,1.2111842285379233,1.5261972977588554,,,,,,
242,1.7148920023039276,0.8614142799587761,0.7378356023417155,1.0163196152472262,,,,,,
243,1.208287114954114,0.8615351231370106,1.0075703299064536,0.5716056856264096,,,,,,
244,0.9157636652709789,0.8086583388277642,1.36459547317654,0.457107917474881,,,,,,
245,1.4608929174070313,0.44428845446635473,0.9874966280724855,0.4466840438488163,,,,,,
246,1.361042331660526,1.1445901463440422,1.214339877767983,1.451406952368872,,,,,,
247,1.6651766387926858,0.5387889804694135,0.5201275558596438,0.7071933604377424,,,,,,
248,0.9659582247229389,1.5486030850792536,1.81909585956818,0.44953673742932054,,,,,,
249,0.4603560646760412,1.039254160336427,1.2111463940466476,1.0943833577950903,,,,,,
250,1.390711943457128,0.2640883800182325,1.1427086515898452,1.671429937739506,,,,,,
251,0.672538306334014,0.876671193323481,1.4693436776426583,1.6074312665670267,,,,,,
252,0.8703380759006879,0.8476940088005597,0.7470668561974022,0.3340434556802765,,,,,,
253,0.9753741097048605,1.2654545579839356,1.4903335661921229,1.0818790139164904,,,,,,
254,0.396686880586432,0.8732712936805886,0.7902122389086467,0.8048593917413903,,,,,,
255,0.9667871714711,1.0478678172129974,1.3521369426931615,1.527174551901858,,,,,,
256,0.603642866248054,0.5519294733753544,1.7192237351235853,1.0415442280615603,,,,,,
257,0.9284809458343662,0.5032735760978623,1.4532758701422812,2.4066380109653918,,,,,,
258,1.3583331367078195,2.0516323800345195,0.5027713609893608,0.7540093023694812,,,,,,
259,1.2059957585470518,0.9986399331904485,0.8294169197191411,1.9863850182599962,,,,,,
260,0.8169040401375243,1.5286868294085212,2.586961027503176,0.9421929545929577,,,,,,
261,0.6487776616130713,0.7816419488818883,0.8953602945457997,5.676016594291937,,,,,,
262,0.7769763296507115,1.2281142115678905,0.789787163667439,1.3979510378935724,,,,,,
263,0.9949821023223246,0.9234326075565109,1.8954123325692094,1.169966528426162,,,,,,
264,1.169761988092348,1.1740168504899051,1.397513993275943,0.896536244996123,,,,,,
265,0.8821214956896777,1.0171725368626112,0.5287282400194752,1.8664559121266397,,,,,,
266,2.013345743434308,0.9527788203195683,1.092779945995325,0.6395335446145233,,,,,,
267,1.260178993063056,1.1810776842445114,0.905880209510951,1.9279469281847559,,,,,,
268,0.7795831395663377,1.4667897027817878,0.9594656679234271,1.5317322912251319,,,,,,
269,1.1631274627296586,2.7345866088952566,3.5850653861921455,1.2913187562033392,,,,,,
270,1.063447841587573,1.0272491538124842,0.8459773495515089,2.3145311578682706,,,,,,
271,1.2865396326664094,0.38191978384045827,0.42439907750579575,0.950314894503839,,,,,,
272,0.4804868324858427,1.266114059579076,0.892204826805059,1.0852053073716208,,,,,,
273,0.6897804502779047,1.168910111855812,1.4641458788039285,0.46100252249097584,,,,,,
274,1.4267281441069688,0.5341815518734684,0.6375496031907537,0.756760311376001,,,,,,
275,0.745213266704763,0.8366002996148323,1.0569815185902725,0.7049555242473543,,,,,,
276,1.390045263452864,1.2668449740947756,1.4260323460295055,0.5356783066377877,,,,,,
277,1.3074006997615708,0.8385204993591412,1.4159845099971538,1.2515436439650407,,,,,,
278,1.5055583437622455,0.8426455018215223,1.3180323700743364,0.5143793693022358,,,,,,
279,1.4752244688442548,0.3388262864979403,1.1872780340080455,0.7380571750619173,,,,,,
280,1.1249226212724281,0.6351018956199068,1.5788375243148804,1.0584276051378818,,,,,,
281,0.6773904072403135,1.2222278014988726,1.1353909280102215,1.4361595134468819,,,,,,
282,0.830068042894971,1.0394433009672095,1.259816816536494,0.49806667219032147,,,,,,
283,0.8013598066315899,0.6809286052110248,1.0402054826756304,0.7794880374664169,,,,,,
284,0.570161739562768,2.0964154857342154,1.7105464671243444,1.1503730846980142,,,,,,
285,0.6207412057345928,0.7184258022100902,0.9083752062049307,0.7861134958187561,,,,,,
286,0.8348200548768296,1.0529080819924714,2.5425802122861247,0.36790642214101055,,,,,,
287,0.9331550832714545,0.7678338805322334,1.9028490280990682,0.5132927126706945,,,,,,
288,1.2718626047366028,1.6882325903162503,1.2476555075040876,1.1940289961992039,,,,,,
289,1.4108124822901298,2.171079296633395,1.0851143055085577,0.8870688671136705,,,,,,
290,0.7753404008879601,2.286664796009185,0.7572081331910131,1.6891744396731978,,,,,,
291,0.7882602497410921,0.8641457289686265,0.4188693083662076,2.517404785884694,,,,,,
292,1.2403804700079464,1.9100956240257074,1.1550956780958601,0.9059398318507671,,,,,,
293,0.597279164641651,0.42363940898168,1.2189806202857656,2.7339640849845264,,,,,,
294,0.7642944271292359,1.2955019225023887,0.49797864057686847,1.6625701326108497,,,,,,
295,0.9767668030848597,1.2866435815044446,1.2559894986412554,0.9787325513308046,,,,,,
296,1.4440032010713566,0.9484320898989494,1.377003624259074,0.5288517238742734,,,,,,
297,0.4968248671805891,0.7040569526539864,1.5990139643034442,2.5756730577231344,,,,,,
298,1.3653057579955457,1.2978151534573756,1.0272710754673768,0.609896033058008,,,,,,
299,0.8116865411481821,1.135728587395658,1.040308498919185,0.6956838836320235,,,,,,
300,0.9007561984935972,0.8784479972922941,1.5594943063665179,1.8113986774936608,,,,,,
301,0.5367631873433228,1.0453033967713337,0.8362643438015707,0.47650529868329283,,,,,,
302,1.5055016167986324,0.8356155295421193,1.8033814991853794,1.5990750672975294,,,,,,
303,0.62172318226366,0.7612847416506701,1.151353034944713,0.9183750643708,,,,,,
304,1.6065387381867604,1.2646422387090628,1.570488884353087,3.8456554195528696,,,,,,
305,0.6875329272293228,1.3969681403867114,1.3319877216613032,1.314650958730167,,,,,,
306,1.1483876683630936,0.8700649604325565,1.1563351803840343,0.9033682714242154,,,,,,
307,1.334573887149294,0.8624701616505759,1.154878842444794,1.282666236072534,,,,,,
308,0.47233780468660935,1.6463879965764143,2.5135539871278065,0.4597408687010494,,,,,,
309,0.8544005291039679,0.5328154211419406,1.7305309284435635,2.5756730577231344,,,,,,
310,0.8896174038881355,1.5906593191356078,2.4019995718779366,3.2684016514385563,,,,,,
311,0.7733080570820232,1.8106158912469699,1.1952216274221592,1.8113986774936608,,,,,,
312,1.5243775592694635,0.698172811705668,0.8695587693759971,1.2422292313726184,,,,,,
313,0.42162029077144625,1.243073005513218,1.0895984064757056,1.3519687823628648,,,,,,
314,1.0565618601092923,0.9779938672309256,1.6019309533555206,0.5842371655726584,,,,,,
315,1.041127584832951,1.3581970375896706,3.194593431853063,0.7482306447554089,,,,,,
316,0.9874456181988194,0.42737626653688504,0.6136910083832453,1.9580781125264737,,,,,,
317,0.9491303009673525,2.965225021048658,1.2743071364662333,1.5100433962987145,,,,,,
318,1.1882371575010224,2.0107074674638006,0.8735758181874609,5.2187347719113,,,,,,
319,2.280097001094896,1.2290472239675543,0.8071527925247541,2.3070360560742444,,,,,,
320,1.0603256901872475,0.9660152685886336,1.6251455015051939,0.47649861042115205,,,,,,
321,0.562568916435286,2.370242795548719,1.7028754099823917,1.227185283713495,,,,,,
322,0.8221480088199061,0.8712442407264923,0.5386600573100612,0.624611151214408,,,,,,
323,1.041556578128066,1.167040359986104,0.8218281210746524,0.888832394087307,,,,,,
324,1.704367188854128,0.6880630716164204,1.314650958730166,0.6540123908790869,,,,,,
325,1.0003752196153162,0.8426426753903462,1.4436078161821537,2.3145311578682706,,,,,,
326,0.9574618833700219,0.8016253936033297,1.5535224603818365,1.8004788085527836,,,,,,
327,0.6234468092487524,0.905015309358962,1.7670696125579457,0.7801426252148769,,,,,,
328,0.9618373976469816,0.7089266013474123,1.6723069720576622,0.4678962500395682,,,,,,
329,1.5155610237619899,0.6812675769337434,0.9596731372011646,0.8124811003447054,,,,,,
330,0.5935134109511314,0.40048399677297586,1.2051144038128696,1.2564483335281218,,,,,,
331,1.5984876468015876,0.9978796613556287,1.2327557169572736,0.41102675217941864,,,,,,
332,0.3242565681164838,0.664405864090168,1.13961482811012,2.2667051361165047,,,,,,
333,1.0337928439325788,1.484505257102382,0.7978912672395767,1.352136942693162,,,,,,
334,0.6898042575390393,0.5394943500674688,1.4891241037098353,1.2300650925177994,,,,,,
335,1.8525615566926636,0.720866747927354,0.9088733379717227,1.4512087058735559,,,,,,
336,1.5472439178587796,1.2222278014988726,0.8669903733776257,0.921816205606195,,,,,,
337,1.1831656494256468,0.9079118380571516,1.850090124144369,2.084269062653722,,,,,,
338,0.9152340255143167,0.594592965780967,0.7571718116311339,1.706951513547844,,,,,,
339,2.0408758565207608,0.7283440245888616,1.237906192062739,2.901043073767352,,,,,,
340,0.947314390256682,2.0465087779311224,2.0719778247084744,0.9062217866232178,,,,,,
341,0.7981299659877747,1.6286974043509352,1.6374220807687152,0.7964519630544344,,,,,,
342,1.6042591807111217,1.0817411059693485,0.5560871362373291,1.4734858667739923,,,,,,
343,1.7939506158406564,0.4235610530915916,0.814326024944271,0.8087792888388959,,,,,,
344,0.42737927862369285,1.2735635646238062,0.6514541861946824,2.4871264618643827,,,,,,
345,0.7082955862993945,0.7804543904154744,2.384701616504306,0.47493479160738317,,,,,,
346,1.2316253669940687,2.930297443624102,0.7099161272279897,1.1824039990099464,,,,,,
347,0.8480046825156227,0.6254043468063882,0.835183046148391,1.0762140404242497,,,,,,
348,1.8863475327836352,1.8988563284066726,0.9360178890987216,0.7397600843126612,,,,,,
349,1.757476839653018,2.1875140056728712,1.2861449938617482,2.1014342163794884,,,,,,
350,0.8722016282026631,1.6386632442990772,0.748230644755409,1.227185283713495,,,,,,
351,0.9040983603774986,0.6153945612868644,1.1306453532536758,1.0360243921921715,,,,,,
352,1.5956671941220517,1.99783953948634,1.5906593191356078,2.454571632692992,,,,,,
353,0.934408116376458,1.0070063208631566,0.6761438333855204,1.227185283713495,,,,,,
354,1.051242497532827,1.2618611906632018,1.2126164512482427,1.279184665305231,,,,,,
355,1.1272493117484623,0.4493278076413936,0.4078827092218475,1.830474795810459,,,,,,
356,0.7016868443874723,1.3869052383770293,0.8655557725013642,1.0590094379671127,,,,,,
357,1.4159022545652855,1.9279674422069093,1.0510372677355346,0.735799777372598,,,,,,
358,3.1643714873629496,1.0666618443301186,1.3902828225264963,1.6904497270375185,,,,,,
359,2.153552449925935,0.7271400598590047,0.5063404060232285,0.5229461646794188,,,,,,
360,0.5678141712306082,0.9217538367183308,0.8066977624854704,1.8112027088980835,,,,,,
361,0.7001755072737487,1.1984608332438966,2.3828667319460655,1.706951513547844,,,,,,
362,2.18969781291926,1.8636959363416414,1.0029479390518745,1.7002297089245764,,,,,,
363,0.8222613381164403,0.8315105204198561,1.1986464730974622,1.528854525027481,,,,,,
364,0.6654761754883544,0.8960210296952762,1.127579624652384,0.9158795227987884,,,,,,
365,1.866964507228603,1.0297582620329702,0.3733477460456954,2.1637799181596273,,,,,,
366,1.2927507279019044,1.2497301779600203,1.2434736585608586,2.002801069766386,,,,,,
367,1.1513530349447127,0.5920893295935169,1.6176344244999972,1.0456402807856375,,,,,,
368,1.157248867623964,0.7015513081279794,1.381776869305267,0.9100382838228518,,,,,,
369,1.0775249347409743,1.228666726225312,1.384260840848882,2.4275365841072922,,,,,,
370,0.8790620784379352,1.2018157332361303,1.4639734982275925,0.8272960439181323,,,,,,
371,1.2031772491901154,3.6005728192779665,0.7258122234277653,1.5697498662259688,,,,,,
372,0.9967662824447084,1.3342990072415082,0.8628140348213031,1.3221927462406777,,,,,,
373,0.6077089098095869,1.0159842123409508,0.7755362231172996,1.4140971442730388,,,,,,
374,0.9840780494395519,0.8532240287297144,1.6446472822450748,0.7509541511131483,,,,,,
375,2.202919961418406,0.6590768180933773,1.7363340443162665,0.7827043655708158,,,,,,
376,0.7976765408907202,2.259299850114629,1.1549407541328343,0.9421134296143578,,,,,,
377,0.5921872785930425,1.3085376213765858,0.9126923601046215,3.1608547892700476,,,,,,
378,1.2002410738207678,1.8847362128706282,1.771403294247313,1.2422292313726184,,,,,,
379,0.8555750650020617,0.9705995291229965,0.8720893784471637,0.7509541511131483,,,,,,
380,1.0200531212305248,0.5238339811395237,1.4501304987843735,1.4957983083478799,,,,,,
381,2.293459128409146,0.43508995063715633,2.8245422441502956,0.8545229867829348,,,,,,
382,1.1313554861508417,0.8063620040082896,0.7946439271518783,0.41854950452883927,,,,,,
383,1.0,1.6493801787339295,0.5882154966965104,1.0243048898089953,,,,,,
384,0.89373090848389,0.8615413340183021,2.4019995718779366,1.2558854218138207,,,,,,
385,0.9845939409372565,0.94817078536442,0.3584052353070479,0.7312048868895569,,,,,,
386,1.3355522107911033,1.5976158966397664,1.2398775064014271,0.6540123908790869,,,,,,
387,1.0980948121743042,0.7806950160061839,0.6821408111922717,1.3409286373035965,,,,,,
388,0.736646951822318,1.9888027294265047,1.1833265998804143,1.9126719994504517,,,,,,
389,1.3832097852476222,1.5297536254929205,1.3990703987163386,0.609896033058008,,,,,,
390,1.421916178495344,1.7607077631901527,1.6227038589313787,0.9064852853815694,,,,,,
391,1.352307081544778,1.5787817159201785,1.0954613107550029,2.824027956235236,,,,,,
392,1.6421249081451879,1.1452400699419476,1.8664559121266395,0.5143793693022358,,,,,,
393,0.6615305729978591,3.017070283858878,0.7827201094216655,0.932456841139157,,,,,,
394,0.7042244235421784,1.1816947668364002,1.3030425972517234,1.3735278007046408,,,,,,
395,1.2730711629704945,1.7184614219900338,0.3177089704687013,1.6074312665670267,,,,,,
396,0.6758710115355832,0.28128532170531684,0.7329254567885537,1.5964152143085266,,,,,,
397,0.9335754081403375,0.7824332487579068,1.8394928763427854,1.2855884325105849,,,,,,
398,0.5034421054383557,1.6882325903162503,0.7328386663947926,0.674526682397543,,,,,,
399,1.0260023107749683,1.1080290526869574,0.9874966280724856,0.2288684814999816,,,,,,
400,0.5008241251553257,2.1371110842043968,0.49823181109465886,1.876238945684197,,,,,,
401,0.9419240092108492,0.49823181109465886,1.2493760552848534,1.4090407645836753,,,,,,
402,1.597483638004295,0.7665448394294252,0.7483614720068379,1.0563999715348997,,,,,,
403,0.8515318470902872,1.6006530340239324,1.1806619416992514,1.0594999326576746,,,,,,
404,1.1313554861508417,0.6750760211214659,0.5216215761843969,2.483337676339218,,,,,,
405,0.9475753560439257,1.079306077654193,1.9471269521471501,1.8852723768140998,,,,,,
406,1.254113826688922,0.9523494919292741,1.5098321306325868,0.503273576097862,,,,,,
407,0.6453302080684887,2.4000683725735388,1.2316253669940687,1.197960163725451,,,,,,
408,0.6381970825762444,0.8376392130735514,1.168824924151869,1.5017460214225513,,,,,,
409,0.6978818417514292,0.48544323319487204,2.5581695887000144,3.6948191042114216,,,,,,
410,1.5370571798852277,0.7939131285787467,1.088577353810234,1.1310728547319235,,,,,,
411,1.876454089179693,1.593981649863446,0.8040236697331253,0.7100513994897721,,,,,,
412,1.7610019161342492,0.5450010215858861,0.5740271829054656,1.265663290578333,,,,,,
413,2.130987753533607,0.6330419531244651,0.6788683027393486,1.9264130486728257,,,,,,
414,0.6894385130218136,0.9490570413923587,0.7457136802223734,1.5191076601510758,,,,,,
415,1.6013538572580202,0.8410568679420279,1.678326721558197,1.5039026726391647,,,,,,
416,0.8098399351105681,1.4265836150212672,0.44745601542882163,0.7562745870563615,,,,,,
417,0.6961834041688973,0.3684450237684036,0.6087323690876363,1.21920306193719,,,,,,
418,1.1284925344495926,1.2271852837134944,0.8040171117301669,0.566355095026403,,,,,,
419,0.7054559761175437,1.6004797535254882,0.5848006194770285,1.02178912932985,,,,,,
420,1.1133525397349273,1.1935330504635369,0.9208061425592527,1.840216164536972,,,,,,
421,2.506017370968719,0.5645579461030485,0.91777790986037,0.842654735634415,,,,,,
422,0.5279372041609882,0.6969716081721656,0.6057515170880233,1.5539043075948977,,,,,,
423,0.5481178253630796,1.6066020793619307,1.0529545526704258,1.9057234636331288,,,,,,
424,1.3172425583971037,0.9142951430595657,1.3984884146984464,1.116472042914444,,,,,,
425,0.8425880007456533,1.1759092283373032,1.3730447810691722,1.7192237351235846,,,,,,
426,0.7127305122431872,0.9040983603774984,1.5034601914337578,1.9264130486728257,,,,,,
427,1.1634114960216742,0.7666602796140579,1.7559952636076424,0.9420089816033008,,,,,,
428,1.0343332603232298,0.7987476902613586,1.1887732634086035,1.4957983083478799,,,,,,
429,1.3040866799283286,0.9156667008763866,0.5214182191778711,0.8533005843240615,,,,,,
430,0.7141684339671749,0.7032331169652674,0.6584896448883777,0.5204858615652939,,,,,,
431,0.899382279050541,1.1008352191620578,0.7518592355187806,0.6642750282607289,,,,,,
432,1.7746023700284512,1.1077021428005633,0.720188794203741,1.7160885547600573,,,,,,
433,1.2888132334980544,0.4235610530915914,0.36127255099707156,1.4126027103783079,,,,,,
434,1.1226059448127617,0.846777022407119,0.7356625946821023,2.422190385950166,,,,,,
435,0.7830350576398494,1.146944972533114,0.5641385800720767,1.9077777112207515,,,,,,
436,0.43755472569958764,1.2866435815044446,1.6045635864614944,3.332861404387774,,,,,,
437,1.0009039626412493,1.6678743275741306,2.0077678346511267,1.1440944784162648,,,,,,
438,1.6018660730272507,0.5866317059871509,1.2935313087082152,2.9387863813438617,,,,,,
439,1.2348919132638367,1.2202376799965982,1.0217563813329125,1.1082789662559571,,,,,,
440,0.9835853785899626,1.2494484555747853,0.7512601496544147,1.9863850182599962,,,,,,
441,1.5766270717838107,1.8232390832510226,0.7276435374474993,1.8688386914845871,,,,,,
442,1.2222278014988723,1.4080969227015412,0.6455822661218149,0.5527892751264923,,,,,,
443,2.0878142295472375,1.1405375076575741,0.9156667008763866,0.6068735734171029,,,,,,
444,0.7729309738828493,2.9558979121138256,0.5134164484228976,2.1875140056728712,,,,,,
445,0.6516393321954056,0.44668404384881644,1.2826662360725345,1.5868244682383443,,,,,,
446,0.8227308613344834,2.662028574881642,1.7786949488821544,0.7897871636674388,,,,,,
447,0.6843276597913589,0.41300195523715044,1.1759092283373032,1.4548706036633994,,,,,,
448,1.4957722118954486,1.0863145911231795,0.7224833606567662,1.8664559121266397,,,,,,
449,0.7958637116008913,0.992763182722215,1.301420804739344,1.6550054953432274,,,,,,
450,0.8496670125829012,1.7861836755548046,1.1961682833983436,0.5052635076881458,,,,,,
451,1.19836631298772,0.4865006849408022,1.6070332153855742,1.4234599299638295,,,,,,
452,0.5033157135982708,0.5487603344527208,0.5415876907775793,0.8150449672768546,,,,,,
453,1.5472439178587796,0.9790565355381082,0.9472745160336599,1.30371424720927,,,,,,
454,0.5149319621432868,0.746393104355566,3.8841593758369033,1.0746489248634619,,,,,,
455,2.061189935851726,0.8936963839866306,1.2497301779600203,1.3495528431115251,,,,,,
456,1.11271726044802,1.4275558526316754,0.9151433190598577,0.4181917731642584,,,,,,
457,0.5461030505317749,0.5357357659025077,0.9938889297026918,0.31441102139671867,,,,,,
458,0.6673470925937605,1.4965592802180332,3.9367879025216324,0.8463256004203362,,,,,,
459,1.5671161180094366,1.5832581686575784,1.1023734378885235,1.4202707751958152,,,,,,
460,0.4239446600903217,0.5563112842323847,2.0465087779311224,0.5398943758656743,,,,,,
461,1.192990080466003,2.2957121969348675,3.2684016514385577,1.265018916300089,,,,,,
462,0.8637900460410795,1.5893443249407833,0.3460041013679869,1.09558213586596,,,,,,
463,0.7280644132487685,0.2850985687742664,0.31725535991036896,1.2329904280419202,,,,,,
464,0.43755472569958764,0.5301379811782825,0.7195030737313259,0.29175609159907107,,,,,,
465,1.3517209456998898,0.5724773999840975,1.1405288964972207,1.001095620638211,,,,,,
466,0.8278966073079776,0.96746855730448,1.013005021525835,0.8517820315724963,,,,,,
467,1.8664991065342045,0.8940206087899473,1.0210530734482346,0.6728464673115205,,,,,,
468,0.6129727074303022,0.837156159108762,1.9289374634705372,0.6529622080143186,,,,,,
469,1.2262211033201915,1.707571152034033,1.282135589429045,0.7509541511131483,,,,,,
470,1.1751299880026331,0.795963323727448,0.9663742795754822,0.7068023949909036,,,,,,
471,1.3105698633274525,0.3578625612354915,1.8490785363944242,0.7039685140726519,,,,,,
472,2.0483088552480484,1.05468812066899,1.096027225224557,0.9026010821559741,,,,,,
473,1.11038828830004,2.0950345856580594,1.2924669632402936,1.22103944743536,,,,,,
474,1.1818328661643978,1.8658377689508099,2.267575133587874,0.7329874311104926,,,,,,
475,1.2193991942587745,2.07678545236362,0.9096208971852859,0.4667466593307232,,,,,,
476,0.9304535151485864,0.34352682520307465,0.638630274407035,1.9702210396918196,,,,,,
477,1.5006387915956567,1.6678743275741306,0.9361689304525496,5.168334158455092,,,,,,
478,1.9835052274223715,2.259299850114629,1.7464531728105301,0.562932451408615,,,,,,
479,1.0768802471909498,0.5361705929990893,1.9636815890234816,1.3495528431115251,,,,,,
480,1.5740955836543078,1.172006684295496,1.352383041222006,0.6604656098579342,,,,,,
481,0.5262773178067989,1.3003531398702675,0.7063210072873117,2.061730183535769,,,,,,
482,0.4748792967709294,0.3679064221410105,0.40820575498803735,2.557235982657769,,,,,,
483,0.9739190109588569,0.796123492974671,0.4596675630693431,1.282666236072534,,,,,,
484,1.5936707450132663,3.751040122621782,0.8793933358276014,0.6895399185950086,,,,,,
485,1.1866750476978896,0.27882812223314457,2.3247704012161385,4.706394929815398,,,,,,
486,1.3771462955052702,4.563295133925671,1.1004595397991934,1.382835530820553,,,,,,
487,0.8425880007456533,1.213996906767777,0.532745840387904,0.8243180418140496,,,,,,
488,0.783249508840758,1.606538738186761,1.9977527224759526,0.5680512050104747,,,,,,
489,0.597486575928949,0.5723052903551903,0.5261371596641253,0.46879133991743727,,,,,,
490,0.8318388258151905,0.9040983603774984,0.5150355142756522,0.675240696692186,,,,,,
491,0.5319103091574792,1.717441848760705,1.9066329748115245,1.4361595134468819,,,,,,
492,1.673334850202683,0.19706836397403987,2.527945347380862,0.769967464055421,,,,,,
493,0.6856002741880888,2.2440309519853465,1.2274004777137668,0.3673404139877914,,,,,,
494,0.6854725901286509,1.431511894542776,1.1979331266355178,0.7347667641810104,,,,,,
495,1.472374609797806,1.3146421675825335,5.217162003189629,1.1987599805321316,,,,,,
496,1.3123083747728326,1.4783200225689355,1.0509037938108539,1.3413871484349298,,,,,,
497,1.5882823835931674,1.4857455564866129,1.116377742688158,0.5147491555686514,,,,,,
498,1.5790063003003205,0.924123083734861,0.962844032219289,0.8612259963976245,,,,,,
499,1.6995745435352612,0.6667242989741602,1.3798788994843953,0.3419318722732074,,,,,,
500,0.8562970597150374,1.1459690634087225,1.2316253669940687,2.7012564749200703,,,,,,
501,2.296990338261873,1.3568166065035518,1.1439770279795463,1.4953616594065946,,,,,,
502,0.7686722253130343,1.1471016630847817,1.311233897853317,1.272910401653511,,,,,,
503,1.2950180057373946,0.8332772741078949,0.9034119521293499,0.9356777253700524,,,,,,
504,1.3763459227229056,2.1982591763538126,0.9007561984935969,1.4944604519412963,,,,,,
505,0.6639679595084669,1.0405310710994218,2.846408470501563,0.9914480402928905,,,,,,
506,1.9197100354767471,1.0044482540464015,0.7713734095210611,1.0289832826275407,,,,,,
507,2.330850426813272,1.8065325253626445,0.6949444374103032,0.7961479943584928,,,,,,
508,1.0295941256363061,0.1902872302989471,1.2891895216149794,7.210963192482941,,,,,,
509,1.4914641786878422,2.0207049583678898,1.8897642740758627,0.6618997954320361,,,,,,
510,1.048771238445249,0.9932367352900786,1.9397710033965572,0.6757951986712712,,,,,,
511,0.810298703598235,1.0509037938108539,0.5851099571195031,0.906533927497388,,,,,,
512,1.4949428064765138,2.557235982657767,0.9352919520344446,1.672565397526105,,,,,,
513,0.6114483279254002,0.7021215037326536,0.8218281210746524,0.21774233326831097,,,,,,
514,0.8396925404482922,1.2115945906174597,1.5587446107003309,0.9612059319142863,,,,,,
515,0.46648255864640226,1.1887732634086032,0.6734718300278685,0.6788683027393491,,,,,,
516,1.374384808877146,1.2070138295050303,1.794095505535456,0.49829650447788815,,,,,,
517,1.132584665088848,0.3829916882831176,2.763598049225678,1.3648083839572331,,,,,,
518,1.3200441045096662,2.2156357347030355,2.2744969626354568,1.706951513547844,,,,,,
519,2.3792433729912297,0.9877227432053399,1.7501141812629482,1.5068511902859902,,,,,,
520,0.4754399553146475,1.3735278007046408,1.1460689465014553,1.008901928433093,,,,,,
521,2.080822432159664,0.8538554405560559,0.9751517653575928,1.4234599299638295,,,,,,
522,1.1070310670946026,0.8932675512876497,0.45663229163282837,1.876238945684197,,,,,,
523,1.450130498784374,1.6083177477601387,1.3408822542320502,0.782692138697487,,,,,,
524,0.8632938524216207,1.7363340443162665,0.4980666721903214,2.002801069766386,,,,,,
525,1.5490256265315976,1.2337260419865892,2.061730183535768,1.1681623476409198,,,,,,
526,0.9955406658264946,1.673610719981309,0.9979149142417711,1.6930833308608646,,,,,,
527,1.5895748731379513,0.5857965860147227,1.7042937875964648,0.7017337626915463,,,,,,
528,1.369373515556809,2.3367519365560283,1.8845785828446777,0.6926931216513438,,,,,,
529,1.3002691088664893,1.5976158966397669,1.0037298126290874,1.076867142515922,,,,,,
530,1.386643573420306,1.6645077692323118,0.6870662599819524,2.1069077627410873,,,,,,
531,0.8116755081676725,0.8915510310726736,1.1405375076575741,1.4957983083478799,,,,,,
532,2.1379001221294414,0.5770328222317003,2.306884566136173,1.7765173314441525,,,,,,
533,1.4501006620501788,1.1682338539437638,0.4412403130317232,0.979039795033429,,,,,,
534,0.5459509113786216,3.173396163338092,0.9003755150681163,1.37189064063054,,,,,,
535,2.7468133435877484,0.8993566611443695,0.7301899335349467,2.2612406648433008,,,,,,
536,1.4684260930260231,2.708261922627895,0.7023933424202577,5.2187347719113,,,,,,
537,1.9371290032560324,0.9634780508944422,1.508902073215922,0.8318825912985292,,,,,,
538,0.6177249900083767,0.3449343363071239,1.6367771074525952,1.5486030850792536,,,,,,
539,1.426209751390432,0.36954334976119035,1.4436078161821537,2.801378801312259,,,,,,
540,1.1402259575671847,0.7089266013474123,1.150373084698014,0.8067330589780795,,,,,,
541,0.8634160946964733,0.7571011196268871,0.6084977515452209,1.0130055910255693,,,,,,
542,1.576854961157732,0.9457384662052264,0.6384260562737629,0.6061266076317824,,,,,,
543,0.5770328222317002,0.8413007034680418,0.5103729712837619,1.655546160174476,,,,,,
544,0.9296286265507143,1.19041388215637,2.2499348737593725,2.2585791051579722,,,,,,
545,1.1170706501573227,1.6783580623307028,0.7882087648999464,0.7220432997480792,,,,,,
546,1.3097929604996585,0.8584748016766305,0.9880385298627501,1.1786732987098194,,,,,,
547,1.3289665051362183,1.1887732634086032,0.7518123124245207,1.8222440766388224,,,,,,
548,0.5389279585632787,1.3794971506723883,0.8515629301518198,0.6396405532719331,,,,,,
549,1.836991501121329,0.5285137116734648,0.41346694708814874,0.6745266823975429,,,,,,
550,1.0351942526246352,0.6729003938686823,0.9356777253700526,0.4676511424360248,,,,,,
551,0.8236409743541955,0.9961600774364733,0.9639709493708672,0.44181040088613693,,,,,,
552,1.2873743975644698,2.1796413059623925,1.5297536254929205,1.1503730846980142,,,,,,
553,1.3601414432749868,1.0827725016351333,1.796981910950259,1.9490901411432087,,,,,,
554,0.6064432717204696,1.334494654309618,0.37999869686342747,1.3321299448747075,,,,,,
555,1.3086954066066,0.3459485806384255,1.4361862734911213,0.674526682397543,,,,,,
556,1.4951325431574667,1.3180323700743366,0.637902403712666,0.8861723874416846,,,,,,
557,0.7953656716723846,1.5288545250274814,0.9416913246456068,0.6340892755697681,,,,,,
558,1.2473987210503519,0.8612259963976244,0.43173016437210027,1.5645136037684058,,,,,,
559,1.293713091160855,0.7161949166524698,1.2274048166710447,0.48390371331020765,,,,,,
560,0.9923016962165407,0.9034119521293498,1.6717280473850706,0.5466255358573424,,,,,,
561,1.0236899396924921,0.9227826812383769,1.3676828656048896,1.0201228883771727,,,,,,
562,0.9958053832461197,2.2321554476544017,0.5757273872192861,0.9537334679332187,,,,,,
563,0.537915446700207,1.3309152506011914,0.9340106795194224,0.9059398318507671,,,,,,
564,0.8776915282340827,2.6710176667284617,3.859007239591945,0.638864633032959,,,,,,
565,0.9432156465156036,0.5678435601247862,0.4980666721903214,1.4807643554148848,,,,,,
566,0.6055905114300085,0.5211565732152478,0.4133937683450728,1.1506256950176463,,,,,,
567,1.03483465876473,1.8272747592981693,2.299721234810999,0.44181040088613693,,,,,,
568,0.7644801999764712,1.0938210826234565,1.8478892291082407,0.8382387526990721,,,,,,
569,0.9561305901240289,1.5654012481774027,0.913334584429744,0.585910244196722,,,,,,
570,1.437467838879639,0.6221758633868336,0.6940618683514105,1.1077021428005631,,,,,,
571,1.5099704175135367,1.0445828332552356,0.19096217548068667,0.7590691703156836,,,,,,
572,1.294945119308592,1.9692130386860385,2.557235982657767,0.34088581036495685,,,,,,
573,1.3458270125917968,1.004253653612297,0.7618992325695976,1.5793552129566468,,,,,,
574,1.889764274075863,1.3657798587965768,0.4464271263319337,1.4140971442730388,,,,,,
575,0.5428920807483253,0.6051131929759431,0.46789460085346124,0.460027862624139,,,,,,
576,1.2257329684204306,1.649931313449489,1.157452928264356,0.9881617535163395,,,,,,
577,0.8477694890387558,0.739213209676647,1.5031500871519194,1.099040297623987,,,,,,
578,0.9637898510413596,1.0137703243015563,0.614019611582603,0.4667466593307232,,,,,,
579,0.874239661432347,1.019996627517143,1.2489899806557754,1.05144042228263,,,,,,
580,0.8855353023552925,0.9368895560770334,0.8776232405712532,0.3886412917136468,,,,,,
581,2.0844118854386786,0.5645579461030485,1.0070063208631566,2.6486887226242866,,,,,,
582,0.6381570999055823,1.3800607812472818,3.8005489744876066,0.6360462309139947,,,,,,
583,1.7162060186513104,1.4640236906335433,0.5825956973393996,1.1077021428005631,,,,,,
584,1.0164458711991118,1.210754712300749,2.026348944042589,1.426583615021267,,,,,,
585,1.2698888489069866,1.5348334111720445,0.8041970721722402,0.44181040088613693,,,,,,
586,1.1699988100785599,0.8381900278130558,1.1622759490913779,0.6429399055791906,,,,,,
587,1.6617917256380212,0.5046233654557323,1.1322794305709574,0.831320278069383,,,,,,
588,0.5789129041693164,0.2914680834961602,1.7483633168209083,0.31988356834482456,,,,,,
589,2.404345688277937,1.383256037149971,0.15395626369304494,1.3249967375596277,,,,,,
590,1.8950643746975744,1.0463500441645333,1.7355148438840522,1.30371424720927,,,,,,
591,0.8371967062995463,1.3906445124446645,1.393109186892591,1.574414202497325,,,,,,
592,0.5822801285711198,0.5443823098018584,0.35631087889298063,1.5100433962987145,,,,,,
593,0.49935846910064413,1.4772633459017104,1.8121445211096507,0.6209436830513715,,,,,,
594,0.9291506467937849,2.7766966548431493,1.8988563284066726,1.2855884325105849,,,,,,
595,0.7876443201143369,1.4093461693016347,0.5236144255600675,2.4711259261953287,,,,,,
596,0.3949497536537884,0.8792469670265597,0.6339904508183974,0.20640677159292095,,,,,,
597,3.1406751769207712,0.7088320494889281,2.601093798433418,1.5891003458540849,,,,,,
598,1.645770278235339,0.7687590264178998,1.2055089859585058,0.5147491555686515,,,,,,
599,1.1564176766841576,0.6009591274303866,1.593981649863446,1.5836958799234697,,,,,,
600,0.9823922464731106,0.5287282400194752,1.3566676881007005,0.8326984058003196,,,,,,
601,1.9737606872025466,2.137516784568453,1.9447276246527299,0.800926734861529,,,,,,
602,1.2300044971850395,0.6192185575405523,1.1941466444248203,1.6081936241613588,,,,,,
603,1.4818824512776907,1.3086891438462733,1.486782757214353,0.918410325594285,,,,,,
604,0.9709022197783519,2.6710176667284617,2.9387863813438604,1.381243081607132,,,,,,
605,0.9433726156324921,1.8490785363944242,0.6547109232614011,0.6891584564382794,,,,,,
606,0.9896484112389957,1.1745945772200386,1.5058904006883533,2.7012564749200703,,,,,,
607,0.4855361398108311,1.5740538625490244,1.4068640841005533,1.1985495418363816,,,,,,
608,1.3939862874756892,0.9433733222790631,1.956652844853847,2.780920696316237,,,,,,
609,1.0552395807176596,1.1512010470530192,0.710538032999449,0.5711208614942355,,,,,,
610,0.7542772217147131,0.7058349084293843,1.092690293381708,0.7597472361259331,,,,,,
611,0.9844640958616397,1.5488037571447724,0.8117587118207504,1.9490901411432087,,,,,,
612,0.9870418970342592,0.9960378103295647,0.730287809611264,0.5805331868049932,,,,,,
613,0.5607918302356513,1.7028754099823917,0.6722964200422975,1.3321299448747075,,,,,,
614,0.9984083419912205,1.0080817964495186,0.946350093694349,1.4512087058735559,,,,,,
615,0.9211790964290121,1.35468676029407,1.3546867602940702,0.49024424902349645,,,,,,
616,0.9457992923062583,1.0925498925203967,0.8326984058003194,0.39426966966989696,,,,,,
617,0.7704413850674047,0.938955832178413,2.201706342616904,3.656318581870587,,,,,,
618,1.422152753139416,0.6241348575963012,1.8073306885867666,0.6822530390113588,,,,,,
619,2.096415485734215,0.976519403023663,1.1689905661723647,2.5091605768615133,,,,,,
620,0.1240214348854518,0.8996579854829074,1.5429852107717663,0.9382621094121865,,,,,,
621,1.8852272771722713,1.7591869236719757,1.0168368667042833,0.355027663178953,,,,,,
622,0.7349844747566061,0.5847630547140382,1.7150802224004842,3.6948191042114216,,,,,,
623,0.7093948295415161,0.7161949166524698,0.789787163667439,0.7113067164766165,,,,,,
624,1.3200441045096662,1.4436078161821535,0.8384471700182894,1.8852723768140998,,,,,,
625,1.0029576618758589,1.0511982873493015,0.7675340414795132,4.821382336322845,,,,,,
626,1.5297536254929203,0.3727867998274778,2.485144189364822,1.5539043075948977,,,,,,
627,2.7180122498229062,2.109244996417345,1.5348203114431438,2.1186626653153864,,,,,,
628,0.5706720401367968,0.5229461646794188,1.124551312307155,0.6956838836320235,,,,,,
629,0.9207754836354738,1.2786768279350602,1.4260323460295057,1.007080749542541,,,,,,
630,1.1093067818233873,1.7012338613797255,0.8071527925247541,0.7946533977761778,,,,,,
631,0.9541854551828499,1.0558560638981191,1.4211724180259662,1.0620852499033602,,,,,,
632,1.1908624692102832,0.5306097403677952,1.2432833323517847,0.7832225913994738,,,,,,
633,0.666173530166903,0.4548610358650991,1.4162132404436838,1.9423136959475373,,,,,,
634,1.3445901048864943,0.33961405635177483,2.17577810441343,2.045847935441146,,,,,,
635,1.0849022894391842,1.647925830943012,1.2573656915350324,1.0415442280615603,,,,,,
636,1.9130121981240782,1.5332704941751714,0.8548157134703351,1.1469449725331142,,,,,,
637,1.0334749794541631,1.2880590673351908,3.6172873013791245,0.9080491734684558,,,,,,
638,1.2325472738932317,0.9323116476300586,1.477668284927353,1.9086766617204762,,,,,,
639,0.8203364059383323,1.655667870964038,2.3247704012161385,0.5721491770936987,,,,,,
640,1.0492610519443126,2.2668251114442954,0.8640547876480876,1.073338619210052,,,,,,
641,0.9325082530560619,2.0077678346511267,0.93338277260719,0.4180196073082067,,,,,,
642,0.4341542156810467,1.5691381510084919,0.9071454721180764,0.9787055147049735,,,,,,
643,0.6665831350714005,1.5767222397218026,1.2484731929121136,1.876238945684197,,,,,,
644,1.0453867071536345,1.5990139643034442,1.0547253121146376,0.5776663610420177,,,,,,
645,0.6865957666925561,1.404562729511095,1.3816410860664938,2.002801069766386,,,,,,
646,1.3799997227456082,1.0326434547827352,0.8048593917413904,3.1344433274592385,,,,,,
647,0.9723702301560125,1.4740886083963525,0.877335886466584,0.9894479815055861,,,,,,
648,0.6349840105636522,1.6313395278703104,1.1053876574369679,0.46999690984227727,,,,,,
649,3.0154072371572154,0.6302235379696551,2.0299073004101333,1.6333006994008832,,,,,,
650,3.867575425408911,0.42107597324454943,1.6313395278703104,1.0142859707414507,,,,,,
651,0.5591264696096,0.5662315206185468,0.6854725901286505,0.8501638297043997,,,,,,
652,1.4034151491271887,0.6534170791553225,0.8046431406827135,2.2901156087069023,,,,,,
653,0.9052955119773666,1.261318588967391,0.6185905899508108,0.8866638642079826,,,,,,
654,0.7816921475688884,2.369192298900637,0.9031251388972809,3.8456554195528696,,,,,,
655,1.3140460354149128,0.7627405453220442,0.7173150379916747,1.0392541603364271,,,,,,
656,0.6320780141435445,0.5075607633712743,0.6004979402438502,1.5825479949053916,,,,,,
657,1.4115976604386558,2.437290360746334,0.532348867767779,3.2536810454878306e-08,,,,,,
658,1.1700236601582146,0.4343753865492423,1.0717426262689596,1.0423024254012851,,,,,,
659,0.5772115871303307,2.5560924709236983,0.5937867459246724,1.2418657496552212,,,,,,
660,1.6210911580091802,0.8678871852901611,0.7004987731958089,0.6061266076317824,,,,,,
661,0.7715784943956562,0.5723415779197232,0.7567603113760009,1.4234599299638295,,,,,,
662,0.8678871852901611,1.0436949540750489,1.6169013288754295,0.7513450582732629,,,,,,
663,1.2685275456600673,0.7688478864541596,1.4159845099971538,1.3846412182969603,,,,,,
664,0.729629149609295,0.8628441458591449,1.1562911397973386,1.0675898308860312,,,,,,
665,0.9480374587372731,0.6330419531244652,1.7069515135478435,1.0288897369454777,,,,,,
666,0.7698856541371665,1.1837566324586826,1.2016416362657123,1.9057234636331288,,,,,,
667,2.633627563288209,0.8476940088005597,1.6932186929803237,0.7624522520637764,,,,,,
668,1.425541051147625,0.544341234571111,1.3799320284148695,0.545072075055281,,,,,,
669,0.4069547346284886,0.6537843407933518,1.1265522881729324,0.9913165870360112,,,,,,
670,1.0804785870319058,1.3138793281403665,1.8104581612801722,1.5283933083583923,,,,,,
671,1.0256799432125177,0.8574509379352504,1.3159120332727101,0.4016231263440492,,,,,,
672,1.0725621863051007,0.37373552767126456,1.1439770279795463,1.5017460214225513,,,,,,
673,1.5823782296122408,0.9544087772895924,0.5944084502990938,0.6653658062724441,,,,,,
674,1.2683736931649408,0.9795480704983023,1.7702784399410751,3.8749834264166245,,,,,,
675,1.0595484611027857,2.0077678346511267,0.6188991707885382,0.5832685215544078,,,,,,
676,1.530893570599778,1.8049898689955126,1.124551312307155,0.8887351183069732,,,,,,
677,0.8105602119536088,0.6918689062423667,1.0982248485362611,1.2855884325105849,,,,,,
678,1.395801610441957,2.439927850351507,2.0889439162110506,0.991500606327141,,,,,,
679,0.6602789403980127,0.730442936027482,0.9215009285425959,0.3994711794432337,,,,,,
680,2.6565709154549073,2.0445968276209534,1.3735278007046408,1.6930833308608646,,,,,,
681,0.9541854551828499,1.379325795286731,1.1645243091503577,0.8354002142073327,,,,,,
682,1.6434175390304762,3.173971346642714,1.0893592376749586,0.3657846279980656,,,,,,
683,1.0187877963870364,1.155133025500347,2.1576373316168813,1.9387741645324585,,,,,,
684,0.8864509151262899,0.8781930562890227,1.172680706395033,0.9687505957252833,,,,,,
685,1.0982632823541854,1.4646817113592914,1.3869052383770293,0.9570990231660167,,,,,,
686,0.9286369824397769,0.48878066865413883,0.8754292996840911,0.8163685917658692,,,,,,
687,1.0864000468895383,0.36736084871867697,0.8200724088623296,0.5103901130285284,,,,,,
688,0.7088673025146662,1.232231762923412,1.1012659787107388,1.5354822186938257,,,,,,
689,0.6098882693209543,2.4019995718779366,1.1996022319230615,0.6221970375782117,,,,,,
690,2.646180491175703,1.3025296532302875,1.789053438399183,1.3636806043289174,,,,,,
691,0.7575615993845434,0.9303276794303846,1.5262618319299261,0.6068735734171029,,,,,,
692,2.00991563127982,0.9340302774988608,0.9081333673110208,1.007080749542541,,,,,,
693,0.9580321825080227,1.1145996046859685,0.3375512128858254,2.5091605768615133,,,,,,
694,0.7350017664908594,0.506893383012753,0.5790409702101008,0.4667466593307232,,,,,,
695,1.3602683983414172,0.38766780789042105,0.5063404060232285,0.6396405532719333,,,,,,
696,1.1720066842954957,0.8333882373127488,0.742570329068364,3.332861404387774,,,,,,
697,0.7275628595279894,0.5619612129679901,3.017070283858878,1.2147516033670205,,,,,,
698,1.5221272776999433,0.7232819499902045,1.418086837605376,0.46025649807247754,,,,,,
699,1.0701883554502511,0.837156159108762,1.0607359243722025,1.633542890041832,,,,,,
700,4.224677273692254,1.2541862957741996,2.9670998373690765,0.7509541511131483,,,,,,
701,1.6471313851682134,1.489478818485465,0.579827113577077,1.9086766617204762,,,,,,
702,1.4440032010713566,1.3180323700743366,0.8344205048590299,1.1615970046950337,,,,,,
703,1.43337288536893,1.2130277923298793,1.073435947723014,2.824929501224666,,,,,,
704,0.9042060731087843,1.0654066045544288,0.8757635426660235,1.1878488361854476,,,,,,
705,1.221885212266761,2.5366083029038067,0.7146940405901407,0.6753154708307937,,,,,,
706,1.7079798807394146,1.1649407774791045,2.3461415476071896,1.8004788085527836,,,,,,
707,3.311054260143142,0.33342361429559975,0.6246111512144086,1.5477986124466958,,,,,,
708,1.0095946212871736,0.9981101726547735,0.8222588203243243,2.695953720784829,,,,,,
709,0.762690537716924,2.417312289807109,0.9887770470713161,1.7971610247522392,,,,,,
710,0.5431012413080489,1.6019309533555206,0.14686518989000655,2.152029502094098,,,,,,
711,1.115516162536673,0.7247743940512787,0.5680512050104747,0.5147491555686514,,,,,,
712,0.6800079774317257,0.6940618683514105,0.7135113278560481,0.9849110238882628,,,,,,
713,0.6507387930434858,1.0842629331373226,1.4390787631344715,1.028889736945478,,,,,,
714,0.7660790661557705,1.429834840951709,1.085685540789992,0.7946533977761778,,,,,,
715,2.295590943854618,1.405641658070948,1.1499463902908786,1.626382503463783,,,,,,
716,0.6302235379696551,0.6723019509105576,1.6944505926197986,0.4799794999910708,,,,,,
717,0.7136714036430708,1.2598503943753712,0.8013598066315898,1.1327911643293593,,,,,,
718,0.6133222864535495,2.17577810441343,1.1535377037370347,0.7133720458135369,,,,,,
719,1.457931555108663,1.0249103708025324,0.637669979921087,0.6538680969930581,,,,,,
720,0.8945851612048603,0.7986186648967307,1.0113903888373232,1.0076117621896028,,,,,,
721,1.0633192093403527,1.4642601766796493,0.665150521759898,0.9687505957252833,,,,,,
722,1.2635721328080662,1.1053876574369677,2.3828667319460655,0.6139328806333626,,,,,,
723,2.0196722176860065,0.7562745870563617,0.8391389460989369,1.022080334152537,,,,,,
724,1.929714037718204,1.6870285340572455,1.124551312307155,1.4234599299638293,,,,,,
725,0.6719308661782132,1.0249103708025324,1.0274539436299885,1.5374109544787997,,,,,,
726,0.6381916608136793,0.9427610027509575,0.8712442407264923,1.2082285964422321,,,,,,
727,0.6552216414875678,1.3455048540849532,0.5158392849460585,0.518427084791064,,,,,,
728,1.5029134197422567,1.3631919198460403,0.46674665933072307,0.7275911893014615,,,,,,
729,0.7087702472610962,0.49887143822284463,2.674827841814576,0.9490228876023067,,,,,,
730,0.5623130060443732,1.8288415326662169,1.168910111855812,0.5443376268997836,,,,,,
731,1.4988199073249961,1.1681623476409193,1.5590810586896515,1.6785994811229843,,,,,,
732,1.6350563688282906,0.7946439271518783,1.4993460828826912,1.0799637750295106,,,,,,
733,0.6125869513823449,0.6056399414840602,1.784780106390712,0.9809817035444041,,,,,,
734,0.9236858952902847,1.8726040704850457,0.4701845164144862,3.1975436210495927,,,,,,
735,0.7567075046511098,2.6817192689519156,0.9599493285727421,0.2110725181555407,,,,,,
736,1.0159547274881342,0.627895045407427,0.6570921228707716,1.4771851763127228,,,,,,
737,1.1453043561580944,1.0160164381161265,0.9263832301170123,0.5965199370780185,,,,,,
738,2.2720455146031475,0.9932367352900787,1.2656956958873873,1.1548379737579197,,,,,,
739,1.472374609797806,0.7560721748927315,0.8711311962718877,0.5427322481836933,,,,,,
740,1.3673212670940285,1.6030857716684153,0.9629636215395303,0.9789251073542454,,,,,,
741,1.3027915540906494,1.6079710460716827,1.0900837039338627,1.0695022008028416,,,,,,
742,0.8610663478944706,1.0411858926315312,1.988550500239124,1.0232702776043003,,,,,,
743,1.3772335374743938,0.9502517062119518,0.8630267778654257,1.5317322912251319,,,,,,
744,0.9758888383787334,0.7418262386805684,1.4161917574427692,1.05105073839774,,,,,,
745,1.5798979976931578,2.4400809094485374,2.026348944042589,0.2541763038582102,,,,,,
746,0.9089388122794398,0.7530902441230035,0.8715621699514802,0.5141282339669987,,,,,,
747,0.5011375337663702,0.6453790645591777,1.3631762716225178,0.8209962500197112,,,,,,
748,1.7365942094853128,1.7790241637510504,1.6668994466697657,0.5419445301997787,,,,,,
749,0.4334061767201646,1.28260205437645,0.8628441458591448,1.5354822186938257,,,,,,
750,0.9587523391783075,2.558528657456712,1.285618504331206,2.29957774661262,,,,,,
751,1.0024896071348932,1.3631919198460403,0.8326640951936444,0.25939588579567335,,,,,,
752,1.0687369664637787,0.5014467787677597,2.2092795145620787,0.4995279705726376,,,,,,
753,0.8366002996148322,1.678326721558197,0.594592965780967,1.4531114437253334,,,,,,
754,0.9961429907160537,0.7356625946821023,0.45555344481912863,0.6962028864525022,,,,,,
755,0.9305264977721657,0.710079242093948,1.5527150450717526,0.7726197186655681,,,,,,
756,4.077902059519093,1.5893443249407833,0.9031251388972809,0.7928803243343384,,,,,,
757,1.6762553449557878,2.171079296633395,0.8200643671359423,0.7780909874459686,,,,,,
758,0.7704413850674047,1.252386774631019,1.860466852469514,1.0142859707414507,,,,,,
759,0.6547109232614012,1.094266995000753,5.217162003189629,0.7082171322374712,,,,,,
760,2.184040639816157,0.9389599203100953,0.9111635562416435,1.4728158837575247,,,,,,
761,1.39136670847765,0.46637007238403055,1.2735635646238062,0.8463256004203362,,,,,,
762,0.9953897731970929,1.423215874101338,1.4599853735416675,1.227185283713495,,,,,,
763,0.5707189940573142,0.4675411868026551,0.5855654483435053,1.0142859707414507,,,,,,
764,1.278946741698867,1.031734572039594,1.0677564389912448,0.5486075535705616,,,,,,
765,0.7887881442313753,0.7726197186655681,1.515520253672477,0.8187492704734235,,,,,,
766,0.7085099245316095,0.8597202442509024,1.1132759467811157,3.9377022416867185,,,,,,
767,0.5105691309753663,0.4317301643721003,1.162100375326642,1.551946996547848,,,,,,
768,0.661870378859157,1.2973490752012347,0.9482314564084624,0.9249033748405003,,,,,,
769,1.3154831274278216,0.8212514226306327,0.6116863661087977,2.557235982657769,,,,,,
770,0.6590768180933775,0.7025424958207016,1.1778984388063265,3.3803808839393628,,,,,,
771,1.5994381564682543,0.7161917477007587,0.5092079485707247,0.800926734861529,,,,,,
772,1.0231318108763106,0.6474292214612201,1.1904893882631946,1.0548028128135052,,,,,,
773,1.087563361253458,1.5250857555191362,1.935671746925738,1.076867142515922,,,,,,
774,2.985231731247234,2.4252357900494066,0.5029350439642509,0.5542256305053235,,,,,,
775,2.445863715182488,1.3588199677106643,0.7343937092772368,1.5100433962987145,,,,,,
776,0.9803746370351304,0.9572869126044764,2.1046981123012514,0.7330587452582317,,,,,,
777,0.4232324949782293,0.7805511401713529,1.1560097673344512,0.8239146707771972,,,,,,
778,1.3334793471766273,1.5077846363576457,0.3636084920692541,1.3884439681316278,,,,,,
779,1.0790791578441967,0.9490228876023068,1.4916542149571803,0.9249033748405006,,,,,,
780,0.5239981194969384,0.8600121929863013,0.6082842453290426,0.4416680500854747,,,,,,
781,1.5058904006883533,1.8195848644677306,1.3816410860664938,0.5412487435163257,,,,,,
782,1.3741765931198138,0.7674748092680039,0.7276435374474993,0.514201432970353,,,,,,
783,0.9863551598346532,1.1077021428005633,0.6707137476291417,0.8617211724344751,,,,,,
784,1.763062412584107,0.7193657916754518,1.0398795810297585,2.0643578018095514,,,,,,
785,2.044306598645784,2.0299073004101333,1.8636959363416414,3.3803808839393628,,,,,,
786,1.3056007509279124,0.7848561840813457,1.3668118673571263,0.6923032152081081,,,,,,
787,0.7679748332250527,1.1551330255003467,2.1317445327278195,0.9421134296143578,,,,,,
788,0.6078864268051125,0.6813223177129986,0.9693867189494746,0.8371477149873945,,,,,,
789,0.8705019442820717,0.8538554405560559,1.4642601766796493,2.5756730577231344,,,,,,
790,1.4002740643662162,1.4539564672192284,1.2975338573223663,0.7028125518669982,,,,,,
791,0.7536867955151234,1.1681623476409195,0.8803845579945039,1.3900647464934035,,,,,,
792,0.598018734565899,0.5845684779867315,1.4588696755900132,2.8584807678170594,,,,,,
793,1.3336249256819654,0.615899583135883,1.4159845099971538,1.0794081066072065,,,,,,
794,1.9612311171016115,0.4057484924659995,0.4633619706643294,0.43978996399550874,,,,,,
795,0.6962425916256493,0.7796693409958046,1.7824743017815323,0.5309532028426716,,,,,,
796,1.088276455278354,1.1671748419466326,1.513310074637841,1.81061589124697,,,,,,
797,0.9251688631534661,1.171993508384787,2.1310152543299026,0.6257678257028146,,,,,,
798,1.6389203042489413,1.3885581905077486,0.8734183112649521,1.1253560629372654,,,,,,
799,1.1861145811700011,2.3145311578682697,2.3362751222527325,0.7100513994897721,,,,,,
800,0.6079991135981858,0.3752682296923346,0.8721074564405655,0.9484320898989497,,,,,,
801,1.3134367860617469,0.6481613290326697,1.3588199677106643,0.8107951192155191,,,,,,
802,1.4951325431574667,1.6299554544945296,1.2708907295508687,1.9490901411432087,,,,,,
803,0.8090106459015522,1.2562822984780864,0.8183052199487443,0.9810074635128035,,,,,,
804,1.0971140758825364,1.1770064516970897,0.9082922491989622,1.1469449725331144,,,,,,
805,0.8603296797452912,1.7026815438230771,0.5688470314473685,0.48497460986695645,,,,,,
806,1.0418347546141007,1.1047023832203162,1.3309152506011914,0.806640466035877,,,,,,
807,0.5106150901920194,0.987881790804691,0.962844032219289,0.34689808508225467,,,,,,
808,2.6507014924709273,0.4069547346284887,1.6071481388111735,0.9628440322192889,,,,,,
809,1.04771980962433,0.5935134109511313,0.8700649604325564,0.47726264709939537,,,,,,
810,0.9574180861815001,0.9237757909200341,1.1874981385504586,0.3673404139877914,,,,,,
811,1.9055263276834957,0.8593566532000767,0.8515058748703216,0.7941410080502609,,,,,,
812,0.5678141712306082,1.168910111855812,0.5174479350269926,1.4348221809990638,,,,,,
813,1.5388079944243065,0.9649866564016135,1.3451381572016177,0.95285342713228,,,,,,
814,1.910551966206622,1.4538423858811622,1.5798979976931582,4.821382336322845,,,,,,
815,0.9697466715063631,1.116292694583602,1.191830677140949,0.4345515427989776,,,,,,
816,1.3060075075991116,2.3828667319460655,1.4685301710402532,0.6245774216557849,,,,,,
817,1.4017381810813416,1.2339416273610762,1.9626019101794858,1.4038576918393029,,,,,,
818,0.7473875381161731,1.1206645959501844,0.6369714197946169,0.22951897427498918,,,,,,
819,1.1439667080661562,0.6879925827471359,0.3682762703374729,0.674526682397543,,,,,,
820,0.8461962143270451,0.8707392541397552,1.5336625305688518,0.9188659494891314,,,,,,
821,1.43337288536893,1.438856296494567,1.3421459810814418,1.5034601914337578,,,,,,
822,0.7505768965286848,1.8324943669600082,0.9360178890987216,1.0454867879524845,,,,,,
823,2.1115149897512167,2.3367519365560283,0.617018173567529,0.5151772312275532,,,,,,
824,1.4151850200117855,0.8222588203243243,0.9278270363090215,3.6172873013791254,,,,,,
825,0.7781555220663969,1.4728158837575251,0.8183052199487443,0.43455154279897773,,,,,,
826,0.7574529195445817,2.6165782658973176,2.1533062408892185,1.315770138256381,,,,,,
827,0.619903035752612,0.8615351231370106,1.7013698397873072,0.518009520145219,,,,,,
828,1.9606921585442092,1.624789570943992,0.5228244301524275,0.9359710804446595,,,,,,
829,0.6834482213827742,1.0594212849123688,1.4902434090915913,0.7085576522084412,,,,,,
830,0.6590443983260351,0.5371107097454132,1.1003944814953264,1.076867142515922,,,,,,
831,1.0191390366686384,0.6558960484192411,1.3830647352890844,0.20718326008251634,,,,,,
832,1.4454866088594585,1.4641458788039285,0.5462750392916184,0.9356777253700524,,,,,,
833,0.7405049472394354,0.6341587871347182,3.3109828450784136,0.3673404139877914,,,,,,
834,0.9942121136167562,0.4789309269612494,0.45498790596529876,2.801378801312259,,,,,,
835,0.9479727294267926,0.9433733222790631,0.9892332321289249,2.4349362955550395,,,,,,
836,0.8415476532876502,1.7461989351087703,0.9461398661929419,0.4667466593307232,,,,,,
837,1.1549407541328345,2.137516784568453,2.6939851457505375,0.674526682397543,,,,,,
838,1.0534541778483462,0.7679010289742214,2.600618247975332,2.2847249886509844,,,,,,
839,1.1689101118558123,0.5340583265409011,2.2668251114442954,1.3355956822245982,,,,,,
840,0.8194402992098608,1.7205480539977707,1.7908189912869716,5.168334158455092,,,,,,
841,1.5694948467854661,0.46968992070723087,1.4221424326113474,2.8999654204516805,,,,,,
842,0.8741620773823663,3.1608547892700476,1.2071050823406422,1.102373437888523,,,,,,
843,1.3217903352213696,1.7482000182034914,0.43916313566933163,0.8970090092282362,,,,,,
844,0.9891047911754415,0.4705658271427074,0.9566899663907508,0.8544255669796614,,,,,,
845,0.8468547182403784,0.9918934213504844,0.8296075501514246,1.4077534208220646,,,,,,
846,0.8453108232964963,2.079260254474488,0.8163392522376126,0.7899263826530566,,,,,,
847,0.8288590725396747,0.3179716296946213,1.2731981505916523,1.2595051524185101,,,,,,
848,0.5427688014506573,0.5197428681710085,0.7892156578000842,1.4710503070865235,,,,,,
849,0.5547763198636939,0.35527541692656367,1.2616767996149614,0.5391960007660553,,,,,,
850,1.530785928145276,1.4277969390615544,1.3431361916445483,1.3427752852689612,,,,,,
851,0.8202198863724096,0.5503656835036018,0.9600524226527423,2.780920696316237,,,,,,
852,0.7793165428495955,0.6944731252071813,0.8209962500197111,0.5143793693022358,,,,,,
853,1.1946733626141413,2.30307286361802,1.6324133365673488,1.1810776842445119,,,,,,
854,1.0115200321620923,1.6157900002872967,0.5638143944439524,0.3969300598738915,,,,,,
855,1.001049520223123,1.794095505535456,0.8801043207939753,0.8027537809064142,,,,,,
856,1.1288475734439234,0.7153753890624889,0.5406880509843786,2.9387863813438617,,,,,,
857,1.1884570763898912,0.7439217207063836,1.317171480088851,1.7179279714593207,,,,,,
858,1.5068121252312636,0.9918004993747587,1.481882451277691,1.0746489248634619,,,,,,
859,2.1894349701375404,1.1915199488447745,0.5805213442059785,0.3819197838404581,,,,,,
860,0.5909298917739916,1.0776892518411278,1.323683298614464,1.2175314904762728,,,,,,
861,1.343432841651032,0.730287809611264,2.5623664217227065,0.674526682397543,,,,,,
862,1.5025441686160075,1.0180270898318862,0.5415480059889131,1.2876521233078502,,,,,,
863,1.1329199424735463,0.5611638837693461,1.023783826254546,3.0596691616921065e-08,,,,,,
864,0.6308266200506458,1.7135291128138004,0.7084071149278391,0.9849110238882628,,,,,,
865,1.7981864839565191,0.635814460353019,1.1892000130780203,0.789787163667439,,,,,,
866,1.4949428064765138,1.1067078330412592,0.6812681634382515,0.7215007230757242,,,,,,
867,0.8555750650020617,3.2684016514385577,0.8503015165425701,1.6203852339465556,,,,,,
868,0.5461874041524873,0.8513740083995525,0.792245764091293,0.7882087648999464,,,,,,
869,1.4299499144484715,0.8765459964335416,0.5987095687687266,0.7320490572219202,,,,,,
870,1.8643909907227443,3.8749834264166254,0.6633169157662395,2.3030728636180196,,,,,,
871,0.8004756410478884,1.9862948140667298,1.1652460253436914,0.842654735634415,,,,,,
872,0.7958532164936613,1.2860635629088548,1.0554034149122926,1.313203638777624,,,,,,
873,1.0981375150676977,1.5417173681103726,0.8157866755527297,1.6045635864614944,,,,,,
874,1.1431661632098293,0.9218162056061948,2.209041162244103,0.2105989127522622,,,,,,
875,3.6005728192779665,1.8033814991853794,3.195257054114945,0.9162999349952308,,,,,,
876,0.40186366228857945,1.3489760600419403,1.29123141007913,1.1985495418363816,,,,,,
877,0.42615987667238675,0.7025424958207016,0.7597162122146625,1.4840015913712856,,,,,,
878,0.8596180485978436,1.3069662223226346,0.7665448394294252,0.6821997270261746,,,,,,
879,0.51086027352687,2.1077937191540186,1.1012659787107388,2.006138531658172,,,,,,
880,1.0024780105644568,1.151353034944713,1.2197285063519685,1.8570999940312045,,,,,,
881,0.7402600580276356,1.1075692481977768,0.9055181036052053,1.0761812119565741,,,,,,
882,1.6342270273733115,1.1721964376085512,0.7005255798034291,1.1535232527223949,,,,,,
883,1.1041454611339871,1.4742076713250893,2.6165782658973176,0.6663256518269872,,,,,,
884,2.199037849341581,2.0051021849311583,0.9140022023201101,1.4402842734743977,,,,,,
885,0.6063303489736358,1.315770138256381,0.8428943049859297,1.158745935827313,,,,,,
886,1.5061147730306317,0.48554018448999586,0.9790674353701477,1.431511894542776,,,,,,
887,0.8488647679889444,0.5703572021214037,0.927052376540044,1.5836958799234697,,,,,,
888,3.2777926724299267,1.2351108866338056,0.7043454722698619,0.8721074564405655,,,,,,
889,0.6292727327719143,0.7677594542436215,1.956652844853847,1.3582187433365274,,,,,,
890,1.4371508803058692,2.695124823907546,0.7530902441230036,0.9401908002032159,,,,,,
891,0.8715621699514802,1.3221927462406775,1.0044482540464015,0.45383614885815704,,,,,,
892,1.1546710436069862,1.278114737332367,0.9222940217126543,1.1666651219051956,,,,,,
893,1.6059679985571325,1.274450964045364,1.114922078825555,0.7563405676914403,,,,,,
894,1.435189939600364,1.3472378149772373,4.1182053436522805,1.1077021428005631,,,,,,
895,0.8761428969863703,1.7062676766537206,0.5859102441967222,1.0454867879524845,,,,,,
896,1.4855063734786327,0.7808097268342197,0.5180648736653319,1.8722308784186072,,,,,,
897,1.5722705490792277,0.5923612310650442,0.5723287111367298,1.8379683066080472,,,,,,
898,0.585342250686524,0.7530902441230035,0.6158995831358831,0.8124811003447054,,,,,,
899,0.912562988170947,1.06420859705007,0.42539681798406026,0.4976943532069463,,,,,,
900,1.3824492656534706,1.2116877625369236,0.5855654483435053,0.4361996861843207,,,,,,
901,1.011433569603094,0.9361716242070234,1.214339877767983,0.7683306681853896,,,,,,
902,1.0612907266063407,1.13795241665039,1.2850586991103952,1.076867142515922,,,,,,
903,0.6595605375634532,1.146944972533114,1.2391411039229483,3.2684016514385563,,,,,,
904,0.6899467365558217,0.7175512059690098,1.746450479844906,0.7889983239406725,,,,,,
905,0.7022296942279547,1.435693411119241,0.42575249164934115,0.6404187524365159,,,,,,
906,1.2161840803878496,0.7506285487590973,1.0623851378596807,0.4875258993801048,,,,,,
907,0.5611896914683788,0.8528748534911594,1.5393120059682848,0.4161239419722295,,,,,,
908,1.0569815185902727,0.704662812846262,1.5843641898383256,1.0631075603008255,,,,,,
909,0.7622186200358525,1.7702784399410751,1.624789570943992,0.34689808508225467,,,,,,
910,0.8343238391250816,5.217162003189629,1.5867988035176872,0.7482306447554089,,,,,,
911,1.0249103708025329,0.935170541822437,1.683810989266481,0.800926734861529,,,,,,
912,2.097764015778915,1.009831191269642,0.9639709493708672,0.9479007632854085,,,,,,
913,1.5576421507620326,0.5705257804129389,1.0137823487291213,1.0130055910255693,,,,,,
914,1.7462754386801347,1.380822272836683,2.100958307173746,0.6917976449585203,,,,,,
915,1.269211594151806,0.5644886768083952,1.701805084227605,1.6076187716027779,,,,,,
916,1.0268477010900017,1.3139586584841603,1.659948369976296,0.9793838999131022,,,,,,
917,0.46514841043698263,0.8247106510765101,1.6847642504598914,1.5663308437781271,,,,,,
918,3.6679059333823876,0.7324822978821267,0.35856914800750406,0.831320278069383,,,,,,
919,1.458957486905758,1.9606932964969603,1.510500589376459,0.7726197186655681,,,,,,
920,0.7931180113987444,1.004330277021008,0.7284482112635773,2.1069077627410873,,,,,,
921,0.5450383806461239,0.8556404537851304,0.9519202348920398,1.2864902574597479,,,,,,
922,1.545416781478386,0.6059894410316039,0.3840646658670875,1.640165233031094,,,,,,
923,1.087563361253458,0.5103034878407606,0.8365120089446016,0.9766062503115394,,,,,,
924,0.8852307039603222,1.8112027088980838,1.6847642504598914,1.7646687382224238,,,,,,
925,0.7152836156856079,0.7560350233720765,0.6324218910795355,2.514498467524904,,,,,,
926,0.39893973483642,0.5306097403677952,1.7092272358314364,0.6962028864525022,,,,,,
927,1.1333431969203969,0.9162463950217434,1.5098321306325868,0.7126715569949711,,,,,,
928,0.8324758359322871,3.5390324472800376,1.3180323700743366,2.4349362955550395,,,,,,
929,0.7964074572299467,1.1255085226024455,0.8368474073216536,1.179754756894706,,,,,,
930,1.1200881680305703,1.2319977580451025,1.5387187604431465,2.00184884773822,,,,,,
931,1.409486898237318,0.48350187742128714,1.417515925581717,2.3030728636180196,,,,,,
932,1.1579304924892964,1.5297536254929207,1.0883863295780298,1.5289676976201956,,,,,,
933,1.323029691980172,0.9616591654615182,0.6554177928671687,0.9349166333133818,,,,,,
934,1.008193670593637,0.7699306519224034,1.2222072819377172,1.701517002942884,,,,,,
935,2.7011337841399903,1.4552043829768182,0.7990679226576616,0.67421538872436,,,,,,
936,1.75017072092597,0.5837235139572264,0.3044262798460445,1.0226539498537222,,,,,,
937,1.6166005325997588,4.373634217479008,0.8170708582457287,0.38986664315524516,,,,,,
938,1.4361862734911215,1.141405001343359,1.0842629331373226,0.3532999608699945,,,,,,
939,0.9698824016387072,1.0415442280615603,0.5491388344811163,1.3003976250637097,,,,,,
940,0.7070643538022172,1.536326429371123,0.9874966280724856,0.17107029810195404,,,,,,
941,0.6668347453307024,0.9458643599441172,0.7357147732304665,3.078550391953205,,,,,,
942,2.4217726947073404,1.8805150140567624,0.8803845579945039,0.9625653981473112,,,,,,
943,1.4003458569937124,0.6720958153348705,1.5017034975553707,1.4149972896644698,,,,,,
944,1.6192523119130495,5.218734771911296,0.7858534978177079,1.3367958387477121,,,,,,
945,0.8967954300507318,0.4933604165457834,0.6429399055791903,1.387256844039282,,,,,,
946,0.7298295831732393,1.414075439960303,1.1820168927213974,0.7752199512201957,,,,,,
947,1.030538230356912,0.8185547947285948,1.431511894542776,0.5919217603644705,,,,,,
948,0.5975648879020122,1.5031500871519194,1.6941152909372392,0.7826921386974869,,,,,,
949,1.5297536254929203,0.9007907606098667,0.659819944081747,0.9738691619233937,,,,,,
950,1.7400235767382106,1.2978151534573756,0.6956599778797484,0.3048746465735661,,,,,,
951,1.186104289072483,1.162770736402134,1.8345455763729426,0.5678698810890889,,,,,,
952,0.5615509076570613,0.7744424120250052,0.7682595412431868,0.9448928243011676,,,,,,
953,0.9325196171638976,0.9482216229733452,0.7124689915709609,0.3673404139877914,,,,,,
954,0.7769763296507115,0.7306153317568467,1.0180270898318862,0.7563405676914403,,,,,,
955,0.40588241241882017,0.39270564210490083,0.7457136802223734,0.8893144349966202,,,,,,
956,0.7702128747158824,0.886351964244952,1.3736901539714708,1.0548028128135052,,,,,,
957,0.44997056892147264,1.1880150229421846,1.1900963695466402,1.1503730846980142,,,,,,
958,1.318973524317118,0.5123417812259025,1.5045418753468263,2.0643578018095514,,,,,,
959,0.6675025102662413,1.1167830375489585,0.9390907394077316,1.2070138295050301,,,,,,
960,0.9256999394000489,0.7165070486533874,0.9472745160336599,1.088577353810234,,,,,,
961,1.5388535646068817,1.092290388717116,1.7381080288024635,0.5160037202464951,,,,,,
962,2.430189737892413,0.38670885994280046,0.6779015352366884,1.5640476978664322,,,,,,
963,1.1339887118045073,2.054421831875345,2.601093798433418,0.5585182250402924,,,,,,
964,1.7005963217608673,1.894717354600136,1.1990278559692267,1.701517002942884,,,,,,
965,1.1379494786906466,1.2083946707837785,1.17700645169709,3.6172873013791254,,,,,,
966,1.4820685159964315,0.6488982190006879,0.4487128664817405,1.1037439977934462,,,,,,
967,1.5214312884581427,1.132212644547218,1.5034601914337578,0.6260519070735034,,,,,,
968,0.9942422545574697,0.7479574381278115,1.0070063208631566,1.5255139793458738,,,,,,
969,0.43913052810424336,0.5824849184716504,0.4690838395564778,0.44279090263545745,,,,,,
970,0.6765373884994236,0.3898063282436965,0.3712159071392928,0.8772507224837478,,,,,,
971,2.9200845716510573,1.317638515998697,1.0595489955600574,1.3819174944131931,,,,,,
972,1.3134293376303028,0.5485461162289205,1.6269543453470194,0.692064472684949,,,,,,
973,0.5158986424172213,1.1004595397991932,0.44809405093810106,0.3982570607855878,,,,,,
974,1.0292524572477726,1.1053876574369679,2.2043520356514157,0.9628440322192889,,,,,,
975,0.9258856817801597,2.2200135760057003,1.2031177234205528,1.0675898308860312,,,,,,
976,1.4745115216402478,0.6540283802169309,0.5031299304272374,3.0224796972259984,,,,,,
977,0.8390373943245715,1.7092272358314364,1.7801824858099171,1.0943833577950903,,,,,,
978,0.943463038336304,0.581065063046155,0.5985844341677933,2.198259176353812,,,,,,
979,0.8750122839708951,2.4195571138476293,0.29598803567713083,0.7490713858717856,,,,,,
980,0.9329522277586391,1.3465165220473774,1.2835154250881318,1.3413871484349298,,,,,,
981,0.8599419955198782,1.0326127165030012,0.9014595850202499,0.3023230004303997,,,,,,
982,0.7620913403532057,0.5247222979390178,0.796896944116651,0.9026010821559741,,,,,,
983,1.2880330304747558,0.5103901130285284,0.6590625234050816,0.9109733100769608,,,,,,
984,0.3500164848968571,1.6566371233607453,0.8046431406827135,1.431511894542776,,,,,,
985,1.15609829977781,3.5240264561087082,1.1213987282188045,1.2106095510813752,,,,,,
986,0.6769904636502903,1.132289508579342,0.93338277260719,0.6057211550082854,,,,,,
987,1.2270331018177774,2.222137593530736,1.8696562534734533,0.585910244196722,,,,,,
988,1.1887732634086032,1.546766196224544,0.7071933604377426,1.3975274869438763,,,,,,
989,1.3774463339344027,1.219882817179571,1.6493801787339295,1.0083983239515535,,,,,,
990,0.5116619751992628,2.258872927262364,0.28035908006631477,1.5181957066256844,,,,,,
991,1.1055500173656163,1.1290394125078147,0.9976827993910835,0.921816205606195,,,,,,
992,1.5025441686160075,2.527945347380862,0.8047265298169759,0.9068489932656437,,,,,,
993,0.6406513047166935,0.3608403498254593,0.977542632610955,0.6102784934354076,,,,,,
994,0.7741067746386221,0.6079767758388221,1.2051398464096583,1.6612611568099582,,,,,,
995,1.649640817354506,0.7848561840813458,1.2271852837134944,0.9950061333407169,,,,,,
996,1.4218213059466964,1.1747314342347732,1.1077021428005633,0.5680512050104747,,,,,,
997,0.8603296797452912,1.678326721558197,0.786193010564908,1.4974658636192908,,,,,,
998,0.8778892330343921,1.5544449656953965,1.2087100145049297,0.8784479972922942,,,,,,
999,1.48058386035775,0.5263491177595367,1.124551312307155,0.64286605449085,,,,,,
