,GYN,Lower GI,Biliary Adenocarcinoma,Lung Carcinoma,Salivary Gland,Adenoca from Extramammary Paget's of Scrotum
0,-9.618857473866,0.3239056850241253,-22.566184686399,-30.933319548014996,,
1,-20.539596191201273,13.771087054607124,30.266296351753464,-5.294027722061667,,
2,-3.06641290041851,35.0848689833505,-64.99950418903434,-2.724122014567333,,
3,-1.0615602075910535,-5.8169736509140755,-35.53524007412434,-29.797776169015,,
4,-18.64884203550291,-27.17557678057763,-48.265238113582335,-46.35275014521333,,
5,-11.737806216699546,13.81591099136555,80.23004452542433,-22.2075931923292,,
6,8.294417864947635,-3.844719065613576,-26.988813113254327,-49.580073591840005,,
7,-9.325464433264273,-39.99522406147338,-5.294027722061667,10.603528515010334,,
8,-16.69288843148991,-6.556566897533376,-2.783887263577667,0.32390568502166683,,
9,-15.600814335915821,16.079519455693177,-35.59500532313667,-36.61101455633087,,
10,-7.630304394406181,14.5555059478835,-75.51818801506668,-52.32927504636766,,
11,6.811153048570454,30.82659499127725,15.026156941865667,-21.550175453202666,,
12,-2.6752209360494565,-25.44985521537,-34.758291836973335,3.9695858747274664,,
13,-15.470417677692875,-3.553364844600575,-50.596082825033335,-15.573650552046999,,
14,-1.4364513150285076,-1.8724672161511249,-23.223602425525332,-26.27162647733333,,
15,-19.18673052016942,-13.437041531967747,-55.01870760410667,-27.885291848427332,,
16,18.465375610972128,22.2428124699125,-13.959988828736334,22.257752072263667,,
17,-1.012661367487002,2.1392799114684973,-8.342055421651533,-13.481863188861,,
18,-19.887614889790814,11.238534285758625,-11.031491627172,-42.049652216380004,,
19,-2.7730208546662727,9.400754588555497,25.485076430828332,30.385826849776667,,
20,0.9595918498903999,-32.48721328647883,5.164895414684999,15.026156941865665,,
21,-7.760701550052692,-19.7348032786402,35.22681566750933,20.106203107846135,,
22,14.520870419772182,-11.890612635977504,2.3559323589399903,-37.50749329150567,,
23,26.615182543077548,-4.786022763485001,-32.00909038244234,-47.96641186852333,,
24,2.8014484090532714,-16.910897998681875,2.355932358939995,6.778552578268999,,
25,-19.382325880570907,2.4754549914179993,17.655827898373666,22.915170723333333,,
26,-9.58625824713282,-26.884222559564826,2.1168631553693333,-26.211861228321,,
27,-10.336040462004961,-10.926902441401124,20.703855597961667,0.6824971790924668,,
28,-3.359806935869872,-10.88207850464125,31.043244588903335,10.484002576729997,,
29,-6.668627454477636,-7.542693506222749,-21.72947120023767,-21.968532196282997,,
30,-16.220199892564725,18.993075686991872,-20.115809476925666,-53.82340627165633,,
31,-6.375232921597822,-14.804171603106251,16.40076222887333,6.121134839144335,,
32,-10.270843003386965,-13.77322105765725,94.81276619618565,-11.091256876183666,,
33,-30.645357722170818,13.345259655399875,-32.78603861959187,-43.065661449579665,,
34,-4.8104702870979095,6.195843110305802,5.643012847050667,8.750805795651333,,
35,5.52348259774082,-18.165966860007075,-2.4252957695056665,-18.621678251636336,,
36,-28.444909917653966,-5.8842078461471985,6.718787329258666,25.664372177864333,,
37,16.39532496210231,26.971736430033122,-20.534166220006,68.15746422509066,,
38,-22.022862251139728,3.685702651826672,-6.011210710200999,-10.135009244215,,
39,1.6604752246617265,-24.6654376900115,-55.556598492991334,-2.485060106573331,,
40,-9.43956172683109,3.327111157751925,-15.752946299083334,15.623809431981,,
41,-7.77700091470769,-10.456248027618628,-10.433839137055667,60.328216604577996,,
42,3.3882342415455806,-17.135016314557202,-61.47335814513334,17.177705906281002,,
43,7.83802869067818,-9.178767197914748,-3.9791922438080007,-26.869282615230997,,
44,-3.9954908623248744,-9.290828749709,-17.964260512508996,-9.477595152871,,
45,3.877222891261273,-21.594998022043075,-21.968532196282997,46.462678833899,,
46,6.680757385198635,18.365541940288246,5.22465610397,-6.668628449328001,,
47,22.23058729354976,-11.397552067469377,-28.901301081624,22.676113375083332,,
48,-6.4404326186306005,-17.672903213680875,62.47976556899332,-13.183036943804,,
49,1.9538692601176344,-29.9546608596155,-21.07204981333,-25.554443489195336,,
50,19.475951639714363,-7.677165658478875,-48.38476861160567,-23.462659773791334,,
51,-26.032568134219783,-0.21398121410087523,68.45629047014934,-16.64942138647567,,
52,2.4102564446852734,-23.9930786386325,8.750805795651,-2.4252912097810033,,
53,-5.152763162654726,-2.4103530893363265,35.704933099859005,16.400762228873333,,
54,-19.936512735041966,34.591805679005425,-1.7678780303806667,3.6109943806590032,,
55,-7.010919086469456,1.3996818771358743,-33.742282603776665,-22.327123690354,,
56,-4.484479263328872,5.523483716946375,-41.750829619105,8.451979550593666,,
57,-10.058947034769508,-21.415702275009124,-3.2022440066593334,-14.497876069839867,,
58,-4.142188377475817,-10.770016952847202,-31.411441540107663,-34.339935093892336,,
59,6.81115205372131,-11.554435846123626,17.715593147383334,8.033623719458669,,
60,-0.21398031251432928,-23.029363998320374,-23.104068279723336,-5.174497224038666,,
61,2.426556058051001,6.599258541139999,77.06248632780999,14.667565447794333,,
62,-22.642247559078328,-15.700650338279324,0.02507943996599978,-56.21401623212,,
63,30.918280471908403,6.756142661773374,-16.529894536232533,19.628082027696667,,
64,-18.697741124316,4.940771171165676,-9.656890899906665,38.992022707439,,
65,-2.4959264325807817,-6.310036955259575,29.8479396086728,-0.6921035481729998,,
66,1.2855841172300373,-39.92798542049987,-16.171303042162666,-30.634489655176,,
67,-29.846676667198604,-2.522414299152251,16.8191153241558,24.528832446644998,,
68,-10.759829165979328,-15.409294749347751,-39.89810325196667,-20.23533632716767,,
69,6.762254208470363,0.9738527680237503,3.6707596296700005,-8.342055421650667,,
70,-12.43868934275891,-35.71453673310345,33.135031952104995,-24.120081160703332,,
71,-0.4258762811368164,-10.792429263205,-2.5448262675306665,-5.831914963165867,,
72,8.52261245208367,-6.108327529947751,-21.13181506234,27.158503403153002,,
73,-2.8219186999164183,-21.169168912937877,26.142493258010006,-33.742282603776665,,
74,-15.894208371366325,-14.423169508575377,-16.70918572354,-24.359138508964666,,
75,-0.11618387588018143,-31.6131478876045,-28.901301081623,-29.977075563833335,,
76,11.423942636520819,-17.448783871867825,-19.757217982857664,-4.875666419256667,,
77,17.27550383519722,5.052832722966377,-41.21293873022,-19.996278978902666,,
78,19.997539267450357,3.954644904454501,3.013341890542666,-28.602474836564,,
79,-23.147534329887907,17.738005457743,-41.21293873022,-15.035759663161,,
80,-11.21622057866051,0.05496514229374583,-12.107266109379665,5.463717100017668,,
81,5.393087929221636,16.3484634182295,-13.661162583681,35.46587301575667,,
82,-20.295103234260726,-5.884208188132998,55.068874691546675,-53.82340627165633,,
83,-24.109211767240144,-7.1616914116927015,7.555500815421468,-36.96960605040034,,
84,-9.928548884273786,-6.84792282844375,-31.59073363936,-30.99308114924467,,
85,-36.366521019061906,-15.274824306990125,2.1766284043816664,-37.74655428755067,,
86,16.737617837654767,-19.1969187733727,-10.553369635078868,23.154231719380004,,
87,-9.732955513571543,-20.11580674108925,-3.680365998753333,1.6387411632774667,,
88,20.7310218689564,-34.974943144503875,-29.14035842989,17.17770681822567,,
89,-2.6426239477310003,11.059241958524124,-1.9471737774155333,64.63131453340934,,
90,11.505440703350184,-16.686776946970326,-2.4252912097810033,-40.67505148911766,,
91,-7.451007652522509,-4.203308849780576,99.71351661513332,6.121134839144335,,
92,-2.919717374966727,-14.69211176120945,-15.035763310942999,-34.698526587960004,,
93,-4.826770895319,1.9823930549982478,8.870336293674333,-9.358064654848667,,
94,-0.6214706466892388,-30.15636857502858,-3.262009255669333,-7.983463927583199,,
95,-12.357193514336268,7.473325307927249,-24.956790999080003,-29.080593180876672,,
96,-13.22107202792609,-10.545897269054626,10.723059924977669,11.021885258090999,,
97,-26.195563273037273,-17.336724029970377,-23.283367674538997,5.105125605946999,,
98,-22.951939218198184,-15.723062306658875,-8.282290172640002,-6.190506457235334,,
99,15.890036699020765,-29.75295314420095,-61.473358145133325,8.750806707596668,,
100,-1.6809455155297286,-28.766826193531124,-6.130741208225333,0.2641440837933355,,
101,-6.114440351295147,-13.705985152518876,-25.793508133023334,13.651556214599003,,
102,-0.7029677186680907,9.042161726562501,45.26737385365334,-62.967485722642344,,
103,-3.8161961101403636,-2.0517612532877507,-2.12646952445,25.006954438735665,,
104,-10.189343692990455,-50.66331827419875,-2.305765271486333,-15.035759663163333,,
105,-15.5356158824426,-4.337782369958626,-86.75405482923668,-13.481866836643997,,
106,15.922635925753491,4.62700361385425,-6.7881589473506665,3.192637637576667,,
107,-7.874798843620184,-4.427430243475876,-6.011210710200999,23.154231719380004,,
108,-15.291121681945272,-17.852199302695375,-13.661158935896333,-27.885288200644197,,
109,-16.269099727514323,-18.3452639749585,36.422116999942666,-37.74655428755067,,
110,-9.162465812468001,-24.5533778481155,-21.968532196282997,-21.012288212096667,,
111,31.423568237567675,8.683571600417249,22.078457237173335,-39.53951175789833,,
112,-6.14703982674109,-48.89277277223158,28.891695624487998,-31.351672643315336,,
113,-3.783595639840728,3.3046974794737523,17.058175408258332,-6.130741208223334,,
114,-25.1523880175636,-24.46372860668075,36.36235175093233,-13.003741196768337,,
115,1.5463766875325453,7.899153049119499,-50.297256579975,13.412495218553333,,
116,-16.66028945346842,23.2737619894228,72.10197065985233,-69.661193611935,,
117,3.5186321433291807,9.535225030913999,37.438126233140004,-26.03256912907,,
118,-1.1919571145265089,-4.360195706256574,7.555500815421468,-3.680365998753333,,
119,-13.155873325747455,-25.3153834050947,-56.09448573409467,8.750806707596668,,
120,-15.470417428980545,-3.015475893598376,-19.398626488786334,-9.77642139793,,
121,-8.608281445125238,-4.0464281489455,49.80953277854667,-20.175571078155,,
122,-4.794170673731819,20.584325441924175,-54.301528263749,-10.85219132041,,
123,-17.295974374772,-14.2214600832652,-7.326046188455201,-46.890637386316676,,
124,-16.8558848138706,11.731601009904676,61.105164841728,16.520288167153,,
125,-14.981430271539544,-30.739079752891875,-25.73373923622833,15.862871339971,,
126,-9.374363024651815,-22.670772504251627,19.807376862789333,-8.222524923628333,,
127,-11.346616490745635,-38.89703624296808,20.106203107846135,2.355932358939995,,
128,-6.4730308505143626,-3.2171836090124497,16.759349163200334,-16.111534145369003,,
129,6.7785538218367245,-32.733743228755,45.32713819072001,26.740146660072337,,
130,-11.460713535600691,-24.037902575390078,-9.776421397928667,-3.0229482596233335,,
131,-21.615371916971093,-5.660088504340575,-29.977075563831665,24.5288315347,,
132,-24.679699229926545,0.2342578115055005,30.08700060473667,-6.907689445373667,,
133,-27.124641234945003,-3.8895443702908747,2.654751308420001,34.390098533551004,,
134,-17.247076529522637,14.712389726539751,-53.942936769679,-20.354866825190868,,
135,-1.110459047691055,-11.106196820517447,-16.11153779315133,47.06033132401533,,
136,-6.147038583174514,45.46161068496038,82.97924597995333,-42.16918271440633,,
137,-12.797280836827726,33.13502773434825,-49.58007359184,-28.482944338542996,,
138,-15.095527565106545,22.108341001615628,-21.490410204190336,14.189443455702,,
139,-24.89159320884528,-22.670772162272122,-61.2940623981,-4.636609982936666,,
140,21.969792733543002,-9.873539927571702,-17.366608022393333,-22.327123690354004,,
141,0.3891063769066369,-21.572586053664626,31.521366580996002,-56.09448208631334,,
142,3.6490283041267264,-20.093394772709004,14.189443455702,53.69427396429433,,
143,-10.205643555069999,3.7977607838194993,-17.008012880542335,-14.139280927989,,
144,-8.526782134724913,17.536299110252628,-1.409286536311667,10.424232767974134,,
145,-4.354083102527457,-15.185175065555871,-39.00162451679301,-17.008012880542335,,
146,-32.144922151914784,-2.4103544572546243,-34.51923084092667,-6.250271706248333,,
147,-8.510483516213327,-16.417833326417952,28.054981226382,-36.611014556332336,,
148,1.334482708614182,-7.677165658479325,-21.550175453202,-16.410364038210002,,
149,0.3239059337403638,-21.124346686078248,6.180900088156,-33.8020478527882,,
150,-0.5399738234163637,-20.33992779280075,19.747611613776666,-7.086985192406668,,
151,-9.961149105856272,-11.307903168012249,-9.895951895952667,-25.494681887964664,,
152,-6.456732231997145,-9.828715648833374,11.9781292422758,-14.975998061932335,,
153,-10.547934192211093,-15.297236275369123,-9.477595152869332,35.46587301575667,,
154,-14.394644190334906,19.0378999657275,-18.68143985286767,-29.558715172966668,,
155,3.7794249623480893,-0.9759871130603752,-19.099800243728534,-67.56940989653067,,
156,-18.110957032811875,-8.775353476984375,-48.265238113582996,-26.211861228321,,
157,7.528335041854945,8.638746295733375,-19.757217982857664,14.667565447796,,
158,-4.8267708953190915,22.668638501200125,3.5512336913733322,-20.235339974948335,,
159,10.054777352122636,33.35914776012037,53.33568247022533,-9.238534156826,,
160,-23.897316793471365,-2.9034160517027,33.254558802331665,-69.00377587281001,,
161,16.884313114394185,-17.135016314557003,13.35273088148667,-11.091256876183666,,
162,-19.00743352957318,16.59499472841755,-80.83729517709334,1.5192106652520003,,
163,-5.217960621267964,-5.189438536291576,3.0133418905426663,-6.369802204269998,,
164,5.588682046060362,-33.518163831928575,-17.904495263498,-9.776417750146669,,
165,-1.0615602075870536,32.059253252140046,6.121134839143333,-17.964260512509,,
166,0.3891053820527281,10.5437646339163,-3.202244006657867,73.77539763217533,,
167,-17.29597313120709,-11.375141808985823,47.17986182203833,22.67610881534433,,
168,20.274633938248222,-0.5949819407072514,3.312168135601,-27.765757702622338,,
169,-5.739548249004911,12.80737241429,3.7902910396366707,23.034701221355665,,
170,-8.624582053342818,10.79029526015055,93.318634970897,7.316439819373667,,
171,-18.648842284215636,-11.800967498296249,-9.77642139793,-4.158487990842667,,
172,-1.583147835328508,25.6718426060105,3.6109943806590024,0.6824971790949993,,
173,-14.036052696265324,21.637688297730747,-22.984541429479666,24.82765777976,,
174,6.648157163614273,2.6995760431299987,-27.52669670657667,-42.40824371045,,
175,29.125322752849854,-21.079522749319874,6.360195835191003,-30.813789049991332,,
176,-5.1364625544339635,-0.5053357770947506,-23.940781765883333,-5.054966726016667,,
177,-1.2734561762097811,18.4327781874053,3.2524028865891332,-39.12115501481767,,
178,-2.577422260998728,-21.05711078093975,78.974974296182,63.49577480219,,
179,7.430538356508546,-16.574718472991574,50.88530726073767,-49.16171684875567,,
180,-29.015395390642052,15.63128213998925,17.7753583963958,9.348458285766334,,
181,2.7688489336035462,-2.3655274426752526,-11.091256876183666,-12.107266109379003,,
182,-12.78098122345582,-12.719858543828124,37.258829574159996,-16.888486030301,,
183,0.35650491175667265,-18.703853759130375,-19.518156986810002,52.558734233075,,
184,-5.935144852972511,-15.588590496383123,-11.509613619261998,57.698545648068325,,
185,19.443353656541674,-4.337782369958698,-30.455197555924997,-12.585388101472333,,
186,-1.3223530266063634,11.955717615880252,-2.126469524449867,59.25244212237033,,
187,-25.999968907486185,-8.50640677861125,-29.498953571740003,70.54807418555234,,
188,-1.566848470673728,-9.290827381791201,24.230006201586672,17.655827898373467,,
189,5.572383427544178,-40.12969450383176,-9.656890899902999,-32.18838612947667,,
190,-5.886246012872909,-8.640880298790702,0.02507943996579994,-61.65265024438667,,
191,-10.85762709489242,-20.384751729559873,-24.17984640971167,-26.809513718436666,,
192,7.218643382735581,2.6995746752120002,-20.534166220006,-38.463737275689006,,
193,14.097080223524271,-2.4551766841160747,6.1211348391456655,-17.665434267455666,,
194,-4.500777633129363,-12.047497782551199,23.1542308074348,-28.482944338542335,,
195,4.936697511390363,-20.967462907422497,19.628081115753336,11.021889817833332,,
196,-14.932530187876694,-0.5949850185286243,-6.250271706247335,52.91732572714533,,
197,-25.96736868590191,-5.615264225596002,5.284421352980002,-3.9791922438080003,,
198,3.3556350148121807,5.232128469999248,-29.618480421980337,-47.428524627419996,,
199,26.84337713021267,-0.19156924572157497,-0.21398155608066668,-56.09448573409467,,
200,1.3344819624803634,-4.808433705924751,-24.77749889982633,3.850055376705667,,
201,3.306734931145583,-7.834050805052,-54.83941550485233,6.778552578269999,,
202,-8.657180036514363,-21.393288938711127,22.855404562376666,6.419961084202669,,
203,-20.37660229594418,5.882075553000497,70.54807418555234,13.711321463609002,,
204,-14.427243417068,6.599256831235127,18.552306633544333,-25.375151389941667,,
205,23.338961251203216,38.40184201338875,-14.378345571816666,-10.792430631126,,
206,-25.26648531113133,-30.044310101051128,-48.20547286457067,-13.242805840597335,,
207,2.964443050442728,-27.870347800337004,-22.625949935410663,-7.86393342956,,
208,-27.04314316811082,-23.7465469864587,-13.541632085654333,-40.017633749991,,
209,-0.800767388572326,-14.512816014174625,-56.09448573409467,-24.897029397851,,
210,3.7957255705634534,-14.87140750824495,8.750805795652335,19.628081115753336,,
211,0.35650615532254515,4.2235881830267505,66.72309824881333,-14.079519326757667,,
212,10.918655865712728,-11.890615713793576,-34.99735648079967,-44.32073167882134,,
213,-35.078852557935605,-0.8415166707018743,-1.170225540264667,0.08484468897746662,,
214,20.40503084518136,13.681440890986373,-37.08914019620333,3.610994380659667,,
215,5.539783205956545,-17.17983854141758,-40.017633749991,-12.107266109379665,,
216,-7.320611989149,22.57899233758092,-37.507493291504,15.324983186922,,
217,11.749936147418037,-6.691037339885376,-5.7721497141552005,64.63131453340934,,
218,28.147346199554992,8.885279315831003,-5.712384465142667,10.603528515010334,,
219,13.005005133095365,9.10939763170025,-8.401819758716664,-18.502147753613333,,
220,-10.221942173587326,16.012283892538626,7.316439819375802,48.733758296322,,
221,0.9921900817779093,5.926899489752753,-33.682517354765004,-36.013362066215535,,
222,-0.8170672506517278,-25.13608731608025,-6.130741208224198,44.7892518615758,,
223,-16.203901274048363,-7.475457601085251,-0.9909297932303334,-13.840458330714666,,
224,-12.503888791075093,-0.9311645442179994,-15.334589556003332,59.491503118416,,
225,-23.098635738499183,-24.530964511817878,26.85968080589333,-34.459465591915,,
226,7.463137583237636,-15.14035215473425,-16.410364038208865,-42.58753945748734,,
227,3.4371330816410364,1.13073654667975,0.32390568502166683,7.196909321349,,
228,-13.889356175963876,7.114732445938751,31.760427577043334,112.44351465459333,,
229,6.892651364116546,-1.6035235955984994,-2.963183010611667,-16.529894536232533,,
230,0.4543038355243084,-5.211850504670375,-48.265238113582335,-5.533084158381668,,
231,-26.130364819570424,-10.523487010572076,3.2524028865891332,0.8020276771170002,,
232,15.841137858919364,2.4082190862813735,26.859680805893333,4.089116372751666,,
233,-6.228536401297003,-11.5096122513445,-40.017633749991,-5.652619216131334,,
234,-24.158111602189546,4.447708208805377,-41.750829619105,-50.775378572066664,,
235,-11.803005665015638,-13.033626101139376,3.073107139555669,72.10197065985233,,
236,-5.869946399505273,-41.026173239004,4.029351123740334,20.644090348951668,,
237,16.1671301262554,-25.046441152459998,-22.745480433434,-25.73373923622833,,
238,13.901485111834363,0.14460993798862543,-86.75405482923668,-39.12115501481767,,
239,-7.548806576284909,-18.86073651184663,-24.23960801094167,30.385826849776663,,
240,-4.3540821076782725,16.124344076417003,3.312168135602666,-20.83299246506333,,
241,17.699295026295818,30.624887617841672,-3.680365998753333,-42.04965221638,,
242,-15.617116187692817,-8.102993057686751,1.339914918222,5.105125605946668,,
243,-0.5725728014381456,-6.085917271465824,-22.386888939364198,-36.55124930732067,,
244,-20.71889318179727,41.80845949714913,-17.366608022393333,-4.756140480959,,
245,-15.405219224225453,5.747602032821751,31.999488573088332,-3.2022357991333386,,
246,10.201471634011945,5.63554219092525,-12.525622852458334,-61.05500140205333,,
247,-9.32546318970242,-39.883162851657374,-7.624872433514,22.257756632003332,,
248,11.635837610289364,19.575788232772123,-80.83729517709334,-22.207589544549005,,
249,13.477694915586126,17.894890604321624,-3.7998964967730005,3.551229131648334,,
250,-17.181877081206004,-0.25880378294187345,61.22469533975113,30.26629543980933,,
251,-15.470418672542364,7.092320135582375,-20.83299246506333,-30.216136559878,,
252,-8.901673242165328,-5.525617720002376,-41.691060722314205,-6.608863200316001,,
253,-15.894207625228965,7.809504833621999,51.184137153593326,-0.15421630707099965,,
254,4.512907812566361,-16.843660725626627,59.491503118416,-0.6921035481729999,,
255,-11.21622057866,7.9439766438931745,-54.301528263749,-22.446654188376666,,
256,-13.318870702976055,4.111531418951621,-37.387962793481,36.362351750931,,
257,10.429668459558819,-0.05709777742562672,-36.90984080138867,-9.298299405836666,,
258,-16.350596550786364,-0.23639181455712333,-7.684637682524001,-19.936513729891,,
259,-7.630304643118364,-26.74974938137088,-4.57684108614,1.6387411632750002,,
260,-1.0452618377863268,13.636616612243753,22.257752072263667,-13.840458330714668,,
261,0.5847019860198153,-15.969593958832126,22.915170723332466,88.17882264396,,
262,-22.462951812044185,-8.551233793192326,51.84155124493666,-22.566184686399,,
263,-11.31401726401151,-19.60033283628245,-12.824449097516668,21.779634639909997,,
264,-9.162469294445145,29.168109673185423,12.814842728435666,-24.777498899826337,,
265,-4.305184511143546,20.180910011095172,-5.592853967119667,4.9258298589123335,,
266,4.235814136614036,-27.422109800669375,50.287654770638994,25.305779771852333,,
267,-9.618856230304091,-25.76362414059895,-6.250271706248333,-28.901297433841666,,
268,-11.509612375696726,7.495737276306677,-56.15425098310667,-5.712384465142667,,
269,-6.1470408215905445,-4.987729452959124,-10.911961129147665,-17.067781777335867,,
270,-4.957166807399367,6.173431141931548,-52.32927504636766,8.750805795651333,,
271,-11.134721516976873,-15.6782383699005,-18.14355261176167,15.862870428027,,
272,8.196619189898547,-31.926914076995953,-8.879942662756333,-11.449848370250999,,
273,-4.256283432627693,-16.686776946970824,-36.31219195905667,25.246014522836663,,
274,-0.88226446055669,17.289766090161045,-48.265238113582335,5.702778096063334,,
275,5.8494758599292735,29.369818756518253,-3.68036599875,-9.178768907814,,
276,-25.38058260469891,-35.66971279634438,4.029351123740334,-28.66223643779567,,
277,-16.85588456515691,12.87460968734625,7.316439819375802,8.930102454630001,,
278,-12.12899768363787,-10.882078504640624,33.135031952104995,36.66118164378666,,
279,-23.669123201186725,-3.732657513819749,-35.11688333104333,-20.95252296308667,,
280,-29.096894452326183,-18.591795627131326,-24.23960801094167,0.7422624281056661,,
281,17.51999828441186,6.733730351415625,0.2641404360116664,-3.859661745785667,,
282,-10.124145239523635,-5.929031782906373,-22.327123690354,37.3185957351158,,
283,2.214663073986545,8.280154459685626,-50.83514382107833,51.841551244936674,,
284,5.213789943771546,-7.609929411362625,-17.127547026350666,-34.758291836973335,,
285,19.704146475560307,-19.107267822040626,11.978129242275799,-10.194778141008333,,
286,-15.81271055324509,-16.485069231555748,18.910898127615997,-46.35275014521333,,
287,4.9855966002025465,3.2374632842331224,-1.8874085284043336,5.28442135298,,
288,-13.221072027925453,-5.929031782913126,19.867142111800998,22.855404562377668,,
289,-16.464694839203457,12.224662604351499,-8.760412164732667,7.1969093213490005,,
290,1.6441756112999093,7.585383439927,-34.22040459586933,-33.682517354765004,,
291,-18.290251784996276,11.5523035529718,5.284421352980002,39.051787044506675,,
292,-15.356321130262687,-14.804171603105502,-6.72839369834,62.47976556899366,,
293,-23.750622262869364,-11.778555529910626,4.148881621763333,-17.0080165283242,,
294,-28.379711464186514,-25.248148867873574,-28.841535832612333,-23.641959168607,,
295,6.387365339445854,-21.527763484822948,-2.9034177616,20.76362084697413,,
296,-11.917102958583818,-34.01122713627375,7.734796562455,18.43277613552333,,
297,-17.52416871319609,10.028288335252174,86.38586608555666,-22.3271236903542,,
298,-8.722378738692965,1.8255092763415455,-15.752946299083334,-16.231068291176665,,
299,-18.76293957778309,-39.32286364217595,-1.289756038288,57.638780399058334,,
300,-14.47614101360724,10.229996050672298,-2.425295769508,-19.637687484833,,
301,0.601000355820819,7.49573727631125,22.735874064354334,-21.072053461111,,
302,-3.2783076254704184,-0.32603968807312533,19.628082027696664,-36.31218375154667,,
303,22.76847378851667,9.580050335589675,-11.927970362345333,27.696389732312337,,
304,13.608091822520818,-14.535227982554375,40.90450976386567,-21.13181506234,,
305,-1.9906391643483625,-1.53628769046095,7.675031313443333,-32.78603861959187,,
306,-18.534745985498326,-8.954647856102126,-25.554443489195336,65.04967127649,,
307,-4.924567580670239,-19.8020405516967,-26.869282615231,-10.135012891998867,,
308,-32.81320629995251,-22.71559644101137,-13.123271694794335,-26.689983220414334,,
309,-13.123274347725419,-2.5224129312337498,-42.46800895946234,48.79352354535033,,
310,5.344187845559489,-6.915159759521126,-23.283367674537,13.173434222506666,,
311,11.994429104354037,-16.664364978590125,1.818036910313,-15.99200364734667,,
312,-13.074375507625179,8.257742833286176,43.11582853703333,-25.315386140931665,,
313,-2.8219174563510943,-24.262020891265376,-18.920504496698,-39.718811152712334,,
314,-16.366897407715417,-21.169168912939128,-13.242802192815667,23.154231719380004,,
315,-20.083208011781146,-1.4242264806461247,82.97924597995333,39.35061328956567,,
316,-20.572196412784546,-2.4103527473582016,-17.48613852041733,28.353808383383335,,
317,-21.33827948458445,17.581121679087623,-37.567258540515674,49.98882852556434,,
318,-24.728599064877415,-4.360194338338951,-41.15317712899,-4.457314235898334,,
319,3.7957233321479453,24.61848111812138,24.827657779758997,-33.802051500569,,
320,-13.44926661506018,-22.289770409720873,24.708127281735802,-40.73482038590999,,
321,3.0133431341084544,-25.6739762670815,-11.330313312503336,16.58005797590667,,
322,-26.91274725602655,0.9962664463002486,43.833007877391,20.165968356857334,,
323,-14.01975308289851,-21.146756944560124,53.87357335911333,22.915170723333333,,
324,26.892275970312358,-9.806304022434201,-0.3932727433883345,-26.450922224366664,,
325,2.2635619140869987,19.35166854897855,21.779630080169337,-9.776421397928667,,
326,-14.150149989832636,5.097656659718376,-31.829794635406667,10.603528515010334,,
327,-9.961148111006727,32.39543277783055,-23.940781765883333,3.850055376705667,,
328,-16.073504367112147,-23.455190029609625,56.80206691289666,-3.919422435069668,,
329,8.881202951302127,-18.479734417316575,-10.433834577330003,15.32498318692167,,
330,10.511165531541762,-11.778557239815374,-33.38369475748753,16.04217073480333,,
331,-8.347487382544546,-3.149947703874826,67.978168478057,-66.67293116135754,,
332,5.344187845559363,12.022954888936999,-3.1424787576462,0.5629666810703355,,
333,-10.678329855579456,0.7721481304259994,1.1606191711851335,-30.873550651221667,,
334,8.848605962980216,-5.749737403795127,8.691041458585,59.73056411446267,,
335,-13.090675120992183,4.895948944304375,42.398641901097,-18.920504496694,,
336,14.504570806404816,-2.1638210951840007,8.750805795652335,-47.308994129397526,,
337,-10.482737977155598,-6.265208230781502,9.826580277859334,17.835123645408334,,
338,-38.72996595209582,-13.728397120898752,27.45733329600866,-20.474400970994,,
339,-1.3060544080941832,11.574713811446927,-50.29725657997667,77.002721078799,,
340,4.724801294055819,-1.4466394749642486,-20.41463572198433,-30.335663410119206,,
341,-20.3603016877276,-8.394348646617624,-6.250271706247333,42.21934980186,,
342,-8.07039395530451,6.7785525782713005,-55.198006998923326,-30.216132912096004,,
343,-21.24048080953491,-7.923695600748452,-2.783887263579,23.393291803482,,
344,-20.572198651196093,37.3484781316415,-26.689983220413335,-48.325003362594,,
345,15.857438467136403,16.505348906782125,-33.08486486465,-5.7721497141552005,,
346,-9.178767664251055,8.168096327692249,-49.16171684875567,80.23004452542433,,
347,0.11201095997209051,28.49575062180542,-10.135009244214999,-24.89702939785,,
348,-23.783220246041143,-38.740152464312125,21.958926739147667,13.830852873578332,,
349,-11.835602653333877,-31.904502108616626,-5.294027722061667,-17.247077524370667,,
350,7.28384183620718,1.4669174402875491,21.958926739147667,-9.477595152869,,
351,-16.38319702108178,-29.304713776614626,-49.63983884085,-1.7678780303799992,,
352,-4.891969348785909,-31.366614867514077,16.40076222887333,-20.175574725938336,,
353,-18.469548526880363,-23.612073808265826,38.27483880735767,-22.446654188375334,,
354,-9.178767664250818,-33.159572337860375,-69.00377587281001,-11.031491627171,,
355,-1.420151701660001,-6.8479241963629995,-3.262009255669333,-37.08913654842567,,
356,0.0468135013498551,27.240680050584423,-42.886365702543,-7.326046188454334,,
357,-2.0721362363270006,-13.661161215760503,63.49577480219,-5.6526146564046655,,
358,17.74819287154604,-24.418906037838628,3.4914638826376674,-3.7998964967739997,,
359,-8.852776640476872,11.843659141896875,30.08700060473667,-37.507493291504005,,
360,0.6662000528540889,-6.7806869233055,-11.390083121240666,-5.53308871811,,
361,-3.1642105806183634,-15.005878976540874,-23.582190271816668,31.282304673005665,,
362,-10.808728006080418,-3.5085409078418737,-2.544826267530667,-11.330313312503336,,
363,7.903228387706725,-30.31325508952075,-2.425295769508,-48.384768611605665,,
364,28.228844266388727,4.739063797737426,1.937567408335802,2.8938123044633337,,
365,16.60721968715849,27.621683855011874,-11.330317872229001,34.748693675416995,,
366,16.411624326757273,-16.395421358039002,-35.89383156819253,99.71351661513334,,
367,-11.998600030567816,-14.848995539865124,-10.433839137055868,-29.917306667038005,,
368,-17.573067802008634,28.22680700125513,9.467988783789332,-20.534166220006533,,
369,12.320422366544456,3.9322325940957494,-42.288713212426664,66.364506754745,,
370,0.22610924838539923,-28.430647009821502,23.692118960483338,-10.971726378160668,,
371,-20.050609033759272,14.308974295705426,87.10304816175166,-4.995201477005,,
372,2.3776582128055455,24.058180540720002,4.029351123740334,30.44559118684333,,
373,-1.6157473107738178,7.204381687381122,27.337799150187664,33.6131502964,,
374,-8.200790862243544,-22.62594856749245,67.91840322904666,26.56085091303767,,
375,-6.782725742895963,-16.686775237066126,-61.2940623981,-12.76468384850333,,
376,2.377659207654362,21.30150843006225,24.827657779758997,-80.83729517709334,,
377,-15.274823312141326,19.55337489647375,-29.678245670989998,-50.77537857206667,,
378,-17.2144763079386,-22.469064788837628,-20.713461967041,-55.61636374200333,,
379,12.516017975658459,25.649430295646305,-20.653696718029,-47.30899412939754,,
380,-30.172668934534546,32.7092006771203,8.033623719458667,31.521366580996002,,
381,9.027899471598182,-12.966388486104124,-39.83833800295434,-4.995201477004333,,
382,-6.456732231997637,14.084854611917127,42.87676389318934,25.724136514931,,
383,-1.338654878388546,-9.71665478099875,15.683574680990667,-5.234262473050534,,
384,4.089116621467453,0.9962661043210508,1.9973326573463333,-5.174497224038666,,
385,-12.683184538109636,31.745485694829302,13.292965632475001,-3.321774504679001,,
386,-10.319740599921092,-10.770015584923378,6.121134839144335,1.160619171185333,,
387,-17.784962775776908,11.081651191067126,-27.466935105347535,-29.14035842989,,
388,-23.799520108121097,-18.927973784902125,23.751883297550666,10.424232767974134,,
389,6.5014606433140925,-18.5693809229165,4.148881621762,28.1147473873378,,
390,-5.495054048503274,22.2428124699123,-39.89810325196667,-19.996278978901668,,
391,-17.002582329020093,-20.63128338173282,4.686768862866334,10.603528515008334,,
392,-16.17130105246433,20.6515613470565,-8.162759674614334,8.212918554547667,,
393,-3.1479107185403277,-13.795631658118252,6.659022080248666,2.4754592091666674,,
394,0.7150976493928195,-5.5928539671187005,-17.426373271405335,-11.330313312503336,,
395,-7.711802461235456,-18.278026701903325,62.479765568993464,36.422116999942666,,
396,-12.536487022958783,-21.05711078094025,-15.394351157231336,-0.8713992952073335,,
397,-8.184490502739783,-4.113662686165501,12.456251234368333,-27.466935105347332,,
398,-19.463822952555418,-19.779628583316875,-8.282290172640666,4.9258298589123335,,
399,5.393087680509308,-20.698519286869825,2.116863155370133,-30.81378904999134,,
400,-2.6426227041664565,-19.129680132399876,1.2801496692093333,-38.463737275689006,,
401,-13.644860980612599,-10.994138346537577,48.793523545333336,41.263102169895,,
402,4.838899831188454,13.905558864882625,-21.0122882121,-24.956794646861663,,
403,4.333611816814672,19.867142453786126,29.190525517343662,-0.333512054104333,,
404,-17.279674512694182,-7.072043880154699,-39.53951175789833,-18.203317860774998,,
405,13.021305741316546,10.386881197246623,12.635546981401667,-36.90984080138867,,
406,-6.733825659232782,-3.4861289394626995,-23.163837176513997,-6.608863200314333,,
407,-17.230775672593452,-16.686775237074002,-69.00377587281001,3.6109943806590032,,
408,1.1551862154464543,14.331386264084124,0.921558175136667,29.369817616579997,,
409,30.510790137739903,-37.39543436155162,-13.481866836645667,-1.8276432793923334,,
410,-2.0395380044489078,-8.93223725564095,-28.841532184829003,-21.550175453202666,,
411,-26.17926365967073,-8.573642683755251,-18.143556259544003,-12.047500860367334,,
412,15.41734791138009,-30.335665689983323,0.08484468897766817,19.747611613776666,,
413,-11.737805967983274,-16.2385375793835,-23.940785413665665,-5.891680212178334,,
414,5.230089557139309,-2.634472431150501,-16.529890888449668,16.580053416165665,,
415,-9.847050817434694,-2.186234773460826,62.53953081800666,-14.438110820829001,,
416,-9.309164819897184,26.2993773786528,14.548035861713336,-69.90025460798334,,
417,14.015583400250728,-13.011215500678624,28.1147473873378,1.220384420195,,
418,-29.585882853328453,-5.772149714154498,-55.85542473805,47.59821856510367,,
419,-7.157614611915817,-0.07950803590674971,-20.23533632716767,-22.32712004257087,,
420,-4.647475148284454,-12.025085814172002,34.86822052564367,-11.509613619262,,
421,-15.943107460178636,-18.905561816524248,-42.587539457486336,-6.907689445373667,,
422,23.387860091303175,4.44770820879825,-25.076325144885,-29.678245670992002,,
423,-16.888484786740456,-1.6259355639778246,-8.700646915721666,62.300469821959005,,
424,-15.86161038819469,10.095524240390752,7.854327060477666,41.38263266791667,,
425,-8.722377495130909,10.52135129761905,21.062448003974335,4.268412119786667,,
426,-25.119787795981093,28.069924590517253,-0.9909297932303337,71.50431816973834,,
427,-0.16508047756472805,-16.171301674245953,-38.344206777668,43.05605964022334,,
428,15.824840483964817,13.0314917561033,-19.099796595948337,35.346342517736,,
429,-12.569087244542688,9.512814430447426,42.936529142217665,-5.234262473050534,,
430,9.467990027351817,11.03682828024,-11.6291441172852,37.258829574159996,,
431,0.9758902196952725,-12.181971302725126,-18.203321508555668,-75.45842276605667,,
432,-8.526783378291727,14.981334715008,-25.195855642907997,-36.55124930732067,,
433,17.552597511144544,44.5203080130283,-34.51923448870733,-10.971726378160668,,
434,1.9375686518968545,-4.629137958890201,9.467988783789334,-3.022948259623,,
435,-32.95990182540427,25.582194390513624,29.668647509435996,73.77539763217533,,
436,5.1974903304094004,17.043236147886873,49.271645537443334,16.7593491632,,
437,16.85171388766095,-8.483995152216503,-42.647304706499,-55.43706799496834,,
438,16.15083076160073,26.792442392895374,12.456251234368333,11.081650507103333,,
439,-11.509611629563548,10.274819987425877,-4.278018488866333,-25.853273382035,,
440,5.833176246562945,-22.648360535871127,89.97178011430667,8.870336293675335,,
441,-40.033935021438694,-20.362339761179502,-10.613134884091,-25.913038631045,,
442,6.615557936881911,-15.812710180176325,57.698545648069,7.1969093213490005,,
443,-21.892464349356004,20.7187986201168,13.651556214599665,-80.65799943006,,
444,5.00189596485731,4.044295513814124,6.419961084202669,-7.624872433514,,
445,-16.87218442723551,6.890612420167001,8.750806707596668,-14.4381108208282,,
446,10.397066994414216,-18.546970322455078,13.5320257165748,60.92587365442,,
447,-4.680075369868,24.170240382616623,28.353808383383996,-28.124349196691668,,
448,-9.684056673471364,22.64622824271975,-72.52992921227,21.958926739147,,
449,-3.881393320041329,-29.170243334256572,2.1766284043816664,-40.973877734173335,,
450,-11.395515082133182,21.256684493303048,9.946110775882333,-42.647304706499,,
451,-16.790687355251876,-20.115808109008128,10.842589511055666,-1.7081127813689985,,
452,-5.495055043357727,-24.844733095067,-48.02617711753567,-18.143556259544,,
453,10.348168154308548,-16.552305136693377,6.121134839143334,-47.96641186852333,,
454,9.353891738934909,-22.6035365991127,-9.71665614892,-33.8020478527882,,
455,4.6433034759380005,13.188377244663124,15.683574680990667,75.03046786141766,,
456,-9.06467061939582,-23.029363998320626,-47.548058773226664,-8.879942662756333,,
457,-11.395514087283818,13.255614517719177,-11.151022125194201,-50.416787077998,,
458,-14.199048829932421,-4.4946658066352505,-0.6323346513800013,-20.593927821236665,,
459,-3.5880015230041833,-15.655826401520628,-11.987735611357001,-39.36021601086167,,
460,-5.234259985922693,-11.73373193513895,-14.617402920083336,-30.15636766308467,,
461,-6.473030850515909,-10.949313041861126,1.877802159324667,-13.183040591588336,,
462,7.120845702534909,12.022953521019176,-21.0122882121,20.10620310784567,,
463,17.97638845353036,-24.486140575059252,-15.155293808966332,30.326060688819997,,
464,24.13764131132558,29.100873426069747,52.080612240985,30.385826849776667,,
465,-19.594218615923147,-3.508539197944625,-30.933319548015003,-24.418907405758333,,
466,14.439371109375946,-5.368734283326125,-19.279095990765004,21.719864831158333,,
467,-21.126383267255363,-8.79776407744625,85.071029695359,-22.08805813458,,
468,10.494865669463636,16.639820375078248,-38.463737275689006,3.0731071395543332,,
469,-9.309164571185782,-11.509612251344947,-27.048574714484,19.209725284616667,,
470,-11.99860102541691,1.3996832450458747,5.1648954146850015,-52.448805544390865,,
471,-4.435580423228001,10.5437636079835,-8.222524923628333,-29.67824567099001,,
472,-23.131235960082005,-22.625948567493076,-1.6483475323566665,36.48188224897,,
473,-4.174785365798146,-17.022955104742124,-12.585384453688334,-31.232142145291863,,
474,10.918655865712635,31.319658637600547,-10.85219132041,33.31432313939833,,
475,-3.636899368255819,-6.1083275299472,-28.781766935818997,16.998410159246667,,
476,10.723060256598545,4.739063455751552,11.320711503147,4.328177368798335,,
477,-27.776625769615546,8.392216353465127,21.779630080171,0.7422624281046666,,
478,24.691828165796668,-12.697446575449126,6.778552578269999,-16.70918572354,,
479,31.29317133063249,-26.346333950543325,-25.793508133024332,-15.394351157231334,,
480,-6.049243141389272,8.661158264114425,-20.354866825190868,-75.45842276605667,,
481,23.501956390021494,-23.61207517618458,16.400757669130332,-0.2737468050916669,,
482,-7.059816931714599,15.989873292078375,-60.87570565502,-23.462659773790005,,
483,3.5186321433292176,-12.092321719311503,-20.77322721605167,4.089116372753334,,
484,-2.773020854666363,12.583252730496127,-11.151017565466669,-53.942936769679,,
485,-27.646228862682143,1.1083262882029992,-0.9909297932303337,21.719864831158333,,
486,-20.506998208029874,-3.2395969453120017,46.40291358488833,56.80206691289666,,
487,-12.715782769993996,-37.529904803911826,-15.99200364734667,-9.71665614892,,
488,-5.022366504433273,12.897020287807376,9.467988783789334,-13.003744844550667,,
489,-10.66203248062851,15.407160746291625,0.8020276771170002,-14.378345571816666,,
490,-10.53163457884491,-9.178765829996202,56.86183216189334,4.806299360889667,,
491,11.766234517223909,0.18943524266574974,-32.128620880464666,-55.97495523607167,,
492,-40.001334799856544,-13.369805626829375,3.0133464502691325,22.556579229262336,,
493,-14.019752088048547,7.22679228783625,-42.40824371045,-9.298299405837,,
494,15.026157190580728,13.771088422525121,84.23431620919833,-0.03468580904666633,,
495,-1.9906371746444207,-3.5309511663187,-34.22040459586933,-10.493600738284004,,
496,-7.4347080391507285,-0.707043150521752,-31.710267785164334,-23.70172076983633,,
497,-26.19556327303691,-19.107269531938126,10.723059013032467,63.43600955317847,,
498,-8.265990559272327,9.736932746327874,-86.21616758813333,-41.09340823219767,,
499,11.701037307317366,-3.060299830357998,-36.96960605040034,59.73056411446266,,
500,9.14199900358209,38.155308993297375,32.716675209025,-81.19588667116334,,
501,-2.023237396227635,-37.35061042479482,15.862870428027,-15.334585908220001,,
502,1.318183343962945,5.61313330036737,-19.518156986813334,-15.334589556001001,,
503,-20.96338738229946,-3.9791891659923273,19.687846364766667,-34.160639346858,,
504,-4.256284676194273,-1.7828193426333743,22.855404562377668,66.364506754745,,
505,-20.767790778336238,-8.618467988432197,-24.418907405758333,-66.85223055617332,,
506,-22.625947945711058,4.940772881068625,-9.477595152871666,-28.363413840520668,,
507,21.708998919675455,-18.345261239121875,7.196909321351999,42.936529142217665,,
508,-7.288011518849544,5.523482691007301,-9.656890899902999,22.078457237173335,,
509,-3.653197738056329,-15.364470812590001,-15.334585908220001,-7.804168180546999,,
510,-18.46954653718091,-8.34952299995575,-12.346327105424,21.062448003974335,,
511,-28.624204669839184,-24.844733437046877,-8.820177413743,-13.123271694794335,,
512,-9.2765653444526,-20.160630677848374,-48.56406071086,-29.379419425934334,,
513,-10.058947034769727,9.019752494025123,-35.17664858005367,-28.004822346450666,,
514,8.913803421596544,-14.624875856072002,-16.649425034255,13.233199471516665,,
515,7.854328304044817,-8.506408488513749,-1.5885822833456666,-27.048574714484,,
516,-8.722379733543782,29.795644445828177,8.930102454629997,20.524559850928664,,
517,19.035864317221545,17.35700199529975,-61.2940623981,43.41465113431033,,
518,2.752550315090306,0.010139837617252567,78.37732180606666,1.1606191711849998,,
519,-23.750621268019458,-6.0186782885047005,6.419961084202669,-26.331395374127666,,
520,-9.22766675306309,-4.06884011732625,-34.22040459586933,-69.42213261589,,
521,-13.416667388327054,5.232127102075874,-21.07204981333,-6.310036955259999,,
522,15.580344045047946,1.2427980984737985,2.355924151416,15.862870428027,,
523,-2.300332067029236,-27.310049958772627,49.80953277854667,3.0731071395553333,,
524,17.60149610253258,-45.3068591994565,91.04755459651334,-17.66543426745133,,
525,-8.950573077116509,9.692110177486123,-15.035763310942999,-28.66223643779667,,
526,14.928360753941634,-17.045368441039123,-13.003741196768337,13.830852873578335,,
527,2.736250950435364,1.1083245782998006,-33.08486486465,-10.433834577330002,,
528,-33.742284261859645,-17.583255682144124,46.40291358488833,-26.809513718437533,,
529,-16.31799757276569,19.284431275922298,-33.981347247604,17.715593147385132,,
530,4.186915296513817,15.49680861981,-8.820177413743,-11.270552623216,,
531,-5.054966726015454,-14.467992077416326,-6.130741208223667,-23.283367674539004,,
532,-19.708317153057873,-19.82445252007695,93.79675696298932,-30.754020153199196,,
533,7.740231259189492,-13.414629563587326,-25.136086746114334,84.05502046216266,,
534,-13.644860731896092,-20.362339761180202,-49.10195159974666,-27.347404607324332,,
535,-6.358933556947637,-2.4551749742128806,5.523482349027667,-12.645149702701667,,
536,8.571510297329853,-23.746546986458252,-53.16599218030999,68.39652522113767,,
537,-13.547064295261782,15.070982588526176,-14.079519326758332,-5.652619216132,,
538,18.840266967120854,11.529889874688925,-20.83299246506333,-54.958946002876665,,
539,-12.259394839284909,-6.6462151130312,35.465873015757666,-22.68571518442,,
540,14.4393711093764,-24.418904327941952,62.95788756108613,0.6824971790926666,,
541,5.604981659428544,-30.066720701513123,-20.593927821236665,61.34422583777433,,
542,-22.2999556783766,-15.700650338280251,-3.9791922438083325,-6.130741208223334,,
543,-16.269097737815816,11.529890216673376,1.6985064122890001,29.01122612251,,
544,-2.707820162783183,-7.968521247411201,-1.2299907892776663,58.59502438324167,,
545,31.570265006580488,-9.963187801088747,-20.474400970996665,-6.190502809453334,,
546,1.0736881486082188,7.630209086582875,-24.120081160703336,-28.961062682853335,,
547,4.594405879400091,14.308974295704424,-60.75617515699667,-26.27162647733333,,
548,-36.2687233388617,-22.894892188043997,-3.0229482596233335,-11.151022125192533,,
549,0.30760607165603626,6.487196989338999,-10.135009244213336,20.106203107846135,,
550,10.2340718555954,-12.943978227622125,-36.49148405830667,-22.924776180467532,,
551,1.0573895300950356,21.816984044765377,-13.481866836645667,-46.89063738631666,,
552,14.71646553146167,-30.537370669560254,8.750805795651333,-37.08913654842567,,
553,-0.7518675536224173,16.236403576333377,10.723059013030001,-20.175571078155002,,
554,0.6987967924597643,-11.890615713793501,16.281227171108,-48.74336010567566,,
555,-5.397256368306419,5.882074185076126,-3.501065691989003,7.077378823329333,,
556,2.6547506451864553,-2.634473799068502,33.374089300354136,22.556579229262336,,
557,10.152573788761181,4.76147542413055,-21.669705951225666,41.08380642284333,,
558,-12.210495004335819,11.171300090522747,-52.867162287471,-33.86181310179967,,
559,-13.72636004229609,-9.918361128494125,44.251364620472465,-22.2075931923292,,
560,-15.763811713144964,1.780685339576376,-4.517079484911666,29.310051455624333,,
561,-10.368640683587728,-1.8052282331912508,6.3004305861756675,53.03685622516833,,
562,-30.629058108803143,-2.9258297299803733,-4.3377837378783335,-34.339938741672334,,
563,-15.242222841845365,-15.521354591245325,76.8831905807758,-43.78284443771833,,
564,-26.81494858097591,-11.151020757275624,-8.282290172637532,50.04859377459233,,
565,-3.7020985678605456,-17.38154762474995,-31.650498888372336,-35.89383156819233,,
566,-11.803005665015691,34.995221109833174,-50.775378572067666,-31.59073363936,,
567,-1.2408562033382742,7.181968351078625,0.8020276771149994,-8.82017741374333,,
568,4.447708115532493,-16.37300938966025,1.1606191711851335,-36.67077980534334,,
569,-4.582274705113875,-16.978132535901125,29.36981761658033,-45.396506161027666,,
570,-7.614005029751965,-4.449841869876622,5.463720747800001,-29.738014567786667,,
571,-23.995116463371456,-6.287623276982,28.891695624487998,-8.162759674615666,,
572,7.495736809975271,-36.767897879014626,33.135031952104995,20.106203107846135,,
573,-26.472656700273056,17.805243072783675,102.70177815376667,-22.745480433434,,
574,15.596643658418037,-19.667567373502997,16.580053416164333,-32.8458075163842,,
575,-20.78409064041506,-15.745474275038,23.871413795573336,-41.75082597132567,,
576,-0.6214718902502722,-19.802040551697576,9.766815940793668,-26.809513718437533,,
577,1.269284503858546,1.7582716612996752,94.69323569816247,-54.83941550485233,,
578,10.853457163532493,-12.069911118849378,28.41357363239533,-12.465857603446665,,
579,0.19350902680221924,8.683571600417551,-1.4690517853229998,-8.581116417696332,,
580,-19.594219859488998,11.171300432501623,-21.550175453202666,-16.888486030302,,
581,-17.947958909443145,15.7433402719883,18.612071882557334,31.043244588903335,,
582,-7.744400941836054,14.577917574278,-29.857545065809003,-16.350598789198,,
583,-6.68492806269469,18.275892698853,8.870336293674333,-35.65477057214634,,
584,11.668438080584583,-40.667581744935376,-24.359138508964666,-23.70172076983633,,
585,9.353891738934855,-13.145685943036124,72.10197065985234,4.627003613854667,,
586,-8.90167423701569,10.274819987424626,-3.3815397536929996,-31.052846398257532,,
587,-8.331188017889694,-1.8948791845311987,-30.754020153199196,-48.56406071086,,
588,-9.113570205633055,-13.168097569437501,-30.455197555925,11.978129242275665,,
589,-2.561123642482236,-26.660101165874625,-33.08486486465,-18.621678251636336,,
590,-1.9254397160312735,-15.09552719203725,7.973857558501,-10.135009244215,,
591,-5.169064019583273,19.396492485737298,-30.634493302958003,-23.761489666629668,,
592,-17.149278849321146,-23.76895724494075,-8.70064326794,3.6109943806596667,,
593,12.809411016259185,-12.025087524070125,43.05605964022334,-56.09448208631333,,
594,-6.538231542393146,22.534166690925247,-36.13289256423867,-34.937587584007666,,
595,3.5838305967957225,-9.716654439018875,28.054981226382,-37.86608478557367,,
596,18.872867188703363,4.6494159242133755,22.735874064354334,-5.054963078234333,,
597,-2.3166294419797824,-38.58326868565663,-24.837264148838333,20.524559850926803,,
598,-33.122897959071736,4.9407728810638,-26.869282615231,-16.70919028327067,,
599,3.0459436044050885,7.854330138299373,-18.26308310978467,-28.781766935818997,,
600,-21.90876595242227,5.657955869206928,-22.327123690354,-20.175574725937665,,
601,-11.47701339768018,-24.822320100748748,15.205453600844335,-6.907689445373667,,
602,-27.287637368612458,-0.19156958770087495,-6.608863200316001,-8.401820670662334,,
603,-25.005691248550367,-30.806315658029824,60.328216604577996,-21.131815062341,,
604,-11.036922593215236,-11.778555871896126,-3.0229482596232002,-36.611014556330865,,
605,0.9595906063283643,-14.199049824782751,1.459445416245001,15.743339930003332,,
606,-12.748381996721964,-4.539490085373201,-18.203321508555668,13.532025716577001,,
607,-12.634285946721237,-24.844731727149078,-10.433839137055667,19.628081115752334,,
608,-8.82017517532809,-20.765755192008125,12.037894491286133,-12.286561856414666,,
609,-13.400367774961092,2.4978683277157994,32.716675209025,55.12863994057267,,
610,-20.37660105238333,-0.12433231464432559,59.371972620392995,-38.64303667050433,,
611,2.3124597593380902,-15.095528559955627,-22.147824295537337,19.687846364763335,,
612,-0.21397906895251334,-29.1478313658777,-19.338861239778,49.032584541396,,
613,3.3230360367904552,-8.170228962823998,-14.079519326761668,18.492541384534135,,
614,-3.86509370667951,-1.4466394749638747,-33.802051500569,-12.107266109377333,,
615,-19.512722787505876,16.48293522850625,-31.232145793071666,50.64624626469234,,
616,-11.493310772636148,-4.98773047889975,-16.70918572354,3.013341890544,,
617,22.866271468717635,11.305770532880748,-16.051772544139666,-1.7081127813689985,,
618,-8.265989564422872,-6.242801050120125,57.698545648068325,-48.02617711753567,,
619,-23.245333253649637,11.507479616212498,4.746534111875667,5.523482349025801,,
620,0.16091079492149032,12.874609687352299,-21.789232801466667,49.92906327656913,,
621,-12.128997932350417,14.734801694911877,-3.9791922438080003,-49.878899836894995,,
622,3.6164298235293626,-0.6846311821423257,27.337802797983333,-28.184114445703333,,
623,18.449076246317492,-20.56404747659375,-18.083791010535666,19.926907360813335,,
624,-10.955425769942998,-10.209718085344875,-2.2460000224740004,13.412495218553337,,
625,-16.872183183674274,7.3388517877540504,87.10304816175334,-50.297256579975,,
626,7.723931397105854,-6.780686581326503,-5.6526146564046655,-4.995201477004333,,
627,-8.836475783548819,57.07101030545262,-6.489332702293332,-15.99200364734667,,
628,16.819115904488452,37.14677041622805,-21.251345560364204,-12.764683848504667,,
629,-4.386680339566511,-19.577920867904076,-22.745480433434,9.169163450676669,,
630,-8.347485144129548,-20.317515824422003,-10.135012891995666,-5.831914963167333,,
631,30.31519477733809,17.200119584561627,-4.995201477005,49.27164553744267,,
632,-0.44217489965381807,-20.272691887662123,-0.5725730501498667,-28.66223643779567,,
633,8.881204194864399,6.80096488863505,-58.96321403886834,-23.04430303071,,
634,-9.472160953566055,-2.7913565517845758,41.920519909004334,8.989866791696667,,
635,-27.026843554743962,-35.10941358686145,-31.172380544063333,13.532025716577001,,
636,-3.9628903920256944,-13.974928773071,19.448785368719,-30.514962804935,,
637,-16.448395474549145,-12.04749949244875,-16.051772544139,-9.05923476200667,,
638,26.386988950791363,-11.666495688020875,-15.872476797105334,16.699584826133336,,
639,-15.747510856211816,-39.457335452451254,-40.794581987140866,-1.947173777415666,,
640,-19.00743576798391,-21.796705737457998,-34.339935093892336,-3.3217745046806666,,
641,4.643303475933727,-25.337794005554624,-25.43491663895467,-15.812711548097534,,
642,-2.512224802381183,2.5875162012397492,27.218268652164664,-61.055001402053335,,
643,4.5129088074153625,-24.755084195611254,1.5789759142658,31.342069922016673,,
644,23.208563349419272,-5.749734667953625,-19.279095990765004,27.337799150187667,,
645,6.794853435203906,3.192637637577625,-1.409286536311667,-5.831914963165867,,
646,-1.5179493818567273,6.845788825387178,3.3719333846123334,-59.441336030961004,,
647,-20.55589804297969,-27.60140554770345,-44.918384168935006,29.190525517343662,,
648,-22.723746620762327,-18.233201397225873,-28.243879694716668,-28.961066330635663,,
649,-0.996360510559546,-22.603533863277004,-2.1264695244496656,-47.96641186852333,,
650,10.331868540941455,-12.966390196000624,79.094504794205,-2.12646952445,,
651,-13.204771170997454,7.450913339555051,8.033622807513336,-25.673973987218535,,
652,-14.834733751237543,-2.9482403304410014,-1.469051785322667,-52.92693118426333,,
653,2.3939578261673096,-8.013346552087498,-2.3057652714829993,61.34422583777413,,
654,-28.65680489142327,1.5117417190251263,-0.6920989884466676,-53.82340627165633,,
655,11.244648133048544,-1.4018158801848744,-5.533084158381669,-36.96960605040034,,
656,24.431034351928403,19.822318517020125,-29.14035842989,-33.742282603776665,,
657,-12.031200003438874,-4.517079142932451,10.543763265997333,-14.019754077747331,,
658,-7.711802709951908,-19.308975537454252,10.603528515008334,38.274843367098335,,
659,6.012471993597635,-26.09980229837125,-6.190502809453335,27.457329648210003,,
660,-22.397753358576782,-7.520281879824625,-54.361293512759666,-18.024025761520665,,
661,2.834046392224763,-35.10941358686275,-16.82872078129,-0.333512054104333,,
662,-8.314888155811781,-37.86608432960213,-62.967485722642344,-36.13289256423867,,
663,-4.680073380163088,0.18943387474762474,6.180900088156001,19.389020119708665,,
664,-17.850162224092784,-35.44559448046895,-42.16918271440633,-6.608863200314333,,
665,-23.75062126802054,35.846876250227126,-16.051772544139,-25.136086746114334,,
666,3.0948414496553096,18.500013750563998,-36.730545054353335,-48.922655852709,,
667,-18.43694805658509,-15.902358053693124,23.751883297552336,-22.446654188376666,,
668,26.109894528707308,-39.390099547314,-8.581112769915668,12.57578173239,,
669,0.14461143026721857,-2.7689459513227,1.937567408335802,-31.650498888372336,,
670,-24.207010442290425,-15.431706717728627,-49.63983884085,-20.653696718031,,
671,-22.60964833234487,-11.12861015681575,14.488269700760002,-6.250271706247335,,
672,2.263562162798362,-22.715593363188628,-11.509613619264334,-15.035763310942999,,
673,2.736249706869999,-7.475459310982874,67.91840322904666,29.847939608689998,,
674,26.598883924559857,-24.46372860667925,3.0133464502691303,-2.0667042754383336,,
675,-5.511355900285545,-5.615265935498198,-13.541632085655666,-14.916232812923333,,
676,-14.459841400240272,4.4252976083443745,-46.65158003805333,-14.975998061933332,,
677,-12.797281085539543,-10.27695535840125,-15.155290161184203,31.999488573088666,,
678,8.09882150969649,11.462654311535125,-36.55124930732067,39.470144699531666,,
679,-22.609648083632965,-10.299365616880948,6.718787329258666,-21.968532196284333,,
680,-1.6157483056235995,1.6686254976868735,2.9535802893133316,-6.847924196360999,,
681,13.542893617765271,7.137144414325176,2.475454649439,-29.857545065809003,,
682,18.204582045816636,4.806301070793502,-19.518156986810997,32.29831481814667,,
683,18.6935711929574,-9.739066407398877,-33.742282603776665,3.551229131648334,,
684,-20.164706078614184,-23.701721681783003,-29.200123678899672,-16.70918572354,,
685,22.165387845228455,-14.4231681406585,-7.146750441420667,-37.08913654842567,,
686,-0.21397807410309208,20.60673741030275,-15.155293808965666,-17.48613852041733,,
687,2.296160145965855,11.888481368757798,-5.652619216132,-33.383694757487525,,
688,-24.19071082892219,-1.7155820695766248,20.584326011881,-29.14035842989,,
689,10.152573788760634,40.10515024229975,-42.58753945748733,-12.167027710607668,,
690,7.886926535928273,-18.188377118488248,-25.07632149710267,-9.59712200311087,,
691,7.675032805721455,13.121139971600378,-18.203321508555668,-10.314308639033335,,
692,5.23009055199191,-20.877815033904326,-3.7401312477615334,-41.09340823219767,,
693,-23.620224361086006,-5.234261105132324,-4.2780184888656665,-29.55871517297,,
694,2.3287606162653063,-28.2513526307055,62.47976556899332,48.315401553257665,,
695,0.0631131147158173,-24.060315911688,-22.08805813458,-50.53631757602333,,
696,9.419091187256633,40.53097764150688,5.105125605947,2.9535766415313334,,
697,9.23979444537191,7.450913339553249,-24.657964754021666,-48.02617711753567,,
698,10.02217688182727,-9.7166547809982,7.316439819374999,-52.448805544390865,,
699,0.8943921528606363,12.986669871228123,15.205453600844335,-28.06458759546233,,
700,-1.7787431957299609,5.702778096062251,32.65690540027034,-12.167027710607668,,
701,-21.224179952606363,-29.573657397167203,7.734796562455,62.00164357690333,,
702,-3.425004145771092,-47.5256427010925,-35.77430107017,-47.54805877322667,,
703,-18.404348083714602,17.244942153402498,-16.529894536232533,22.676113375083332,,
704,-4.354082356394364,-26.83939862280775,-42.58753945748733,-3.022948259623,,
705,-9.195067277616692,-3.7326602496558756,-13.302567441826668,-33.08486486465,,
706,-5.511353661870093,-28.72200259875275,-34.698526587963336,29.8479396086728,,
707,9.989578898654997,-16.933308599143626,31.939723324076667,-15.872476797103333,,
708,-7.434709034005181,1.0186797826046234,-10.9119611291492,19.687846364763335,,
709,-1.4690495469074556,-14.311105220939751,-40.67505148911767,-14.139284575769999,,
710,-9.423261118614601,15.227864999264547,-6.2502671465200015,-31.232142145292332,,
711,-4.272585035697818,22.646227900739373,-7.624872433514,-15.334589556004202,,
712,11.896632667719906,20.875682398773375,9.348458285767,81.12652326059766,,
713,13.575492595786637,8.952515220968873,-55.37730274595666,23.632357359253334,,
714,-2.821918451204363,24.304712534872,-28.781766935817334,18.432776135522467,,
715,0.046814496203998086,-5.435968478559751,-0.21398155608066668,29.668647509435996,,
716,-26.407457251956327,-18.345262607039878,6.718787329258666,-8.760412164733333,,
717,-17.475270121806453,35.06245872486813,-19.996278978901668,-16.948251279312668,,
718,-9.227666753063273,2.139276833647001,-6.369802204268333,-34.937587584007666,,
719,-0.5399725798503638,-11.375141808988124,-7.206515690430866,-20.175574725936332,,
720,-3.6368991195443643,-7.004807975017373,17.2374711552928,-12.406092354437,,
721,7.919525762662361,-1.7604056643566999,53.99310020934001,-55.37730274595666,,
722,-12.291995060869182,-23.567251239423875,-2.066704275438,-24.060315911687336,,
723,4.089117616317945,-39.05392138954062,-23.58219027181667,-14.4381108208282,,
724,-17.051480174271003,0.5704373371958003,-7.086985192408666,-14.318580322805,,
725,-5.462457060185818,24.21506431937525,20.405029352904666,-14.378345571816666,,
726,-19.12153082314055,-7.161691753672875,-10.732665382114666,17.655827898373467,,
727,3.3067351798574007,10.274821355350374,-2.5448217078042035,-34.69853023574233,,
728,10.592664593227274,-14.669699792829576,-21.49041020419133,-11.509613619263668,,
729,-33.595588736407784,9.5800503355905,-8.760412164733333,-40.794581987140866,,
730,19.83454437734491,-16.462657263177125,-22.088062694307535,1.5192106652533326,,
731,-15.64971541442609,-17.067780067438875,48.13610580620667,-31.829794635406667,,
732,-17.230776916154998,-19.331389215730752,40.665449679762,-20.35487047297133,,
733,14.716465780173818,-25.292972804633123,37.856482064277,-43.06566144957967,,
734,10.234070860742037,-26.435983191979624,23.273761305456663,56.563005916849,,
735,-23.00083905314709,-23.52242730266475,19.149959123661336,48.97281929236914,,
736,-19.659418312957417,-10.545897611033576,7.077378823329333,-22.566184686399666,,
737,18.497976081267765,-16.776424820486874,11.201181005123336,21.779634639909997,,
738,-16.96998210743618,-20.27269154568375,-15.573650552047667,-35.35594797487333,,
739,3.0133421392554,-11.263080599172126,0.02507943996579935,-33.74228625155733,,
740,-6.310036955258361,-44.948267705388375,43.11582853703333,-23.52242502280267,,
741,-9.211366890985545,-0.9087512079208264,-31.710267785166668,14.846861194828334,,
742,-30.498661201869183,-3.2844208820702487,-59.441336030961,81.18628850960933,,
743,13.461395302219035,-13.750810457195625,35.94399500785033,-6.668628449328334,,
744,6.534058377769089,-22.132886631065247,-28.42317908953233,-22.088062694306668,,
745,-6.114439605157181,12.94184559249025,-49.10195159974668,44.37089511849567,,
746,-15.45411806432618,13.47973317557275,33.374089300354136,-1.170225540264667,,
747,-4.158487990842418,-22.85006961920375,-34.877825982779996,-9.716652501135002,,
748,14.60236724303982,-29.30471377661425,-29.20012367889987,-3.501066603933334,,
749,-8.852775396911001,16.415700691285874,-25.85327338203433,0.2641440837933355,,
750,-16.399494396033727,-1.5811099173224998,-29.618480421980337,-42.049652216380004,,
751,14.651266331857363,-6.2876249868792,-33.6227557535342,-53.40504952857567,,
752,-32.63391055291855,-8.640881666709074,-5.772149714155867,4.328177368798335,,
753,-16.48099370643324,-5.122200921257001,-16.649425034255533,-35.59500532313667,,
754,-9.928549132985275,0.18943421672755,-49.16171684875567,63.376244304166796,,
755,6.941551199065,2.4306324225775473,-3.2620092556693336,50.168124272615806,,
756,-21.305680257851055,-35.6697114284267,-19.458391737798333,-17.008012880542335,,
757,1.2855853607914,2.340983181142927,5.0453603569366665,15.743339930001667,,
758,-0.7518678023354177,-19.3313892157315,-16.290833540186664,29.668647509435996,,
759,-1.7461427254300923,33.740151222569125,-14.617406567862332,20.345265015834997,,
760,-36.93700848174969,26.030434100079745,-48.265238113582335,-45.396506161027666,,
761,-18.648843279065147,25.201190928065877,-13.481866836643997,3.551229131649334,,
762,-26.097765592836822,-7.25133962719025,2.6547513084199985,6.0016043411201325,,
763,18.709869811470366,8.616335695278996,36.24282490070566,-15.035759663161,,
764,-3.6531989816221837,-24.6878496583912,10.125406522917666,-33.742282603776665,,
765,-2.447028338618236,-12.697445207531377,-31.112611647268665,41.382632667916674,,
766,26.272890662374994,-24.598200416955997,-20.235339974948335,63.55554005120166,,
767,14.357874286104037,-18.59179289129425,-3.560835500727334,-35.236413829065334,,
768,-13.53076468189451,-10.232131421641249,5.523482349025801,-3.6803659987500006,,
769,12.890907839531998,14.398623537147124,-31.710264137384,4.387942617806669,,
770,-21.97396341104042,-16.059241832349,-18.382617255589665,35.047516272677335,,
771,-19.54532201423824,-18.210790796765323,-17.605669018440334,33.254558802331665,,
772,-16.839584951791004,3.775348815441001,-2.9034177616,-37.08914019620433,,
773,-7.842199616887001,5.23212846999975,-37.86608478557367,-16.23106829117467,,
774,-5.495054048507548,-3.7774831604746257,62.71882656504,-11.987735611356998,,
775,-4.794171917298001,-20.42957395642113,-17.545903769428666,-37.86608478557367,,
776,-15.421519832442147,3.2374619163141247,-7.983463927583199,-9.716652501135002,,
777,-24.223309060806876,31.274836068761623,-29.917306667038,-12.167027710607668,,
778,22.132788867210767,-3.7774845283938747,-18.322852006581666,-53.345284279564,,
779,20.144238026162487,-15.386881413050002,70.54807418555333,-32.786038619591864,,
780,-21.533874844985817,-22.267357073423,-14.139280927989,-8.282290172640002,,
781,-2.5285254106024535,-3.530951166324499,6.419961084203334,-9.178768907814,,
782,-9.423260869902906,-5.929033492809126,29.429582865593336,-27.945057097439,,
783,-28.281913783987147,-10.120071579744625,6.121134839143333,30.565126244609132,,
784,-44.451129248988,12.605664698882002,-23.283367674539004,-43.065661449579004,,
785,-2.5611256321810902,-31.030436709740375,13.532025716577001,-18.382617255590663,,
786,-18.078355816378906,-4.136072944647827,-21.072053461109867,29.190525517343662,,
787,5.425686907242542,8.549098422216874,29.608882260424327,-3.9791922438080003,,
788,3.926122726211,4.8735352660278,48.016575308184336,21.779630080169337,,
789,-16.872183183675364,9.602462303969624,34.80845527663334,-11.330313312503336,,
790,-15.975706686911876,-23.6120751761835,-36.013362066215535,-61.65265024438667,,
791,-0.7192693217388176,8.481865252921873,-22.566184686399666,-16.231068291177333,,
792,24.284337582914677,-30.89596489946525,79.09450479420501,-44.918384168936676,,
793,-10.270842008537453,-18.793503342546124,-35.654770572147534,-34.937587584007666,,
794,13.722189364799185,-7.408221695948001,1.399680167231,-34.339935093892336,,
795,-38.51807097832745,-13.862868931175452,-18.26308310978467,-14.079519326757667,,
796,-12.634285946721725,18.679308129679377,-2.186234773459999,-17.486134872636672,,
797,4.089118859878272,6.397550825725424,-18.143556259544,-50.775378572067666,,
798,-14.036052696265454,3.8201744620971745,-0.39327274338833246,10.304702269953333,,
799,-22.87044214621382,-9.582182970721753,41.14357531965333,-1.4690517853228666,,
800,-8.314887160961874,17.738006825666623,-8.879942662755667,2.654750396474667,,
801,-18.029456976277512,-3.5309515083031258,4.5074731158328,41.08380642286,,
802,-9.602556865649962,37.1019464794698,-27.28763935831,1.5192106652553334,,
803,-20.523297821396692,-14.355932235519877,-40.137167895793,16.819114412211004,,
804,13.771088204900728,1.6462135293003,-28.423179089532336,56.02511867574666,,
805,-0.8333643768905445,-33.20439627461913,9.46798878379,-54.12222886893334,,
806,2.980743907371272,-25.360208709770575,14.667565447796,12.635546981401667,,
807,21.594901626107365,-9.044297097536575,-27.885288200644197,-0.8116340461976664,,
808,15.743341422280183,-5.884207846154,9.408223534778001,17.775358396396665,,
809,0.5846997476046727,-9.11153300267575,-8.282290172640002,9.766815940793668,,
810,-2.3818291390143647,-7.1841037220525745,-36.611014556332336,85.071029695359,,
811,-10.727229939245728,19.9567903273005,15.74333993000167,-41.63129912108334,,
812,-24.777496910127365,28.473338311447797,-0.7518687971843333,5.702778096062667,,
813,2.7525490715247276,6.532022636001177,48.97281929238434,-47.069933133350865,,
814,-3.3435060789420556,-29.080595460740376,-14.199049824781532,9.88634552687,,
815,13.314697787064183,4.604593355373497,6.599256831238333,-53.942936769679,,
816,-0.8985640739237278,2.6547503964738755,-38.643033022725,-17.008012880542335,,
817,-18.404346840152414,7.092321845484422,-6.608859552534334,10.723059013030001,,
818,-6.570830769127147,1.8030955980593752,-22.805245682446337,-34.22040459586933,,
819,8.881203946151912,4.873535608006124,25.126484024817003,24.110475703562333,,
820,-12.09639870561818,-23.119011529857875,-67.56940989653067,11.201181005123333,,
821,16.44422380220391,30.916243206773878,-8.700646915721666,17.77535930834,,
822,-15.959404835134967,-46.718811839436704,-7.624872433512333,15.564048742693336,,
823,-16.171299808903054,-34.90770587144688,-54.301528263749,-0.09445105805720022,,
824,-22.169558771442365,21.323920398435924,-27.825526599413333,-40.973877734173335,,
825,28.310343328072307,-2.2534689687012497,-50.775378572067666,-9.895951895952667,,
826,-1.5505496034400006,-5.054963648194374,-29.738010920002335,4.328177368798333,,
827,0.6335983389919086,-28.13929278880795,-54.83941550485233,-18.860735599900003,,
828,11.081651999380677,-5.234261105131826,-14.258811426013336,12.456251234367,,
829,20.942918086286088,-2.2758795691571247,30.266296351753464,-4.576844733923333,,
830,-14.052352309632818,-16.462658631095252,68.57582096816999,-17.964260512509,,
831,7.479437196608401,26.142494967915624,-12.525622852457666,-66.85223055617332,,
832,-20.99598636032118,-17.2246641880745,-3.799896496773,-50.177726081951334,,
833,-11.525911989068545,7.025086282327177,-13.003741196768337,-2.5448217078042035,,
834,18.921766028804544,29.16810967318625,-4.038957492818002,-27.407169856334335,,
835,-11.607410304614273,-3.799896496773625,-34.758291836973335,-42.40824371045,,
836,-12.878779898511146,19.799906548646625,-23.223598777744,6.121134839144335,,
837,-32.568711104601455,-1.872467216151076,-0.5725730501498667,36.242820340965004,,
838,9.109398533286999,15.070982588526377,-23.343129275768337,-0.6921035481729999,,
839,-7.858499230254055,0.45837783727854964,41.14357531965333,-5.772149714154332,,
840,13.053905216761859,-16.14888970586645,12.516016483378467,12.516016483378467,,
841,6.110268678949089,-8.708117571845627,-32.128620880465,53.45521296824833,,
842,-5.853647780988726,-6.646215113030375,-29.379419425934334,19.209725284618333,,
843,12.353020598428033,-14.266284020023075,-24.77749889982567,-30.634489655176,,
844,-19.985410580291965,-23.67931108132175,-27.945057097439,7.077378823329333,,
845,-25.54357973321678,-16.933308599142375,23.871413795573336,1.2801496692083334,,
846,-18.81183941273342,-25.203324931115127,6.180900088155,75.926946596591,,
847,-0.6540698734182374,-8.080581089307076,16.520288167151666,7.675031313443334,,
848,-6.619727370815817,37.1691823846078,17.058175408257,-30.81378904999134,,
849,-10.547935435773274,-10.3441912635372,-14.617406567862664,-37.029371299414,,
850,-22.886742754429633,-24.3292581643215,-9.71665614892,-34.877822334996665,,
851,-9.635157087232999,43.668653214613876,-22.207589544549005,-47.06993678113333,,
852,14.683866304727362,25.268426833203375,28.353808383383335,-18.442382504601664,,
853,-8.005195750555002,-4.292958091221825,33.13502830430867,-61.65265024438667,,
854,-12.324592297903182,2.923694359005876,65.04967127649,65.10943652550166,,
855,-11.900803345216092,-28.184115357649453,43.05605964022334,50.88530726073767,,
856,-5.527653275237366,-1.3121676646884985,7.734796562455,-0.03468580904666633,,
857,-6.473033088926273,8.235330864912674,19.209724372673,15.922636588982668,,
858,5.034496186440126,-29.61848133392595,-30.99308114924467,-1.9471737774155333,,
859,-28.689404118154687,20.584325783903125,34.27057168332433,19.209725284616667,,
860,13.51029439103213,-18.569382290834,-3.7998964967739997,-9.776421397926667,,
861,6.892651115404362,10.297233323728499,22.676113375083332,-37.029371299414,,
862,-5.951444466339273,-9.94077446479125,25.126484936760335,3.9695858747274664,,
863,-25.28278492449788,-18.883149848144,16.58005341616567,10.424232767975665,,
864,16.069332446054545,39.119023291630505,-19.518156986810997,-67.39011779727667,,
865,10.70676163808127,-7.52028324774275,-32.8458075163842,20.165968356857334,,
866,-8.575680974830272,-14.467992077416575,5.583247598039467,-11.031491627172,,
867,15.95523739089931,-6.892746765203124,-11.330317872229001,-39.539511757897664,,
868,2.279859537750855,12.49360793480125,-22.088062694306668,74.19375437525666,,
869,-19.30082657017091,-5.839385619292624,-25.136086746114334,-22.147824295537337,,
870,-11.248817566978783,-18.883149848145123,-12.525622852457667,-35.89383156819233,,
871,-3.18050895041973,-35.24388539713682,50.64624626469233,24.827657779759004,,
872,-2.5937251076305454,-14.400756172278875,5.822312241866666,19.926908272755,,
873,21.80679635116267,8.952513853051375,-49.10195159974666,-32.18838612947667,,
874,-3.6205995061727263,0.36872962178092505,-32.78603861959187,32.716675209025,,
875,13.249499582313456,23.251351046982002,-6.2502671465200015,29.84793960869,,
876,11.146850452846818,-12.271620544160701,-9.656890899906665,66.60356775079066,,
877,4.594405630687361,-2.477588994473825,-34.7582918369732,-37.985615283599,,
878,4.4966079504865455,28.181982722515748,22.735874064354334,32.89596730826147,,
879,-22.006562637773182,-5.413558220085825,69.05394296026367,-4.2780184888656665,,
880,-5.2994576932529105,-0.438101239873375,-22.625945375683333,-36.96960605040034,,
881,11.70103631246849,-33.181985674156124,7.256674570361667,-1.3495212872996667,,
882,3.2415379699559064,-7.475457601086751,-35.89383521597667,-44.619557923878,,
883,-17.458971503290602,-12.495738860036875,86.80422282863667,-6.369802204268335,,
884,-13.758958025467182,22.332458975511376,-64.82020844200001,-36.790310303365665,,
885,1.9864687355633621,37.97601324626387,-35.11688333104333,-40.615289887885666,,
886,-12.97657757871187,5.008008444221373,-11.808439864322333,92.84051297880433,,
887,3.9261204877998526,6.2630790154445,5.224656103971,12.57578173239,,
888,8.375915931782636,-18.278026701903325,-17.605669018440334,-35.236413829065334,,
889,10.918655617000494,9.355930651797623,-17.964260512509,-1.8276432793923334,,
890,3.4534317001575827,-21.348465001953002,3.0731071395553333,9.408223534778001,,
891,20.356131010231998,-3.3516540513652515,18.552306633544333,-9.836182999158,,
892,11.081651750668273,-0.37086533473582417,-13.422101587631866,-30.694258551968332,,
893,-8.461583681263237,10.70064704465425,13.5320257165748,21.600334333135333,,
894,-13.807856865568418,16.7070549123,-4.756140480958999,-9.059234762006668,,
895,-14.916231818071367,-2.5448245576343744,-55.43706799496834,4.148881621760334,,
896,-13.17217293911287,6.4423747624835,73.17774514206,-19.518156986811,,
897,-7.809601385003635,-9.17876582999625,-23.821254915640665,29.250286206612333,,
898,7.935827614439853,19.082725270405874,6.121134839143333,-35.236413829065334,,
899,-17.165577467838418,-19.196917405455576,26.202258507023668,1.2203844201976668,,
900,14.423073734420543,-3.127535735496501,-7.86393342956,9.647284530823335,,
901,-15.87790900671191,-22.782832346148826,-48.74336010567566,60.567277600623335,,
902,-22.299955678376545,2.9461059854055502,65.58755851759433,-26.809513718436666,,
903,-13.090675120992,-21.976001484491626,-15.633415801058666,-3.799896496773,,
904,20.193134876563587,7.518147876773503,0.9813234241510026,-40.973881381956666,,
905,-25.788072938868638,6.0165459953528755,-4.4573142359009985,-34.16063934685733,,
906,-4.109588155892693,-14.378342835980327,22.43704873123913,-9.776421397926667,,
907,-9.602556616937639,13.07631603484725,12.814843640382335,17.237471155290667,,
908,-1.4853511499776,-26.279098045404503,24.588597695655,-33.08486486465,,
909,-17.27967476140582,15.183041062499374,3.5512336913733313,-1.708109133586665,,
910,-14.313144879938239,41.2257486612653,-1.229990789277667,68.39652522113767,,
911,-8.33118577947451,-15.969593616852075,20.7636254067,-9.238534156826,,
912,2.2146620791318554,6.7113170151118755,24.588597695655665,15.444514596890334,,
913,-25.005690253700365,-4.763610795105125,-66.97176105419666,-13.481866836643333,,
914,-10.939125907863271,-8.842586646286875,-21.968532196284333,-35.236413829065334,,
915,-9.113569210784691,30.87141892803675,11.320711503147,-4.278018488866333,,
916,-4.321484124510328,-32.7785688754105,55.06887469154666,4.4477078668224665,,
917,-15.796410939878546,13.8831482644208,21.660099582144998,18.612071882556002,,
918,-6.684925824282238,11.104065895280998,-5.054966726016667,-35.774304717953335,,
919,-40.34362668055791,-6.108329239844376,-31.35167264331534,25.126484936760335,,
920,-5.869946399506418,-2.522412931232625,2.0570979063584662,6.001604341121467,,
921,-11.281418037279236,24.484007939920676,74.61211203028333,-20.95252296308667,,
922,2.116864398930728,-14.535229350472623,2.4156894004266647,1.7582716613006666,,
923,25.735004416120855,-6.892748133120624,-10.015482393975667,16.16170123282667,,
924,12.369320211790544,23.744413325387626,-7.92369503078767,-13.481866836643997,,
925,-31.427738168926727,-18.345263974958378,18.13394989046367,-3.0229482596233335,,
926,-1.5831465917619105,-1.6707595007362501,11.021888905873334,-14.497876069839668,,
927,10.869756776900273,38.558724424125245,2.654750396474667,-7.206515690430866,,
928,14.895760532359095,13.905558864876877,56.86183216189334,27.45733329600866,,
929,-24.72859906487582,-39.41251151569283,-34.51923448870733,-39.36021601086167,,
930,-22.67484653709991,-7.901286368212499,-34.16063934685733,69.47229970334433,,
931,-25.78807169530651,14.846862904732747,16.10193233601767,-22.566184686398998,,
932,15.368449071282855,-5.4807941252237,-4.576844733923335,-8.70064326794,,
933,-2.9849135900184183,-3.262007887751249,23.393291803482,1.2203844201983323,,
934,-14.394644190334999,-2.0965855320269515,-21.31111080937567,49.27164553744267,,
935,5.344187845559764,2.00480502337075,-68.52565388071567,-30.75401559347334,,
936,-21.696869983804273,30.871418928037002,-14.975998061932335,12.57578173239,,
937,25.001520819765815,-1.693169759212374,3.2524028865870007,27.457329648210003,,
938,-29.602182466694504,-7.1168661070100026,-10.194778141009666,21.958926739147,,
939,1.6604752246616352,-7.609931121259625,28.353808383384003,-53.82340627165633,,
940,-20.32770246099582,4.044292777971002,-8.521351168685667,7.435971229343334,,
941,-0.034685560328908786,-12.069911118849248,0.32390568502166656,76.64412958473001,,
942,-7.043518313200872,-13.280157411331826,21.540569996066,-1.8874085284038669,,
943,14.243776992535818,2.38580677592205,-23.701724417619,-3.4413004429773366,,
944,-6.342634938430055,33.022969602348994,-46.65158003805333,86.62492616965899,,
945,-6.717526294577964,-4.449842211856074,6.121134839143333,-11.808439864321334,,
946,-22.968239826413818,-31.994149982134203,3.0133464502691303,-0.4530425521266667,,
947,-15.845308785129,-35.28871070181438,55.54699668365246,43.95253837539667,,
948,-10.140443858041419,-11.688907998378376,-9.477595152869332,-27.526700354358997,,
949,-11.102122041530908,17.334591736818624,-18.621678251636336,4.925829858913667,,
950,-6.375235160013182,52.61102859796667,-10.553369635078,-18.502147753613333,,
951,-13.139574955941418,14.555505947877549,24.409301948622,-42.40824735823333,,
952,-6.310034716842182,9.826580619839126,59.969625110508666,-25.136086746114334,,
953,4.1380176999790885,4.649417292137749,-3.7998964967732003,-0.39327274338833246,,
954,-17.866461837459,-17.8521993026947,-3.2022440066590003,-3.5010702517153334,,
955,-15.992006300279634,6.173432509850124,3.312168135602666,-3.6803659987500006,,
956,2.882946227175635,-18.771090006248073,12.217190238321,15.683575592937002,,
957,17.275504830046764,-20.967462907422878,-9.537360401883332,48.79352354535033,,
958,-12.047499865518,-16.776424478508126,-15.334589556,81.12652326059766,,
959,-14.215346204885236,-4.539488375469002,-55.735894240026674,-4.87566641925667,,
960,8.99530123972009,15.093393188986676,30.385826849776663,-56.15425098310667,,
961,15.580344293763856,-29.909836922857203,3.2524028865891332,-11.270552623216,,
962,-1.876539881076238,8.88527794791375,65.64732376660668,58.774320130277665,,
963,-16.77438674703591,22.57899233758075,-60.337818413916665,-68.047531888623,,
964,-9.798151977339275,6.509610667622123,35.465873015757666,-3.7998964967732003,,
965,26.729280831494403,-33.742283515722,-27.466935105347332,25.305779771852333,,
966,-32.112322925180514,-27.82552386357975,-17.247077524370663,-33.56298685674434,,
967,-22.365155126692454,21.548040082233552,15.026156941865665,-50.05819558392833,,
968,0.9269928718728546,-7.45304734260375,-8.879942662756667,59.670798865451,,
969,-10.352340075372366,-1.7155820695787485,72.10197065985233,-0.333512054104333,,
970,-4.794170673736145,26.837264961735922,-15.693181050071333,-13.481863188861,,
971,5.507183979227725,-11.554437556023375,-37.08914019620433,20.225734517811997,,
972,-9.423260869898911,-14.042164678209126,47.120096573011004,-15.095528559956668,,
973,-20.490698594662998,26.389026962067,-35.834069966961664,-2.066704275438,,
974,-10.205644549919727,34.255627863212254,35.16705041849766,-6.190502809453335,,
975,-3.6531987329104187,-14.535227982554625,-33.26416425946433,-32.427447125523,,
976,6.941548960655129,-20.20545598252513,10.304703181897002,-40.794581987140866,,
977,-16.888484040603092,-20.788165792468753,-30.036837165063336,15.085922190874799,,
978,-3.9791922438078724,-14.826583571484953,7.675031313441667,49.80953277854667,,
979,-7.858499230253818,17.760417426122054,2.5352198984483336,29.788174359661,,
980,-3.2783076254744192,-1.6259338540801256,-1.2299907892776656,-31.650498888372336,,
981,-14.508741235189364,-1.7604056643574992,-13.481866836643334,-53.942936769679,,
982,7.675033551859761,0.7049122252942475,-26.211864876103334,-29.379419425934334,,
983,-8.119291800560639,5.097656659724873,-27.227870461518535,-32.606742872557334,,
984,-23.815819721487596,-8.013346552087375,-23.46265977379134,39.470144699531666,,
985,-3.343506327653964,-1.4242275065788768,21.779630080169337,-3.0229482596233335,,
986,-15.747509861362007,-15.655826401520752,29.668643861638333,36.362351750946665,,
987,13.950383703221911,-27.130752501840252,2.116863155370133,-34.937587584007666,,
988,12.287823388521998,-11.621672093241123,13.950382459657668,-55.43706799496834,,
989,11.423942636521003,-29.461597555271126,-3.7998964967739997,-4.5768447339213365,,
990,11.896631424157762,-4.001602844269126,10.543763265996667,-9.298299405836532,,
991,-3.1805099452741827,4.335649734821926,36.18305509195333,-6.489332702293332,,
992,23.17596511753595,-51.49256110423338,-9.836186646941334,10.125406522916668,,
993,7.397939129773397,-12.294030802642325,-15.812711548093667,31.521366580996002,,
994,-13.742658412101184,-3.9343652292278755,8.750805795652335,-2.425295769507534,,
995,1.5626765496106727,-31.926912709078252,92.84051297880433,14.667565447796,,
996,-13.090673877429,-20.90022563436575,-22.386888939364198,-17.66543426745133,,
997,8.55521267366555,-4.673961553669123,-21.490410204191004,17.357001653316,,
998,-1.2897535511601836,-15.0282926548172,6.360195835191665,-2.9034177616008665,,
999,-1.6646459021629099,2.654752106376872,18.612071882556002,-30.634489655175997,,
