,Lung,GI,Gyn,Prostate,Lymphoma,Other,Unknown primary site,Breast
0,0.6901539590901536,2.0609057496238345,0.8713064604328474,2.3955997582436637,,,,
1,1.1284410548063581,1.1868503641335504,0.7998541364334598,1.4221639923806266,,,,
2,1.3696432125106228,2.0075894191532515,1.6788730416438067,1.2294067524591794,,,,
3,1.1733970320938756,0.8767620499821291,1.8137864535415775,1.2334992955093305,,,,
4,1.2361482243826174,0.6918357606893278,0.8635430422228036,1.0372172135896076,,,,
5,0.9788967512736431,0.7038298531174348,0.47213569572182223,0.6475095025597607,,,,
6,1.3045566705415892,1.3041690004315687,1.334294916625662,1.1274375202719933,,,,
7,1.1880779699206323,1.5955028247479084,3.996756677607612,1.0820623951649038,,,,
8,0.8372007884138594,1.7581331764680803,0.9064104812412475,1.4164649494993913,,,,
9,0.7118664713253249,0.9600732803248301,4.981208398107589,0.49010165348387685,,,,
10,0.49384720171027063,1.4004521599379274,1.5793297766085808,1.331469962509697,,,,
11,0.5854351144529917,1.6818338318035198,0.8380496547740631,1.081896620312935,,,,
12,1.405882034293163,1.1935087389082963,0.9085160887671243,1.0511296481693886,,,,
13,1.2306814695115544,0.6812305441989641,1.3323171023739295,0.4525448382612599,,,,
14,0.8658406798430058,1.2940312771415978,1.818490508660901,0.4866101454034015,,,,
15,1.0669201051246366,0.7415547684988115,0.9889928985698636,5.004280327864215,,,,
16,0.8918716526430605,1.096687658607839,1.056165505430747,1.7506601635514967,,,,
17,1.118061570732841,1.5448154943409462,0.6950930363027227,1.415043569047616,,,,
18,0.94423375287754,0.8231893312610674,1.0596961010704211,1.5014582132759735,,,,
19,2.046360412787141,1.3950790082446507,0.9417508021964971,0.9964168280939107,,,,
20,0.8018039106437128,0.6520727562256662,0.9116183126630534,1.4481635643011235,,,,
21,1.1835286034587142,0.7407718159316606,0.57924315029025,0.8581770422496026,,,,
22,1.3965675552718562,0.8578993414382828,1.0479841432917907,3.425778738161798,,,,
23,1.2023325237453657,0.870934875950184,0.9259631975054128,2.0065947565298936,,,,
24,1.2081270409606562,1.0572536219497628,0.473984561999001,1.946605787010176,,,,
25,0.8460594111984445,1.0141682711404238,0.6504519482142508,0.9404792920523439,,,,
26,1.0995486606084763,1.4881876411906245,1.255007168536106,1.3293912345310226,,,,
27,0.7495940865131052,1.0174094668761722,0.937167691236479,0.7427748360114761,,,,
28,1.2382520378261535,1.1372914547446558,0.5847067157572547,1.8064056259345191,,,,
29,0.9930461060726588,1.1600127361068997,0.7647431537759735,0.8658121790904305,,,,
30,0.66816641730131,1.28568937112634,1.8038601905190716,0.49629939305926185,,,,
31,0.939846757672826,0.835101201695025,1.3790790736788434,1.703855139642508,,,,
32,0.6179739440408749,1.5114994291588655,0.45809271708489174,1.3519055664882849,,,,
33,0.7472599138997889,0.586225762456771,0.8043940403550578,2.71453435958316,,,,
34,1.1800895186829734,0.8728748282501002,1.61506020188217,1.1799354399815103,,,,
35,1.0693246256799462,1.053567142645787,0.976937104890362,1.6969157355644855,,,,
36,0.9469651771431248,1.0654240137325455,1.04378806105006,0.6217033100107404,,,,
37,1.3750676899899206,1.7049002577373762,0.9853571715277447,0.7916099083188638,,,,
38,1.0633148680309947,1.7216400280518531,0.8616997912575755,0.7916877389057856,,,,
39,0.7134418503976506,0.7182490822038866,0.9754721924422749,0.6796564389049649,,,,
40,1.0021071400882813,0.9935092420385433,1.2989320790797652,0.7309462561932676,,,,
41,0.6511433545339262,1.1412657920067173,0.47837240438380424,2.140144477443483,,,,
42,1.3636624576488097,0.8688018470586679,2.0926599329201605,1.7631941246166234,,,,
43,0.5124659379934209,0.9639136733087871,0.5443446476176518,1.4145080845232614,,,,
44,0.7210010662399342,1.0751672423006944,2.5017585119708126,2.0085083485214144,,,,
45,0.8410564367410099,0.8572283080455964,1.2533142180106582,4.588003341818649,,,,
46,1.0433566361459337,0.969107541765613,0.9302550625010263,2.090222478783311,,,,
47,0.7641540670386613,0.6063852927831627,0.7174265110141707,1.0622351691368146,,,,
48,0.9799667877638111,0.5308184691668617,1.0295844337781077,0.9265696197018811,,,,
49,1.1604702421381456,1.683272979168637,0.43591171218634023,0.39900202324536793,,,,
50,0.8553123991520101,0.9588036291327526,1.6427058981231961,1.351244495075195,,,,
51,0.8521312301542103,0.7549575308823897,0.6693967891946258,1.259175217974615,,,,
52,1.5554568337557022,0.6879054719930935,0.5837474817650533,0.7163799622468161,,,,
53,1.6539826713541597,1.0938530953979788,1.4594264183986807,0.9110571075018714,,,,
54,0.8605023738478315,0.612915999649704,0.2943279048559806,1.3965692556672078,,,,
55,1.1782186960886065,1.2952381155624257,0.9529924203285407,0.9369888876134774,,,,
56,1.1633847159347057,0.6329611771323751,1.2107724109850033,0.5433419389401315,,,,
57,1.3246610004600632,1.1140360413938055,1.245085960007323,0.5661059887576804,,,,
58,1.0126847423149943,0.9575932557990291,0.9060287858921015,1.383870529087144,,,,
59,1.5752934208672025,1.5372441698862203,2.681482739496938,0.7048082438363761,,,,
60,1.1593435638627467,0.925640962648027,1.378949643000712,2.7626797334660873,,,,
61,1.0150815425808273,0.5853178387556133,0.4009829741786699,0.8241369545297915,,,,
62,1.090733348340009,0.7938997619712056,1.30440496708245,0.8474820648554519,,,,
63,1.02207075602081,0.5457877662436201,1.0849965339215495,0.7840710068483157,,,,
64,1.2673719104173726,0.9563840183609971,1.1407422271631593,1.829378312827635,,,,
65,1.1346022854605085,2.237963058194317,0.5682744333261948,1.524786007558158,,,,
66,1.3788228271370648,0.9717961364504795,2.1125004988283558,2.116596520524199,,,,
67,0.932507016791233,0.8489970342418159,0.8581174896975572,0.8782824847271219,,,,
68,1.0104457675208283,1.0881370984546745,0.852612683755058,1.7917246582980302,,,,
69,2.773740783347836,0.9117711769796296,1.0857711649256951,0.9649843030641938,,,,
70,1.2587029268021868,0.7045218593633831,3.8679915449184348,1.655571320233925,,,,
71,0.8372258948978447,0.6476906242669775,1.8166775474686647,0.6664587018763183,,,,
72,1.0547320806344336,0.7547894521692414,1.6649546555236059,1.796411136828465,,,,
73,0.9059862219695608,1.25957078083432,2.660455375561396,1.9001294045478578,,,,
74,1.2904141410731136,1.2929781165907148,0.8477983607537994,0.9143617160078921,,,,
75,1.4398044257022222,1.1193899509425527,0.8994174745389344,0.6434264048917399,,,,
76,0.9110361081691339,1.2680629622516366,0.8345176003110275,1.0970208298526292,,,,
77,0.7000661228493547,1.1603354797229088,1.106261306657628,0.7410465980589402,,,,
78,1.294673087872282,1.05738350282539,0.553644413296046,1.7693216976111188,,,,
79,1.3555775666962455,1.0760941903230348,0.9757641856767708,2.2539529637329085,,,,
80,0.9250393337413411,1.1146665547482306,0.9807294096275234,0.3154064820088852,,,,
81,0.9471103748626082,0.8588100530863664,1.1730653799560473,0.9131153604758151,,,,
82,1.3287607440115528,0.9631975957601333,2.3554672839762403,1.2014693419807791,,,,
83,1.1216276599490909,0.9315687196136934,1.7203799392983494,0.6116352257675666,,,,
84,1.174444586544316,0.7258506980791133,0.8896696673877708,0.8404880690552721,,,,
85,1.600950866096506,1.893819172935696,0.6121700983527496,2.80098857819224,,,,
86,1.2721321342524012,1.1755544982374657,1.2334992955093305,0.8695605446975814,,,,
87,0.7438348840381407,0.4936585978920105,1.0650006057716184,1.0759456824313258,,,,
88,1.0358499755363515,0.8107707839962456,0.7111545854871661,1.299765504534997,,,,
89,1.772988661529673,0.6654423289016792,1.3508174730068223,0.845038019025698,,,,
90,0.7627047760872373,0.8460524669959621,0.532289639474986,0.8234022893914189,,,,
91,1.7320177789622848,0.6864012074713054,0.6056625864814713,0.9231609713727563,,,,
92,0.8771955105735946,0.8635669363483902,1.559646411920878,1.1950177044544747,,,,
93,0.7313967991832522,0.9231061208081176,3.03936373351765,1.197669851235593,,,,
94,1.8609140347777529,0.8656479261575457,0.6371062961063876,0.9879833957588186,,,,
95,0.7823767581273012,0.8066256098782497,1.356226123588936,1.7451079311855537,,,,
96,1.4723079400627452,0.8249777969610022,2.1195923073339156,1.1103763740493486,,,,
97,1.7439350726685472,0.8235857818653252,0.4410898236340032,0.9704485127105194,,,,
98,1.0287023664854176,1.384276164614598,0.9518976555981642,1.0250482684577689,,,,
99,1.179040367727707,2.0214771315936972,3.5174843778963534,1.1245172080116719,,,,
100,1.7227623846385185,1.2538866981382282,1.4539977066408922,1.7473297181491734,,,,
101,1.1988159651218422,0.7628004854559728,1.5916585337141163,1.2549731950275267,,,,
102,1.140778812783035,1.4437098973176667,1.632916941775337,1.5754607729479726,,,,
103,0.802003837229556,0.6722191603765544,3.3216838828692365,2.6405472939901236,,,,
104,1.1052515414215243,1.2079674087450019,2.5810646906123993,2.1691431451828915,,,,
105,0.6663311316197893,1.1697983610618794,1.0653308156479546,0.6667285925849236,,,,
106,1.0684681452162217,1.502608306342331,0.693406546865879,0.7135340690823487,,,,
107,0.6014302413671554,1.0550584589425793,0.9422627350239289,1.6470676110198348,,,,
108,0.7575708455024205,1.4875848921431434,1.3405797955301537,2.658467793779752,,,,
109,0.9425034547904501,0.9071044277936187,1.170957531009631,2.0275403534211556,,,,
110,1.5443180722581469,0.9196751869925082,0.4819815000633977,2.7321734885091384,,,,
111,1.0843552838293642,0.7060488424822204,0.9204780408672631,3.840531235384924,,,,
112,1.2898622477758799,0.8606929025839867,0.9617381174336771,1.4901277688873082,,,,
113,1.9032112829061696,1.8743618864381117,0.5488043655753645,4.376419705080257,,,,
114,0.9514898267570622,1.3114329236872189,1.924235883296939,0.94898941974255,,,,
115,1.0609868199655175,0.907462839846491,0.7323979530988959,1.4295119989695297,,,,
116,0.8554070514623364,1.6410702182161783,1.7345745180242083,1.2393268924475112,,,,
117,1.087844116561402,1.167140365654384,0.733839416219962,1.0826799181600986,,,,
118,0.6157140393461477,1.1868119110819095,0.7672460117956684,0.7826462810234845,,,,
119,0.7333706001852544,1.3271162324659955,0.5591297613888022,0.637519944557316,,,,
120,1.3006763910838453,1.397971605495908,1.5515121883049299,0.8641679917095705,,,,
121,0.5429750933828699,0.5096416954946382,1.1325786530685023,1.259551635807871,,,,
122,0.652994953107455,1.8120259487492425,0.879865446335142,1.4563240334908796,,,,
123,1.0258998374275676,0.801089119013815,1.1847513579488664,1.0558007091622008,,,,
124,1.7760806280149373,1.2750354263776191,0.6466081618824228,1.4629086403138531,,,,
125,1.8256981561751837,0.5010537792754293,0.6366848270297403,0.7659273623540885,,,,
126,1.0259071570243803,1.1756557516039963,1.0012713324407883,0.979828981478395,,,,
127,1.5773710128958165,0.8657823054658207,1.7194237990711594,0.623917124372711,,,,
128,0.845235951488155,3.1582431754490337,0.5577301570223787,0.40846668405004355,,,,
129,1.278817795393556,0.9256040463525238,0.557648257619336,0.4862276914833277,,,,
130,0.7744585351593802,1.1816272633144456,1.073865038619488,0.5932108254721387,,,,
131,1.0630098160869015,0.5360591056611526,1.3695874506810606,0.9794908563116533,,,,
132,0.9183274295785344,0.8626925789774373,4.676907843598109,1.059664284929639,,,,
133,1.3803658640346173,2.2195949934835957,1.512943154094858,6.044784095525389,,,,
134,0.8492971360731325,1.2129779196991708,0.7547909330845489,3.4486860601310667,,,,
135,1.2071121353128835,0.9849129037554043,1.3204277347954723,0.42709350697925946,,,,
136,0.9558315332354513,1.8376893434620871,0.8806602575815388,0.7486281445199011,,,,
137,1.590949912410684,1.3562867539759045,1.705006786705128,1.0397734955943156,,,,
138,0.8187548370418364,0.8143984562294183,1.008638540131464,1.000254235581186,,,,
139,0.6103903459714478,1.6243938199666867,0.8420343375256973,0.470170586223704,,,,
140,0.9988338034347126,0.9363108143973057,1.120172775094617,0.5421262395545211,,,,
141,0.9000913024613418,0.8105314868930813,1.9564535075375058,1.5194931569195096,,,,
142,1.3148737213824275,1.1092858223148647,1.719346449616097,0.8233165847612,,,,
143,1.263318361506131,1.0644279547114235,1.095023478442879,1.2381597243405402,,,,
144,1.0051926939671318,0.5740863918447251,0.9271476183741277,0.7896714052776644,,,,
145,0.782019007050896,1.3056716564316675,0.9541257174356128,1.9395732906370926,,,,
146,2.416370980763742,1.1690234921872271,0.7554187416654047,0.3154064820088852,,,,
147,0.8659625485659552,1.0167734050012098,2.002965314563981,1.1685121851363447,,,,
148,1.5152222168690461,1.051939318180327,0.624598262723227,1.9116298682840611,,,,
149,1.848460068300474,0.6848798103908239,2.039891837698167,1.4810696292399346,,,,
150,0.9662689372598127,0.8985614719113927,0.6490703322662149,1.432909013765404,,,,
151,0.994948450253301,1.2442494958808332,0.8314641237178175,1.6261930187421643,,,,
152,1.0503097434760227,1.1115126225203675,1.1072410636133494,0.7481512163460515,,,,
153,1.0055473911541302,0.8846574042718204,2.0176684283641197,1.3387143510073503,,,,
154,0.7014492915129439,0.9313457852916485,0.8542751333089084,0.9552110379466986,,,,
155,1.3184086111943303,0.9129523887671708,0.5065912279295394,1.919907306361247,,,,
156,1.0313522172595473,0.9319009703003264,0.9675565154032225,0.7149231226176411,,,,
157,1.2395248827311303,1.345509382811486,0.8527386923676221,0.820799683291083,,,,
158,1.1793210281595987,1.3916492250137311,2.671336827182537,1.6246737392107384,,,,
159,0.8707037647292946,0.7017371613796998,1.6892292859692257,0.23130623350546275,,,,
160,0.7723332984247949,1.8152569208483116,0.9183553924351613,0.47459901129519794,,,,
161,1.4617426944693477,1.0905771792902248,3.1523892822089703,1.7294250324166758,,,,
162,1.006705916034239,0.7364068751613478,0.9715676093057442,1.4906181559141019,,,,
163,1.101515801367673,0.5463742048715821,0.705551549521133,1.0422824652957874,,,,
164,1.2723911552475646,0.8065981262885075,0.8138028294539938,0.907026923527501,,,,
165,1.5896885067875033,1.2727974795460908,2.363963221101986,1.3627342750991478,,,,
166,1.958122686249342,0.7725108877378463,1.2287153007062523,1.2159807796446518,,,,
167,0.9474784987004886,0.9035339904759925,0.6998885117924235,1.2241239602237892,,,,
168,0.8233913486935162,1.3376629843066867,0.7818541979842121,1.0550156851762684,,,,
169,0.9188698456923294,0.8830162906221125,2.868352616498081,0.91382265353397,,,,
170,1.5144990870839021,1.0972942212860284,4.097735137413404,2.2536566966685907,,,,
171,1.325983676638894,1.5827414356547733,0.8313331934638521,0.4830783286417081,,,,
172,1.8449628517658894,0.8831696781907061,1.5787546973182072,1.3808394240784525,,,,
173,0.9341656117167919,1.0075446330303692,2.2167714524415065,0.7031677617673612,,,,
174,1.247661638785708,1.6839330305786402,1.2848353798310017,0.9508782725522255,,,,
175,1.1045628491364932,1.2665551635580232,0.8441045423742389,1.1588955765045268,,,,
176,1.0908694196825213,1.9546912047063134,2.1234801591223893,1.1081508829329882,,,,
177,0.814123063330073,1.8446959675883419,4.7505641991901175,1.2118266415578396,,,,
178,0.9202717870702221,1.2672528683177398,1.5073825473368805,0.684902149390504,,,,
179,1.165828399957411,1.0485691587941324,1.50229385875095,1.1020631382272015,,,,
180,1.9710977042537965,1.1061970895834783,1.5105386239374683,1.1417093549373898,,,,
181,0.8159095067305479,1.5334853343740902,1.9831079216857976,1.995011983560703,,,,
182,0.7536375200360698,0.6652251249706655,2.238772252901933,0.5384694872747126,,,,
183,0.875718950029761,1.2749815668280418,1.0168288833635988,0.8344476921671447,,,,
184,1.018725174780172,1.6957487700668907,1.1515273716902583,0.9718267005058882,,,,
185,0.9514107122838704,0.582359847260276,1.9529141013963285,0.5247340859975635,,,,
186,0.730813429227823,1.1710842634011749,1.1563929028589348,1.2980791648174559,,,,
187,0.8959077674751716,1.1045072276063805,1.811665223341001,0.9285715398850946,,,,
188,1.171517520186656,0.6798878430503942,2.0547901664085,1.3901528309247047,,,,
189,1.050760274078115,0.9954433537479691,1.5417644700701818,1.214402625331967,,,,
190,0.7337021409414182,1.0586188749305463,1.5873622829564373,1.5742354498425704,,,,
191,0.8377543519425915,1.5418353076103082,1.8448400546764006,1.3885915038558925,,,,
192,1.2681652695780654,0.9150235919626827,0.7441562230251502,2.9093757287253252,,,,
193,0.7514334429948349,0.944343618451087,0.9647886132866325,0.7646095068167925,,,,
194,1.0297175851745246,1.1422846344755446,0.6604850630800662,1.1363301889175719,,,,
195,0.960562858238669,0.9902469714493447,1.9968933522365944,1.2961208923089313,,,,
196,1.0127951685649448,0.9425594122411038,1.8692027575460968,0.7904280525440444,,,,
197,0.9601543006218504,1.0548514459052982,0.5695143932700685,1.1440528879805691,,,,
198,0.6278387530005302,0.5741033565787504,1.7915121566466494,0.7983559455370303,,,,
199,1.0871731741200952,0.7329491776298841,0.5573216840901195,1.3865531050726418,,,,
200,1.0778468097023628,1.4710795369405716,0.6078801458300688,0.8369315247250807,,,,
201,1.4545939817057012,1.1285275265845451,1.0831374468632533,3.5086762686705018,,,,
202,1.4490948693780858,1.3556408106951232,1.5383440657500467,0.8557991103626763,,,,
203,0.8370895820998261,0.9980587273137062,0.9034657313477314,1.094349800645699,,,,
204,0.5032992066850766,1.0430989815529643,0.7119537637385926,1.2611184408682603,,,,
205,1.5198290533423982,0.9269487592229554,0.791850991859117,1.447303299977837,,,,
206,1.369475875233436,0.7928908481628133,2.9771253549837606,1.0906944896516104,,,,
207,2.048934057361585,0.8717861016570628,0.894094026752092,8.422300447293871,,,,
208,1.5771051109652034,0.792600020157731,2.694258337150961,0.5484929754976202,,,,
209,1.0910047459693524,1.7508068201643097,1.2018550822989664,4.795262982535978,,,,
210,0.7847711892024127,0.9908173641803804,2.982364273546859,1.0171814435550346,,,,
211,0.7519791904725427,1.1097376486590524,2.0140114936869935,2.131187282336857,,,,
212,0.883414362146156,1.2544821698127602,1.5788538796740474,1.3227707074722368,,,,
213,0.7769713505400732,0.8056553795007707,0.6133575501882281,2.280985275389067,,,,
214,0.7765949988122453,0.8589136717628904,1.9939991966372912,0.47618517396947235,,,,
215,0.9702186440655189,0.6987146196007399,3.692080071226378,1.6038105009040096,,,,
216,1.4383438952188605,4.409077791194631,0.6540927672744168,0.7990688250711067,,,,
217,0.6960968784707208,1.2095495956879212,0.9348876735581797,1.7500191856802154,,,,
218,0.8880269574666039,0.5743617954367104,0.8081161601526917,1.6587086458297888,,,,
219,1.1477596298433794,0.7404185969984821,0.6304637691544116,1.6377610332092103,,,,
220,1.2727105670030816,1.2775569469178842,0.3834628037226407,1.338536523109022,,,,
221,1.2326410575583746,1.361270243117761,0.9360544186138995,1.0111691498101978,,,,
222,0.7358489034641211,0.7320482256473044,1.073889080677831,3.958708193407321,,,,
223,1.51507532045186,1.1067486382507243,0.855102905591404,0.8333333187562041,,,,
224,1.1814870237543798,0.8112359425353867,0.8100124175214644,1.1804486986824785,,,,
225,0.8485879297816107,1.6475912967309296,1.0622157356365232,1.9222575262271622,,,,
226,1.2567084526009453,1.185223656549847,1.2115520490896965,0.7077474360359362,,,,
227,1.251142885449803,1.302175571771529,0.4887173503149475,2.0662094033751637,,,,
228,0.7508980630150299,1.2066561509445435,0.9712293554083236,1.6531024841257111,,,,
229,1.1478742485489173,1.1455066025446023,0.7572814099529197,0.7835861539520763,,,,
230,0.8837424928288795,0.8563180823886448,1.1031785285610416,0.8787313094708866,,,,
231,0.7031237855699336,1.1922691444624993,0.34043478167260205,1.5842007964249436,,,,
232,0.634232219495496,0.7787388478155158,1.0918284474896263,0.7677581809043654,,,,
233,1.412605692355368,1.1023502138603345,1.539040377232465,0.8756447965569675,,,,
234,0.9707373140946209,1.170584860898123,1.1724189800244722,1.3463054059915138,,,,
235,1.1726918511318536,1.2390840258949274,0.9711898879455128,0.6444273249143175,,,,
236,2.09802082130533,0.7876782096407148,1.6510808451387153,1.1306670586812242,,,,
237,0.6688024949847484,1.290291689641028,0.9546100709521355,0.781424763598684,,,,
238,1.0229415080974602,1.520466245007655,0.3639879641563742,1.4166975140707223,,,,
239,1.1653679324307653,1.3640095790849287,1.1293810227141197,1.1200276378056269,,,,
240,1.5509748474603176,1.370857260556254,2.2872749548567257,0.7860009562278496,,,,
241,0.8737581819798639,0.9505786820003611,0.987238857371632,2.6425062320666917,,,,
242,0.8612384466790153,0.8904331115820865,2.8776353832396837,1.2481356516142093,,,,
243,1.1794837323882028,1.2228677424294903,1.5793027790556975,0.4944086662221308,,,,
244,1.3165830583931155,1.2012893525566677,2.504469117969989,0.8379298013265299,,,,
245,0.9508751431123271,1.2822592948078486,1.9164517561392354,1.5949275060342476,,,,
246,1.3889158321188313,1.5422547552903894,0.9228396365829793,1.4187117775819116,,,,
247,1.341295892003511,1.2979621257480125,0.8112246516037643,1.2350833305637314,,,,
248,0.9593562567340921,1.6576291677972517,1.21443360216384,1.0062501169740374,,,,
249,1.5230502831990054,1.0053446065820797,0.9199029792116404,0.7224109363285841,,,,
250,0.94654823337795,1.8203664377620068,1.3450035606640607,0.8859360400531116,,,,
251,0.9933620177160579,1.5454988715492641,1.3723272453546524,1.8117599615168478,,,,
252,0.6956783016900635,1.3823945434107283,0.9990365454608902,1.0385512769042058,,,,
253,0.9979965018909646,0.5810822447921927,0.6526121323389009,1.4439821377985846,,,,
254,0.8341721710726532,1.100732820356087,1.3933563017314938,1.0558660946489937,,,,
255,1.3962620323183161,0.7576600539239484,2.635200158158742,1.5366292027876218,,,,
256,0.6622890150291467,1.7184414775118346,2.9312422324286995,0.5659051589892824,,,,
257,0.7561357588213291,0.7200391428520596,0.7748348741383375,0.35177871040370534,,,,
258,1.6303683700151688,1.3446528090289938,0.9344193318945622,0.9384739184778307,,,,
259,0.9665120786562178,1.0024104769826814,1.3121250934573692,0.7683009537696088,,,,
260,1.3714569258960796,0.9214855710606324,2.479650759029223,1.1374185957874028,,,,
261,0.9297327716252427,1.560704484136775,1.7515362056728256,0.7997129279733737,,,,
262,1.0262256313485758,1.3363852989672256,1.7059402070430594,2.29434530340386,,,,
263,1.0317429217393426,1.0770803971838256,1.2868824930798244,0.22528044410034562,,,,
264,0.9244115713913529,0.6243870029973831,0.943223444325445,1.180241788157139,,,,
265,1.2764542232290783,1.0721436683539858,1.1007304181607445,0.6523521868104818,,,,
266,0.7169595007871568,1.0521475713229995,1.637179191331251,1.2047669534474905,,,,
267,0.9628893263249232,0.9307260506185611,0.6310347268075269,0.9112355786009357,,,,
268,0.7515840302680842,1.6571562069296912,0.8259584280718235,0.8288413503999389,,,,
269,1.3188650695909767,1.3161356586295376,1.5629279693293792,0.5585486511725594,,,,
270,0.6915090229882576,1.0006976415528208,0.6244169080022832,1.942062677133084,,,,
271,1.3239880212470398,1.057457181787128,0.828606786460575,1.5451015530609558,,,,
272,1.5779791362949007,1.9375155768258874,2.1031120406337567,0.7012373532056277,,,,
273,0.8164534301938783,0.7470243110634682,0.9828863546696313,4.0007829997297595,,,,
274,1.9476102490674982,0.9702469151871597,0.8314641237178175,1.8137143766701802,,,,
275,1.1799689181796023,0.8201816011355152,3.8031868666467132,1.4148856194139867,,,,
276,1.2274330479686042,1.1671337662320396,1.1907479108839443,1.7677326764618453,,,,
277,1.1683123014501358,1.1820233210183082,1.8465570587853681,1.1647213498097921,,,,
278,1.1061820477797706,2.410214920026922,1.2230597023134284,1.9910831018808381,,,,
279,0.9391628797297591,0.5708882384352568,0.49062787213951076,0.606279507980574,,,,
280,1.1774481301290116,0.9968021689419058,1.3649166075388919,1.0593232363718974,,,,
281,1.2617283843755278,1.6866999857836122,1.5602686162186774,0.6787657798070468,,,,
282,1.0760257790618313,0.884525708429514,1.1442198524702776,0.9819204523706576,,,,
283,1.0852422773907773,0.9782297759548829,0.76008329016014,1.3136368065958817,,,,
284,0.9991660319581481,1.5535587521153045,0.8707291327273193,0.8672825775875739,,,,
285,0.9886377204037825,0.8338709612749228,1.3657679260473514,1.8503713531866113,,,,
286,0.8123693299166608,0.9112892479132633,0.5362952380317642,0.6463039153319058,,,,
287,1.3360249058852087,1.1941978061915386,0.5729192138290312,0.6382558366840381,,,,
288,1.2905590872502268,0.894286531188957,1.1349963703146044,0.6807288896162642,,,,
289,0.9098969337390225,1.1606771296136296,0.5100733807491917,0.7090860434024475,,,,
290,1.8915390689969542,1.3069330124595118,0.50623284864106,1.0931519531991543,,,,
291,0.9768060672746368,0.8585608495054983,1.1884842064414445,0.8345085968167468,,,,
292,1.0449586065309884,1.1794893142055385,1.6345481166898044,2.2380609979484327,,,,
293,0.765804858616606,0.9091490329114681,2.3666427564670043,0.8395039810723905,,,,
294,1.241636133585692,1.164910455864386,0.6714203572918578,0.5505599769290916,,,,
295,1.5176333986637844,0.835696196602087,1.372688833279259,0.3568202073193602,,,,
296,1.2648882701642516,0.7712071873497344,2.7321734885091384,0.4820154719404788,,,,
297,1.8191313046640414,1.1860528483449553,1.0189980908068512,1.4023201474568192,,,,
298,1.2350732790572305,0.8317449305936566,0.989864770307128,0.750851293035977,,,,
299,1.082878229620673,0.8660777175556506,0.7380754737221896,1.3636400525196781,,,,
300,1.0400559934496838,0.825381948942943,0.24872314590811345,1.0374475242164116,,,,
301,1.2508467299033248,1.1555173642941177,0.5981160453548443,0.9692245586444835,,,,
302,1.040816892578045,0.8890976694214747,0.9304195312747813,4.4698349440652905,,,,
303,1.404151989615725,1.4986925201378993,1.0655695072897595,1.1356764487964492,,,,
304,1.0010591527818031,0.9287405897781796,0.7559254857600256,2.8159743315401604,,,,
305,0.6433275848060053,1.1670986908679544,4.018563209014525,0.9941867319128002,,,,
306,1.0475027929537075,0.7692084064468325,0.7049565195925925,1.315827259007552,,,,
307,1.1342886031101647,1.4327228407378605,0.861389222637257,3.329566464517303,,,,
308,0.6874780585048168,2.6787114925516686,0.8961887110065376,0.9709868751799169,,,,
309,1.192349305526656,0.9197619961474686,0.6233954289415834,2.25229166138289,,,,
310,1.1230633685952192,1.1840775765563738,1.0949926750509102,1.6176901041955607,,,,
311,0.9176697886290465,1.2424257145216693,1.3831438013847956,0.776145754307976,,,,
312,0.8926054593499017,0.9027530735569531,1.4791126147292053,0.7800091754450812,,,,
313,1.6203367768304622,1.2848688269846213,0.8295690677006226,1.433278722419357,,,,
314,1.0611444447847205,1.4239447659624613,0.745036097913432,1.5622465845013314,,,,
315,1.4048907248275082,0.8606033996587288,1.0632130893017075,1.1931236345897995,,,,
316,0.5524195030883811,1.5800630432075318,0.6366124296114661,0.7636137257117803,,,,
317,0.8548845506983623,1.3581802271927632,0.6201418078741087,0.5837762223128804,,,,
318,1.1179596636689884,0.8030937368912648,2.540068611708511,0.7319582093397083,,,,
319,1.2339285801912911,0.659473713779439,2.1884421062135764,0.7334821507307334,,,,
320,1.6963750283704404,1.5830589628102678,0.3695805894261259,1.2622794646649138,,,,
321,1.0889057585690354,1.0495378793956227,0.8303355578254168,2.0966395529895636,,,,
322,1.1759807669951052,0.5082800910848203,7.5364392916705745,1.1000143166238163,,,,
323,1.4287124283201482,1.0839368008400418,3.5587963042467536,2.2897081629578495,,,,
324,1.1729176849222043,0.9547338860168259,1.1212684500919106,0.7505932211815066,,,,
325,1.7137458898807265,0.5458868362644813,0.663091535093038,0.3540644946795875,,,,
326,0.6725121640399689,1.1716262512090432,2.085130937747281,0.4892189008933002,,,,
327,0.6045672527518855,0.8339179817771553,0.4124939594089813,1.0252975798653186,,,,
328,0.849035900965266,0.8262837390531986,1.4389910421992091,0.8824247750577097,,,,
329,1.2664341089833788,0.8145559313557571,1.2711327248250641,1.0563321223349076,,,,
330,0.8280856473244668,1.0700765205968674,0.9586317050266792,0.6847005014484816,,,,
331,1.4494857502373923,0.751433185385792,0.7664745551131181,0.9780992780213068,,,,
332,1.0029196115226073,1.1127143235223644,0.7682124537931344,0.6069317995843504,,,,
333,1.4158719101434505,1.5300221914509238,0.5289317680473465,0.5932053364661947,,,,
334,0.7766164236714287,1.3501816703256158,1.6244198895789956,2.6483689642169126,,,,
335,1.2325421996898134,0.7726849539888453,0.5632968691865474,1.5429003390824245,,,,
336,0.754923325650526,1.721421834227083,0.8201114071056785,0.4537119282274001,,,,
337,0.6760926191019591,1.4182677309785814,0.6070063372114844,2.0406724733572617,,,,
338,0.6913395999141095,0.8409916187068928,1.4643205378748412,2.1806434204022063,,,,
339,0.9111931530897878,1.091295981070257,1.442251388045562,1.2919830507594467,,,,
340,0.9445441152240627,1.352781666066349,0.45809271708489174,1.3810713628345743,,,,
341,0.9809613968310739,1.1825027061258295,1.3498824358138983,0.8085432327705375,,,,
342,0.6469995088163943,1.102795879879935,1.553794966176924,3.7419832126513013,,,,
343,0.4999568435554765,0.8499090789221514,2.204151578450453,0.38947889554918674,,,,
344,0.8974577451322012,0.5070294352592442,1.5718281135506071,0.7292640121915763,,,,
345,0.8809386164773564,0.6499669139349384,1.2636626070071868,4.323359402185262,,,,
346,0.870268653247213,1.534556886164467,0.7563105572331081,0.8990240187300352,,,,
347,0.7349630725723327,1.1717194187749458,1.1102420647179554,0.9275303632259689,,,,
348,0.832269683554902,1.695931632309117,0.8511528951933856,0.9217843696019236,,,,
349,0.7178843688374191,1.1177961027711334,0.8100124175214644,3.787522178500856,,,,
350,0.7256895223887934,2.595190034298783,4.981208398107589,3.55796030296725,,,,
351,1.0280514177987512,1.0349045650211512,0.7272917184039968,1.3184589525340957,,,,
352,0.7600931005859525,1.5684600350766533,1.4221639923806266,1.1103147588751399,,,,
353,1.176486603985812,1.1696179406857066,1.3217033144519283,0.8045613232452594,,,,
354,0.813876916169667,0.6950995476111825,1.6748924053182663,0.9106902511086729,,,,
355,0.6936320290958748,1.4236110256898542,1.2314600289195017,0.8626553815318044,,,,
356,1.4385923593320262,1.948090615301827,1.2419864970958017,1.0567266643229105,,,,
357,1.4771258568995478,0.6467739498904183,0.529704237323773,2.1104388640408906,,,,
358,0.8506862324021746,0.8502892694496547,0.6389857796213857,0.857548197250161,,,,
359,0.8671520832673962,2.385696533516577,3.601491253018361,1.2974756102500906,,,,
360,0.8747797152492448,0.5989011048037102,1.5792830660136838,0.7535141187830494,,,,
361,1.0804095858427365,1.207861611510405,0.6010095515315583,0.7486281445199011,,,,
362,0.9695683320550307,1.861906370825773,1.5228268603760173,1.0127170932559428,,,,
363,1.1741166491659591,2.7330073930789363,0.678801345592868,1.1729464534397533,,,,
364,0.9792589390841118,1.218734276837028,1.2279424355027986,3.778590726709963,,,,
365,1.148818211271533,1.2141181367731688,2.742538742039959,1.4110276208321852,,,,
366,1.0049292684868962,1.0298131088394893,0.8641679917095705,0.5307154900049115,,,,
367,0.8306477981863656,1.4895718436799243,1.6475696086751486,1.325825207963102,,,,
368,0.6656287315096873,0.8947403271855636,0.6016613996880057,2.730745630040148,,,,
369,1.5643455354255977,0.9277703115008247,0.7470113751925092,0.4423212461814716,,,,
370,0.9981250060486004,0.6512445731996265,1.8790871357055858,0.6425757446467997,,,,
371,0.7515212459401543,1.0381073993914898,0.7827343471755168,2.9202002970081162,,,,
372,0.7473393217787243,0.9224242091720518,1.148911640839479,1.4376139502794698,,,,
373,1.5537365284655422,1.3694990839697667,0.4515230008593011,5.407424612682719,,,,
374,1.9114294825558793,1.565366015619093,0.6183915062198517,1.2895166315036857,,,,
375,0.7953466600483915,1.2205237306098051,0.8703349193552828,0.777676233011772,,,,
376,1.1557750246174714,0.9799155116029106,0.4986703090664001,7.626997049414487,,,,
377,0.7744690606255306,1.1128851197804723,1.3988254986283835,0.4130287097963082,,,,
378,1.055197465111066,1.7220234069801956,1.193172252716482,1.860195323125995,,,,
379,1.6235395987286485,0.5586085051463896,2.216525683563438,1.2056849013033613,,,,
380,1.210610525894493,1.4609433528853097,2.3988829770830282,2.1452544176266155,,,,
381,1.3720095690069312,0.837692231105002,0.5977475771041735,1.6406303289794144,,,,
382,1.0748516493204918,1.0030375713604478,1.3988535191427962,1.4715830151942642,,,,
383,1.447367773630927,0.9211569774817703,1.2966110064773966,0.7366623000861464,,,,
384,0.7291102186689803,2.118591834406313,1.0575982106451427,2.18062134065546,,,,
385,0.427394516229673,0.9724043381208536,1.73823447199153,0.7946569424464264,,,,
386,0.9969919018056917,1.504081518424629,3.245138450499415,1.0856514982433563,,,,
387,0.7208298174161168,1.4497552286799784,0.5069733481539661,0.4284343132667888,,,,
388,1.8308775285417573,1.5293561343324247,0.6287233591262337,0.622175675116701,,,,
389,0.7862925148372686,1.065707963559508,1.3677971141643548,1.1079183477413768,,,,
390,1.3452910111628635,1.4236781673708516,0.9903829545496743,0.8004600355577287,,,,
391,1.1417439079839748,1.2156493572979747,1.0860219201528918,1.400133878271388,,,,
392,0.7131591078632595,1.1860643248050033,0.9034795333096112,1.766809774105095,,,,
393,0.6602291020492286,0.6638045315054518,1.2289061518509508,1.0981672517075263,,,,
394,0.6002598422655895,1.251978975706639,1.1010145916978156,0.6045399555485745,,,,
395,0.7975582322969001,0.5333245584804327,0.5526461259985137,0.7032649970025193,,,,
396,1.2894107356210514,0.7411068489078463,1.3412664042150524,0.5526684405626889,,,,
397,1.3254886872637006,1.7961622338810912,1.3901112557587565,1.7748004351573659,,,,
398,0.8544444489050448,0.9415646849083149,1.4049030027250213,0.9738151086231144,,,,
399,1.1221765829908772,1.4687039348822248,0.9898823436696866,0.8612092938071185,,,,
400,0.8982098246347984,0.6535128713606521,0.9341576686076004,0.5705881200067613,,,,
401,0.9954270600381323,1.4254969514911242,0.7461442737447236,1.3226616475590154,,,,
402,1.4255213740914823,1.1534828240567856,1.4518057881052586,1.4492930215953919,,,,
403,1.06448597379005,0.8891182318814885,0.8653452037450261,1.231122961458583,,,,
404,0.7701893993855553,0.6989066399089825,2.249509348183496,1.1790392455229088,,,,
405,0.6382204631368934,1.2246884882214795,0.7965732074395624,1.410020338817037,,,,
406,0.9963558928260218,1.1597015374396886,0.4020842102688414,0.6007351727302221,,,,
407,0.9396821305514009,0.6358910931799319,5.4544152832070925,1.025041592653598,,,,
408,0.703249321813061,1.0918539840890906,1.4058011058388433,1.0126762871349282,,,,
409,0.557142950034101,0.8953141192293682,3.106163709335515,3.5974667306700203,,,,
410,1.0757558179958444,0.7996591421122976,0.5709525226679137,0.8224718777372646,,,,
411,0.8742012711709679,0.9486308097412873,1.1968997309528169,1.0464269419489074,,,,
412,2.435203512202732,0.8076053820155977,2.6220183990942107,0.5483889044068675,,,,
413,0.6645117051207253,0.7672601150855008,0.7851605406455286,1.0339061267733138,,,,
414,0.7105914396347248,0.6925508944625588,0.9322568681689974,0.979548814749471,,,,
415,1.3660767873930193,0.9283229468509948,1.2887693133171094,1.285766758262199,,,,
416,1.397278051107659,1.0906303533247583,0.6111439005755318,0.4819815000633977,,,,
417,1.8038414386148245,1.0354130051809942,1.8842575032137123,0.7395333554968363,,,,
418,1.291538783661481,0.7549765876038814,1.166261717085205,3.4655034168901513,,,,
419,0.855866661718797,1.484896452018913,0.674104731013162,0.5577612408150463,,,,
420,0.5889578572543367,0.8820513697798628,2.5956399011244864,0.32982180987652593,,,,
421,1.017456091404225,1.946056799027569,0.9338627520720185,1.5510013077213782,,,,
422,1.025740285974426,1.0103078236421268,1.2230597023134284,0.9553872676856183,,,,
423,0.8744441883309463,0.995008835810323,0.8846216349907121,1.3315098600848572,,,,
424,0.8849123385373842,1.070300876262995,0.9876758633825371,2.1683606179288777,,,,
425,1.2600287343823673,1.7380471486118279,1.0468623260376761,0.49399294160463314,,,,
426,1.716931265412353,1.1778981425939499,2.0486984969220594,0.9646788893213968,,,,
427,0.9823610974660427,0.7634702079934087,0.5972969020927256,0.6768480716834909,,,,
428,0.8387700956478228,1.328402036291974,0.9486548493795398,0.4151042582024242,,,,
429,0.8129228101351502,1.0703822459967096,3.235302585618233,2.427808157163454,,,,
430,0.9885825444159548,1.047869257334527,1.1637581315091325,1.8443755209098864,,,,
431,0.9221219472399457,0.5558489886255275,0.717181409003956,1.5342000226476615,,,,
432,0.6908105281745838,0.8594770986668345,0.8187233443502848,0.9620443186936474,,,,
433,0.996870914465871,0.9872270664870423,1.8317791019544405,0.8674527888148806,,,,
434,0.802733070438938,1.7221842497461175,1.573774518055659,0.9773051443619287,,,,
435,1.5477666353135007,1.8399691307016026,1.4770423886710282,1.3386353204103794,,,,
436,1.1522924954395908,0.954953756492921,0.3900786682221272,0.8836540531209085,,,,
437,1.0833083014883067,1.8101335033901094,1.4848438521190206,2.447868624585582,,,,
438,0.9742028783623952,1.1007076589010094,0.6435443711576958,0.4102759365633236,,,,
439,0.9163789544588978,0.6714799862682909,1.4621388616744457,3.3059867581949813,,,,
440,1.0658548959648493,0.8169961866725977,0.8709219773533399,1.033494527807285,,,,
441,1.9979646721208921,1.3812022908215977,0.9344431148316316,0.8343216550751558,,,,
442,1.0962845749409305,0.7906694431701212,1.2806882042789,3.8221314044844545,,,,
443,1.160853521869671,0.748674408008856,0.8972677469998303,0.8563189662527635,,,,
444,0.8917344452150886,1.3937445625411917,4.313444470518192,1.9497839778567116,,,,
445,1.6094963215191491,0.5785626874257295,1.5745173899216516,1.597807483411465,,,,
446,1.499474590186678,1.1023614294948265,1.7451079311855537,1.5280291269761344,,,,
447,0.6406892473447704,0.9802526610850768,2.0619733999984056,1.0680731999944577,,,,
448,1.2621263244438778,0.6891226447139661,2.966141515272879,0.3501403143045479,,,,
449,1.4618186421913182,1.4603341856611072,0.7513667486493827,1.5416974835788997,,,,
450,0.8018054877504495,1.2416685313883868,0.5358754180964711,0.6896071939344876,,,,
451,1.0042876867508532,0.8671971163259494,1.1046058818112228,1.05255407496011,,,,
452,1.2634832416781008,1.392123165618306,1.0820529639311671,2.341489173811803,,,,
453,0.694831565620751,1.1907261340575932,1.0318889135644465,1.2429313459547082,,,,
454,0.836019107990611,1.5802395522393295,0.5348341051123313,1.151796807564158,,,,
455,0.8744562661629204,0.8790073945366071,1.814551347710318,1.1564830233451837,,,,
456,0.6291067927479203,1.1077058836871112,2.6670202687118434,1.5763102196293657,,,,
457,1.1185184148917338,1.1519150899486965,0.8564605992791463,0.8080437614332229,,,,
458,0.8368859843426943,1.3134547226674131,0.43118995513310193,1.0547445618635478,,,,
459,1.2369943062420945,1.0603139322149326,0.6537139871075056,1.5079498680390049,,,,
460,1.0762770510255302,0.8580218487379212,1.0173668741176471,0.8146708855844929,,,,
461,0.6975367680625776,1.2179231269180413,1.8823014941073022,1.032310841221386,,,,
462,0.6513953646561244,0.9826483260431734,1.5053089388477474,0.8801469790321972,,,,
463,3.0598631082995102,0.9849286845367007,0.9680446142535811,1.3722151509835114,,,,
464,0.9299604800083028,0.5730414410338266,1.0551362265412116,1.157373495941345,,,,
465,1.23832850789851,0.6997368581069924,0.9167308807951067,0.32016108323962955,,,,
466,0.7291090121898766,1.5043003638501735,1.126407986142636,0.972696274853111,,,,
467,0.721136452761346,2.535366073601309,0.6584958738679092,1.1938269039458442,,,,
468,1.0664276263626329,0.8889477906363179,3.043968569776777,0.8808815865893437,,,,
469,0.8737661933268622,0.8772094948446101,1.7608356168581214,0.6017569035457494,,,,
470,1.348627343520122,1.2433070061298461,0.3928758317082133,2.1038630246361203,,,,
471,1.0216355171653366,0.9968791135166428,0.8201599076166235,2.2218123795442617,,,,
472,1.0594799706093396,0.9516647345725364,1.376384012792171,0.8965289265245012,,,,
473,1.1312006102553793,0.9138058353987473,1.5312852968536401,3.11080349871197,,,,
474,2.068862258950163,0.8335750416242907,1.0243198878775508,1.0,,,,
475,0.9346349354784597,0.9270166467536137,1.6139462516131902,0.3181718427201031,,,,
476,0.7606576150727222,0.8762577329803308,0.9358537065334037,0.6289316440486944,,,,
477,0.7475557989143221,0.9385675430201297,1.2712736891632124,2.1038630246361203,,,,
478,0.660235415620202,1.0168926837585754,0.463990445829402,1.0679957964971818,,,,
479,1.043862027465622,0.8736160513393194,1.477781613700251,3.754575470308631,,,,
480,1.6104004965246363,1.2400157931119886,1.3395024422190809,1.3428198501892403,,,,
481,1.1159432871336687,0.7896705883449197,1.4954074891753548,1.286125519052714,,,,
482,0.573931200864455,1.0567724265956255,1.3567248701842531,0.7662586328764733,,,,
483,1.0524122744774616,0.8066112759176024,3.551045440039,0.816176726581186,,,,
484,1.7162541191668066,1.5144559758507805,1.0111670492437024,1.4776800292501004,,,,
485,1.000795170719383,0.6440569598250251,0.507135109098954,1.480337025783811,,,,
486,1.3146648934123741,0.7309959667726004,1.3109453061189626,0.3975406066262848,,,,
487,1.4976693494619588,1.8240348034294176,1.4821747722196272,0.5776697325335363,,,,
488,0.7109435293875767,1.183572493177212,1.7422094808002702,0.6469609102220815,,,,
489,0.7933437220829644,0.7861890088692588,1.0,0.4692505812244837,,,,
490,1.607367034864205,1.0447540901825036,1.4867555525817941,1.3382917019983198,,,,
491,1.0584972394790726,1.3309138514911567,1.1070172367730242,1.1209817327818024,,,,
492,0.9019442252178264,1.1385725302488416,0.9701927556919414,0.4909430506368934,,,,
493,0.9273896963223652,1.0850400118105192,0.6619225975998339,0.7532615835259585,,,,
494,1.0098201428390388,1.9221575417254824,1.9566811664534993,2.633567443022407,,,,
495,0.8130012664363369,0.6518450442082122,1.026817182652777,0.5122854358380993,,,,
496,1.2141064459284874,0.8746317972682308,1.1676294436795953,0.9346329471122535,,,,
497,0.8609646038525238,1.5323544671962288,1.0855029821929112,0.47911239519635823,,,,
498,1.183468799248512,0.7921950899177677,0.9752941948287552,0.8238799698240611,,,,
499,1.1832689668639587,1.2753978724547754,0.6930137904741687,2.174398781513636,,,,
500,0.816565079277016,1.2707991787715576,0.5139574698640259,2.174398781513636,,,,
501,0.7724510052467162,0.777448964261925,1.6333615090613647,0.7627199095476574,,,,
502,1.2895581267971001,1.1276462624146841,1.175981113937259,0.8822916332297628,,,,
503,0.7555049202003886,0.9478463173229064,1.3307476158424465,1.02879821129982,,,,
504,1.3632291920594348,0.7950899786298304,0.7402022683651531,2.2764436176372196,,,,
505,1.3625062476729624,0.6118707413574056,1.0906770366048841,0.8202039756396162,,,,
506,1.2992785706297358,1.1336493333912752,0.7862239674175262,0.7486556893227927,,,,
507,0.8566484317671955,1.9012051316358185,1.9566638195867372,1.1102056036433443,,,,
508,0.7511904139484186,2.33685676833596,0.7258684734404389,1.2942917331751034,,,,
509,0.8989259000991154,1.118856235091701,0.9058211104187619,0.6323637186119709,,,,
510,1.232166798724336,1.16353135954832,1.766946279561714,0.9757005539440463,,,,
511,2.2899221013338873,0.9608177445437315,2.9952316706534763,0.432163553523742,,,,
512,0.7467427479396527,1.1709905730363166,1.3788042437534314,2.3406352647562607,,,,
513,0.8931968682911705,0.6739487511573814,2.1490118294097953,1.865014276405411,,,,
514,1.037442565558072,1.004157300924926,0.7727476860892601,0.39746753514952643,,,,
515,0.767351114913166,0.9902321742057245,1.5745173899216516,1.1178478047235183,,,,
516,0.979803413835949,1.3647323897789707,0.9239176780141469,1.7830136616587637,,,,
517,0.6180598653519287,1.2757952602475704,0.5909095485847775,3.692743885310028,,,,
518,1.7073715249999553,2.113040315658973,1.8135193980627227,2.0362528204940493,,,,
519,1.2364492297022875,1.4910516200322266,4.838751286729711,2.473177662852703,,,,
520,1.8123482368909363,0.8667102860310409,3.2634949435558087,2.7705156803621693,,,,
521,1.718334952141177,0.811050761662766,1.7835821716852904,0.7281621797508271,,,,
522,1.252534852174275,0.9532901545594679,1.749095608947587,1.265327708157276,,,,
523,1.0703755889081308,1.1025051703903213,0.7123334687944797,1.7063276260883713,,,,
524,0.7776913224081581,1.0639915894123224,1.1094535230632356,0.5779310243696567,,,,
525,0.6662940606859639,0.9950370566923248,0.870595415374295,0.8881205621801205,,,,
526,1.4470888729950695,0.8436663273698917,0.8717591721593242,5.908031407921839,,,,
527,1.567566206551532,0.927473395449436,1.5463640216478372,1.861762361626767,,,,
528,1.0479590398099765,0.949905072506416,0.7253347981164155,1.2610342282770302,,,,
529,1.0170908466280928,0.5785799443201097,0.8992051803006581,1.8345633448756755,,,,
530,0.8799488524583868,1.167211296964176,1.4734716499986524,1.525904700686739,,,,
531,0.8827148612572685,0.9681149476614358,0.8802950996541331,1.312563153766819,,,,
532,1.0928219544116433,3.1443215432004603,0.40087310959805555,2.274856283073246,,,,
533,0.9805499714434822,0.6972532616125315,1.028077630210049,1.0839837468476068,,,,
534,1.2238055186754164,0.7749880307497011,0.962872810272706,0.6119244726104618,,,,
535,0.6545373753532481,0.6953617019435872,4.54403021713097,1.9876002246667885,,,,
536,0.899215391326707,1.4623251278099851,0.48611358403342214,2.5915508553211763,,,,
537,0.7088405585514839,1.0547925523583255,2.432616180723596,1.6223501334567665,,,,
538,2.1654725946334152,2.100184247927294,0.576163936510369,0.8138028294539938,,,,
539,1.3143532516118333,0.6037008530878253,1.5278325560354724,1.895794386718988,,,,
540,0.7715749509662755,1.4601370382151093,1.2188747103117386,0.5911554948826645,,,,
541,0.9941736755550609,0.8504245463319756,1.8715170279510722,2.117416927340313,,,,
542,1.6864803777328528,0.8372005771860124,0.9310018022302936,2.458990938362589,,,,
543,1.387244191955514,1.5291693463170257,0.5170834058724041,1.468613741079166,,,,
544,1.780143343930564,1.1949218854627544,1.6572857227126228,1.442457681097659,,,,
545,1.0964740010400813,0.5866889816263975,0.93935644353118,1.2033057261386852,,,,
546,1.073629075340387,1.176213202969322,2.5245730935391375,0.30049484410669136,,,,
547,0.7561849925970945,1.1384514276831852,0.9852569777244958,0.867007427930479,,,,
548,0.7062732463431544,1.0158290398976513,1.7511712835424311,0.4551892686771478,,,,
549,0.8215247125755745,1.5009338280072604,1.2448044765867023,0.7972446152564798,,,,
550,1.0738766711600718,1.165454884578104,0.8378661454161419,1.2172464811357355,,,,
551,0.7358960732411003,1.4414136870055103,0.5434365505141978,1.2452862894972827,,,,
552,1.1532507554275393,1.3553521561699373,0.7321545068479786,1.0360958394823345,,,,
553,1.1439161571041978,1.2722643463264052,0.7382820681521653,2.1436401084897336,,,,
554,0.8014305491165191,1.521239138700334,2.2782329558099588,0.9830063360463703,,,,
555,1.098888214107878,0.5929156260709288,4.931853482909892,3.754575470308631,,,,
556,0.7806527422033457,0.9742203570590512,0.9681867065427535,0.5161786051004069,,,,
557,0.8194876826518489,1.3133686433607208,1.1038198474225098,0.855102905591404,,,,
558,0.987650358129744,0.8291768692159079,1.8051818325098141,0.7403707577399833,,,,
559,1.4177868798507767,0.7106506722633638,0.8050586960185747,0.6389466752974676,,,,
560,1.0138962023014582,1.0493380066040614,1.466350581481406,1.6037237575019256,,,,
561,0.7471979094045423,0.7455243192420761,0.5422155842112001,0.8793599101470825,,,,
562,1.5427559170457832,1.0445642742414665,0.5872296776787739,1.1347044364376415,,,,
563,0.7844527394044015,1.2378604461781046,1.6713821993483624,0.4287973232276148,,,,
564,1.0927477534318153,0.783665145567304,1.5184637042567617,1.4504983801519056,,,,
565,1.0976278390572778,1.1683355355717464,0.9310018022302936,0.4994253906924093,,,,
566,0.8926735904010278,1.505080085176166,0.7249333654324535,1.6921957348698033,,,,
567,1.3539377822263943,0.8881269015185093,0.6270833556910725,1.4785556733118017,,,,
568,1.4501653471981903,1.3426897642313345,1.7027895668750606,1.9314926334047207,,,,
569,0.8299985608314413,0.8495308105246905,1.1833740052123418,1.2416062164569586,,,,
570,0.743290828791105,1.386092539750539,0.2876690002281895,2.9031754774829763,,,,
571,1.06070685873555,0.7968687424524937,3.4819941499271074,1.1227019781878285,,,,
572,1.1687259883486176,0.6663741230881828,1.1602223676474046,0.3194183841393772,,,,
573,0.9784450184893473,0.4556634844352276,1.403165927953055,1.1593352813804436,,,,
574,1.3773157351258776,0.9374337401848634,1.1750527367206516,0.8936157744952533,,,,
575,1.391390433503327,1.0518186159442235,0.7562005528511959,0.31787596426566916,,,,
576,1.5847239303216905,0.7891511127917804,0.7907353130687639,0.5900857688221097,,,,
577,0.8691650972979335,0.9710475254559047,0.6437874783468903,0.6896071939344876,,,,
578,1.0909350962649549,1.6961005959894717,1.4866932188759818,0.6029751026415474,,,,
579,0.8600768721506328,1.0749756711981477,0.8514371623024578,0.6480707287506065,,,,
580,1.9724884011979917,3.8652515000663543,0.4898338241394692,0.34125558516658555,,,,
581,1.2005179419241914,1.0528607475362626,0.5200541225903049,1.9546445448137018,,,,
582,1.2434152367157596,0.8785971882109079,0.9268701589556121,0.8024323255386188,,,,
583,1.2593049632177007,0.8316300694531845,1.4337901660140624,1.1604665773318033,,,,
584,0.9900352380013938,1.002095518714601,0.7710346966548781,0.9891355016924377,,,,
585,1.6416659325738676,1.6742929757948954,0.9409402389016435,1.0310293190603816,,,,
586,0.9833199707092046,0.8465555967923493,1.330288362427542,0.920605091959214,,,,
587,0.8990084975174427,1.3785678021725294,2.091198773572249,0.698683022562833,,,,
588,0.6721589832819458,0.8371782545813843,3.5168393279421455,0.7298571656364258,,,,
589,0.75792011074095,1.771662000961196,2.7641714565407263,0.5422893903536353,,,,
590,1.0411029420414013,1.1755477921798847,1.123064246418177,0.5652527630477748,,,,
591,0.7132297669604369,1.3721570445752285,3.5357078573181187,0.41234217299593495,,,,
592,1.3319394413043928,1.1393058574732908,1.0671753839940343,1.0575790942301826,,,,
593,0.8642952553496561,1.0706136175809629,1.1556061327127212,0.6735418970434929,,,,
594,1.164842555971834,0.7528889337855483,1.1389273534470012,0.9109389640194282,,,,
595,0.9170304142467538,1.4521522217397795,0.727660261917112,4.031313001640304,,,,
596,1.7738643607163032,1.111981843843782,1.0863869294186537,0.5614466667440544,,,,
597,1.471406735813246,1.0538514257068319,2.677984466977217,0.4677072757053235,,,,
598,0.6136140943431908,1.3683040292233521,0.6428867769483195,1.3237426263655427,,,,
599,0.7157673965763169,1.5876328240967144,0.7735687169874772,0.794296796005428,,,,
600,0.7109680407654355,0.8446746345673496,1.0700817233793243,0.7417694113526966,,,,
601,2.0006516669301124,0.9985251199781929,0.6760846709681189,0.9063277631772964,,,,
602,1.2887182816764233,1.1904093407745806,0.9981126709952731,0.7370080768767502,,,,
603,0.9640035759244789,1.478681616997406,1.9537750187651637,1.9005762194953797,,,,
604,1.4642180641994484,0.8482793941438505,1.2640269737838596,0.7589800698968684,,,,
605,1.232031149140962,0.7325085241233582,1.423357593921512,2.216775422631339,,,,
606,0.9194467695299154,0.9067895312284514,0.5655515555726086,0.630244880282709,,,,
607,1.1918498524638923,0.8365644012157746,2.5490741485451873,0.5322999379988431,,,,
608,0.9650738854572093,1.3040129001240075,2.01435171794757,0.6141505038223029,,,,
609,0.9806159745446071,0.850915662464815,0.6848331898205712,1.11738857644503,,,,
610,0.876793649073449,2.5380362466524713,1.0967252664090585,1.3409499507074363,,,,
611,0.9896286800377923,1.165551228883458,0.9607454054286717,1.3977823908580902,,,,
612,0.8366995144380739,0.8270970404795286,2.085811397574705,1.310392660065372,,,,
613,0.7199043657478668,1.426559965396402,1.2068603161248657,0.9713240311673053,,,,
614,0.9313502219775139,1.4074651996893341,0.8462276325710402,0.758323452684177,,,,
615,0.7098965391036838,1.660650277137793,3.3827958619754037,0.6689444418335588,,,,
616,1.493183712992095,1.2964255455055893,0.7583759491979496,1.2715552939951247,,,,
617,1.0248008868220433,0.8714895798512923,1.314379711673554,0.5646686723030766,,,,
618,1.1750662521093242,0.8728943259285299,0.9642966867932954,0.6117338334803688,,,,
619,1.3214298269389062,1.0565578220220913,0.7294080314490996,1.3483074139697482,,,,
620,0.9477080357739928,0.9277665345270294,1.9566811664534993,1.8991856584616187,,,,
621,2.5207187231624113,1.5663127712730287,1.4249222450644723,0.579631790582336,,,,
622,1.1678219381253196,1.3450494369989645,4.967483565607251,0.5508390712942324,,,,
623,0.6864461844441343,1.072055461805841,0.6171367097237838,0.5621529086056645,,,,
624,0.9331388698825251,1.2023856219657902,0.8411752397664396,5.103465144928622,,,,
625,1.0786635474404873,0.6425938918750775,0.7378664877963065,1.6281230861365188,,,,
626,1.0377488171342992,0.6648432657090889,1.7207786556108278,1.209984986096646,,,,
627,0.6668308382602792,0.6880471661741838,1.3170579566613765,0.5656401147259281,,,,
628,1.5478979555530417,0.8051486577421653,0.6122794057996428,1.871511875498931,,,,
629,1.4020527057144334,0.7588881418765223,1.1268303541819298,5.803643078578892,,,,
630,1.4725943299937967,1.6009036984180123,0.49355270717396366,1.5295854800178583,,,,
631,0.9313930805539056,0.851764271399029,1.9684797839570758,1.262980369586882,,,,
632,0.8231403079853452,1.2045431143933547,1.022437610656215,1.1623902507283688,,,,
633,0.9225927680818649,1.5608933186902667,0.9241366121195363,1.2589429077173613,,,,
634,0.8110147612282712,1.5588250487626798,4.017089418512775,0.7557544345201499,,,,
635,0.8210895270943834,1.0700146306474216,0.5300356722373736,0.9201704286334028,,,,
636,0.5047679370167281,1.3071631203909244,0.7975417715999497,0.9060287858921015,,,,
637,0.8833397439362473,2.068954245833818,0.6302261016613956,1.4933492019929302,,,,
638,1.0005435416875457,0.8027647320189072,0.8219675445006961,1.1181697382395106,,,,
639,1.5713351675399565,0.9158981733996725,0.987238857371632,0.7160808887244663,,,,
640,1.830103981636266,0.8108022588301099,0.8673317788475738,1.6342056145162684,,,,
641,0.8190791450967477,1.035610682661501,0.5903897070314629,1.164649179962128,,,,
642,0.48065442411094006,0.5685682503275108,1.2927960169366501,0.726632214112772,,,,
643,0.858778350549786,1.0157695737400547,1.188345111315574,1.1963667418981696,,,,
644,1.0642058386346311,1.6628773224783477,2.2997606381937064,0.4022157745853398,,,,
645,1.2170399997150265,1.8854636189366414,0.6705465723202644,0.8086453697116802,,,,
646,1.0353480142477651,1.896628160385448,1.173274755224095,1.173968803252621,,,,
647,1.7533644970835685,0.7476691716783316,0.727660261917112,1.4847227794094635,,,,
648,0.7900348590394713,0.743908851239476,1.1292027432370428,0.9840057804209065,,,,
649,1.0872749262556216,0.47937522829923457,1.0193698197701262,1.2880156435116983,,,,
650,0.9230617398619191,0.8419887789429108,0.5290869882794885,0.416067149689383,,,,
651,0.6437232656704152,1.2003248111646705,1.102217565062437,1.9127543085206782,,,,
652,1.2439631401665,1.0051126134778605,2.2041538422997182,0.9130249932185732,,,,
653,1.0288552769219126,1.6754469452960736,2.028775053283954,0.7770940801949471,,,,
654,1.2916063744213215,1.2355007412441257,1.4711114175630517,0.9906406269283476,,,,
655,1.2216252934236522,0.725460658265649,1.1051694872874287,0.946762959202275,,,,
656,1.7471453154311254,1.0442969411105216,1.6572878912162021,1.383077375230466,,,,
657,0.5760409049140044,0.9802448155875657,1.2452516377715088,1.3875023167727194,,,,
658,0.834401242767564,1.664899617268338,0.9201407265298207,0.6486790513708042,,,,
659,1.0797650794557474,0.9334468869567092,1.324169328529854,2.6528470850043244,,,,
660,0.8732154358007329,0.6602970389502028,0.4895923248325658,3.6115237870041343,,,,
661,0.8711873486296764,1.2015844465293248,0.8145092587520515,0.40643314497532196,,,,
662,1.5300896961195305,0.44337758050431775,1.1376814453306285,0.4429573631557359,,,,
663,0.9941336149587258,0.7466101037716751,0.5618449636271926,1.7563873076577423,,,,
664,1.4697315320511286,0.7500169484163036,0.6493502701012374,0.8663871164501272,,,,
665,1.9009516803416666,0.7140815482818508,0.5418899667573225,1.5014223959260087,,,,
666,0.9182552630372534,1.0669927774915604,0.965202411838827,0.8607573918303597,,,,
667,0.8952095561142284,0.8217329089248554,1.0325983302762036,1.8485135530149668,,,,
668,1.1760354612644306,1.8042514895346384,0.8852044918129996,1.000255833728506,,,,
669,0.6403722920784565,1.1902562948360005,1.0082256879412652,0.2762887645759735,,,,
670,0.6345537525869958,1.1859521108498345,0.8422156355403556,1.7484685739269588,,,,
671,0.8699934523611764,0.7841872200151023,0.7040661789662,1.1982559587825854,,,,
672,0.9940053614023819,2.7601314897663944,1.1834317179714815,5.5070210761652,,,,
673,0.9512060904696505,1.2329047519293939,0.8940299736578615,1.1100199531402355,,,,
674,1.1811401577091492,1.2998627773091893,1.3040817737410952,1.166801284261899,,,,
675,0.9241064994025455,1.1640090942366093,1.127479421962882,0.5549840697788243,,,,
676,0.6905025331728387,0.5748742089658709,1.5787789774364351,0.5671135314551708,,,,
677,0.664527942348027,1.4987743949206753,0.38827486892525326,1.1125660174997003,,,,
678,1.1904716090759677,1.1732510270462646,0.9510156473683644,0.8138028294539938,,,,
679,1.4532254817988415,1.487178718654818,0.8570030206179139,2.2517028260319605,,,,
680,0.8780982921507469,1.4595614407909563,1.1838817520366596,0.8129248264542605,,,,
681,1.1922198001191378,0.6245438408799127,0.9983501143117218,0.8352642600000153,,,,
682,1.1542207913026785,1.4874977813165133,0.3931659571670794,1.1005309231658331,,,,
683,1.099155699537147,0.9433777229101395,1.792817270827674,0.5647814305566129,,,,
684,0.8933770994022955,0.826668215006383,2.522183626298826,0.3900786682221272,,,,
685,0.6801804424121619,0.7408173308576196,0.7145742550337727,0.7832287684291205,,,,
686,0.7280985486660122,1.4114848072754755,0.6661969082065633,1.4524348093197028,,,,
687,1.6298472179487804,0.9295924550401702,3.310398638164891,0.6368636738434428,,,,
688,1.1673886028069742,0.9225025738911926,0.5550230677609715,0.5859134844449752,,,,
689,0.6812960142122704,1.0716563018907574,0.913684970339341,1.009317266609143,,,,
690,0.7542804855794916,2.0835539384610167,0.3647940804182028,0.8289282956976026,,,,
691,1.2753881745246496,0.6569342433606755,0.8865834188626532,1.0404704735143178,,,,
692,0.7952197078609994,1.0334404939793342,1.8243401298083326,3.2045142654546304,,,,
693,0.6221027034818979,0.8207006471507888,4.137697061063773,1.3243171011430976,,,,
694,1.1208244055903487,2.195706165395908,1.0052344641657904,0.46174055140735315,,,,
695,1.652363415222986,1.3641809430988496,1.3438427701131492,0.38992958770031744,,,,
696,0.9053286913344136,0.969182485117134,1.440652391342876,3.6465692197714192,,,,
697,1.21801423529735,1.3942256354233433,0.9602210868392199,0.7772213310074144,,,,
698,1.0555280518856394,0.6168559905129782,1.3909315268482116,1.3907728245084894,,,,
699,1.6352770890281771,0.9728496443695338,1.4213123382616866,0.4719517207550331,,,,
700,1.3470114613141484,1.5663675091959854,2.694039978837162,0.6910379188875799,,,,
701,1.117700706937884,0.8406434614551059,0.5455499883250406,1.6024986806534391,,,,
702,0.8254818232648843,1.2504560242799179,2.671336827182537,0.8071704083884885,,,,
703,0.5626851343961419,0.885422847734768,1.1011675926639057,0.7081500699915029,,,,
704,1.2943428844160796,0.7132492198242084,1.7700348336505038,1.2201121859359474,,,,
705,1.1753194999248382,1.736230047407119,1.2565300911460238,0.5917759493854697,,,,
706,1.1754323246183396,0.993485461831159,1.1724354166710302,0.2380301329252524,,,,
707,1.0260454728346018,0.7987521303512112,1.28319773529889,1.1281867614975865,,,,
708,0.6338878438645797,1.408155282046598,1.0160356051260457,0.6874612954727475,,,,
709,0.9837239855653483,1.4668053585603547,0.9240118639136594,0.8984262504107878,,,,
710,1.3440062032929003,1.1187226052109176,0.7085675258883719,1.126425111879438,,,,
711,2.1703902286862786,1.817004202076412,1.3810070382195851,1.508375803225964,,,,
712,0.8203292446319311,0.7157061756973034,0.7515013550365321,0.5473178343746944,,,,
713,1.363359527682943,0.5857302198402335,1.5491859843471258,0.8255984365079719,,,,
714,0.8256156244508006,0.7973326416708766,0.6497858283222744,0.5779971654538394,,,,
715,0.9103935607535584,1.5607174557799868,1.4875505900618424,0.797243188707382,,,,
716,0.9527288202019258,1.0040479470386343,0.557964237763662,0.669219660659359,,,,
717,1.3295213779234711,1.836537330450771,1.6099307217950454,1.1007304181607445,,,,
718,1.0727500363795934,0.7670260647183731,1.8813453683301464,0.7324686085703587,,,,
719,0.6180538577285883,1.073705213818201,1.3695874506810606,1.2214316627177053,,,,
720,0.6334458561830504,0.7981225708577815,0.8740151307263325,2.3566696214564566,,,,
721,1.221104899205344,0.8481356444567546,0.9710284385472315,1.0753738559512134,,,,
722,1.2593949216120819,0.8045701733710997,0.5681518161015638,1.7223112445449391,,,,
723,0.95639224171756,2.2768074314991247,1.609833081697746,1.3043360832228486,,,,
724,0.9703826764450302,1.2305696634900047,1.4120254160445316,1.591797609077433,,,,
725,0.9191718074873798,0.5508099599308561,0.6960334469416081,0.8020942133437453,,,,
726,0.7095517245351769,1.508729714624274,1.8851203298889845,1.6480905988426544,,,,
727,0.7243473702387921,1.0818158281931278,0.9631281437127214,0.7270224352961261,,,,
728,0.8156282716995972,0.7432149012481987,0.4658837757771479,1.0104642697997603,,,,
729,0.7129708018666335,1.3947499558236287,0.6790746766532946,0.8315213048972154,,,,
730,1.560666973152896,0.9509946414800952,1.0233664672022285,1.344660356114236,,,,
731,0.6004449600901881,0.7688053441642805,0.49134364585948587,1.1123910283911853,,,,
732,0.7558363724061001,1.7291711806647656,1.039629385025761,1.1847178097643245,,,,
733,1.1975624122087043,1.22540963926559,1.6882845419036467,1.9151890646161045,,,,
734,0.9168247165885938,0.9923688227827956,0.5325675694691798,1.9819075722937973,,,,
735,0.8033925760462353,1.1176965459957002,0.6285293958569539,1.7546611774932874,,,,
736,1.5166622694733762,0.8430810771452321,1.1031103444706731,2.005061917656652,,,,
737,0.6530797658325767,0.6547269114988942,0.9733970719099649,1.8979510760618523,,,,
738,0.9805946368614229,1.0697002659359314,0.2915393905480362,0.6435499068595396,,,,
739,1.0657106056325154,1.1959818165212301,0.9772140699517488,0.6773613121370686,,,,
740,1.1187720617209194,1.3692321673197874,0.9190187805372437,1.4123973063987152,,,,
741,0.7495928813118324,0.7495272755825712,2.7131809628894605,0.6023627735965525,,,,
742,1.1915660021311107,0.8735490543269637,1.4131960590513755,1.1445520776126874,,,,
743,2.122572399777847,1.4060285101779826,3.062721775301973,2.244108188639287,,,,
744,1.203649130074404,0.8133153676683222,1.4065641150172832,0.6649766513653874,,,,
745,0.8916648843568784,1.2772927847305693,1.0602701889530486,1.3988254986283835,,,,
746,0.9377606784476544,1.0247037757167594,2.1821852335622594,0.9407261091634547,,,,
747,1.6904760478556957,1.2631823655065675,0.6267554640886277,0.8119197748994232,,,,
748,0.9403353912771721,1.7881810808839689,1.113815973773039,1.0313886362758398,,,,
749,0.6200365784911621,1.1448257790186016,0.8294152214660335,1.4587201225203472,,,,
750,1.0857608644513395,0.8654047150354922,0.4542254574319709,1.7200674627586248,,,,
751,0.9375106826317701,0.9118048022051255,0.885335178946711,1.0770446941736924,,,,
752,1.1752293722848557,1.0469022042073386,0.8202857089344463,1.102534790290923,,,,
753,0.9518120977400931,1.3672420616893806,1.067213203643752,0.9620774609747594,,,,
754,1.0804537010587643,1.3446564378643262,3.0225189229554177,0.6156495451580436,,,,
755,1.025232838696308,1.3592467511880735,2.090609189250809,0.4079026269238779,,,,
756,1.063738964003823,0.5822438753588149,1.1203714615540454,1.3976697385929668,,,,
757,1.3790971488418835,0.9771406469681628,0.7134486365867149,0.7689547368080052,,,,
758,0.7216005604442413,1.5184475276351768,0.5090202991908939,2.143247774064818,,,,
759,0.857673240578724,1.3902282567435793,1.2156667921080966,1.0159795250681727,,,,
760,1.0521846463742146,0.8965457989727291,1.1500796618958684,0.7671368976517476,,,,
761,1.4980692538042963,1.2529359832612519,3.397509172427986,1.04389379285036,,,,
762,1.4671039397787515,1.1187471543533485,0.7935909600369041,0.9853617038166583,,,,
763,2.0982531162291234,0.7247226310498944,0.9401495741417232,0.30049484410669136,,,,
764,1.2930714446952636,1.5907080577934767,1.9137306031479577,1.5226171268578466,,,,
765,0.980788860028987,0.940145116068405,1.8616843426877014,0.9178230852320384,,,,
766,1.779738144565181,1.103984828041391,1.3608572566370822,0.805546407005875,,,,
767,1.0776872401791813,1.4447003639701377,1.1482906087698757,0.9633918648974524,,,,
768,0.7895781818854047,1.0611892394316185,1.9106005376726332,1.1919728441354378,,,,
769,1.649684719052615,1.2402835461567285,1.1162494353649193,1.1198502638997185,,,,
770,1.1276759176611253,1.144598672383456,1.3455015955271352,0.958198111429385,,,,
771,1.9163528683819773,1.1388483579641924,0.49632603712193163,2.088020788093065,,,,
772,1.895512329679894,0.7327772243015979,1.7039311481544517,1.1828856086342392,,,,
773,0.5865975984098861,1.081733365202681,1.1562068186802432,0.516151946535471,,,,
774,1.13507384917404,1.0807275277749606,0.905354677605971,1.8673250631193907,,,,
775,0.8940973228749609,1.3356995834697094,0.7833762525688311,0.7156406738024923,,,,
776,1.0557754916011537,1.0460174800402235,1.5050383934699332,0.8494613236075844,,,,
777,1.3481735311038945,0.7898977476018654,1.1798149628297436,1.77749038672401,,,,
778,0.9750806738363658,1.0624538145497382,0.8630567600816986,0.6459916454778574,,,,
779,0.957177400103966,0.5577359812179965,0.6085357117218511,2.0360602372864394,,,,
780,0.8146587974820884,1.020902881040507,1.5450319001906883,1.1261017623402148,,,,
781,0.49521594467704194,1.9042272233431183,1.860596250611503,0.8854411148228893,,,,
782,1.0395082750891613,1.323085024531783,3.3952611353000623,0.9357725630407565,,,,
783,1.3909346551950303,0.8986357218581411,0.6086209076178568,1.6460123959438246,,,,
784,0.8598669721188459,1.6898751156094238,0.7976569138807599,3.1313474833464965,,,,
785,1.0769544020585329,0.7541752901805865,0.6680926591165639,0.6434582432901373,,,,
786,1.0868389072817335,1.1651589269002034,1.7583182273881879,1.16016181970111,,,,
787,1.0992438738957098,0.8036129638295436,1.2935736433235139,0.7540804423408767,,,,
788,0.9668166902196474,0.8731077108638315,1.1364618103935342,1.2400820170178877,,,,
789,0.8057803716524052,1.6036343477091672,1.3847277730897318,0.9744120019166698,,,,
790,0.5880023864108079,0.5320691421034234,2.1523752549770254,1.7321917375708502,,,,
791,1.1939044836090307,1.8038981790301314,1.2059434492150942,0.44816973342088934,,,,
792,1.0292636798137211,0.9235366999041735,2.760156308772891,1.0120098950102245,,,,
793,1.0858233703581721,0.6432296502244188,0.7518639539439042,0.6717109390895977,,,,
794,1.5780297311693108,0.8086458106571375,1.4732012849777372,1.330231328127856,,,,
795,0.5213345802790155,1.5591432936609444,1.0562543666553896,1.774973077304659,,,,
796,1.2788980941454318,1.1217839280187047,0.8296073250119147,0.6882599753420003,,,,
797,1.1704543533473424,0.9228740153661729,0.3969810621752495,0.6579085730210649,,,,
798,0.47604650118295694,0.9089062018361195,1.4597066454569414,0.4886437164079407,,,,
799,1.5081247543802292,0.8570951757929559,0.6056234353895765,0.7516502975556675,,,,
800,1.026496677830252,1.6884611420015099,0.9212987493112128,1.083276877861813,,,,
801,1.8511553978649076,0.8460731559237447,1.7113522148979183,0.7893693314509491,,,,
802,0.8101031625468771,0.9603018913794548,1.1657753908794284,6.033016382673874,,,,
803,1.8491767148029854,1.356316004373215,0.8307986843051448,1.4329235141065544,,,,
804,1.0605907179327865,1.6403697979178917,0.7311843665236408,1.1076781856102513,,,,
805,0.7014649722383137,0.795060852367125,1.1784659174446213,2.1951407452902636,,,,
806,1.107532697004791,0.7240542287282736,2.4146844743151608,0.9648875932563766,,,,
807,1.6424653886633471,0.934229901382554,2.0817489208931392,0.728226637649122,,,,
808,0.9175073640594829,0.7899120137556309,1.9199437418134453,1.5968693808133885,,,,
809,1.2266500445236799,0.686454872572145,0.7331957233384013,1.697380587699705,,,,
810,0.6883543522231688,1.4835443261658057,1.0675781988678754,1.5594754479934718,,,,
811,1.0427647945308145,1.1692873806470436,1.3899359880892275,2.0853842630410457,,,,
812,1.318836240624259,1.323029965389629,1.1972889925756642,1.0566394717883798,,,,
813,1.284935779687307,0.6974346297048579,0.7002082478668805,0.6148095291082962,,,,
814,1.0607891056824366,0.8995981710676798,0.93935644353118,0.7454212767561644,,,,
815,1.1725646964829395,1.0837015120381939,0.9133932099767876,1.287729436919353,,,,
816,2.0111967431629845,0.8035464085360237,2.0522313531122984,1.1110316050426645,,,,
817,1.1438564467888563,1.155225738582061,0.6391017533534518,0.9410221921900033,,,,
818,0.8523107517553163,0.6865854609216183,0.6154572658267943,1.0400411963954181,,,,
819,1.1166748235425183,0.8430465189247104,1.5913066733174557,1.660502734401969,,,,
820,0.9638027687002593,0.6198114817633761,1.260056796845716,0.8201114071056785,,,,
821,0.657980885007084,0.854366744124062,2.155083532098722,2.186697110805867,,,,
822,0.5572299643456332,0.9238689686377084,0.6988130416376768,0.91837941489841,,,,
823,0.7094873690443282,0.807079951207125,1.1731369303952428,0.569006216184715,,,,
824,0.8537277394479792,1.1616477041888487,1.4893449466525905,1.078919396098084,,,,
825,0.9796486094803726,1.0709409584056842,1.543117949799402,0.980168302761375,,,,
826,0.8141143927517783,0.8028061401717752,0.5636945702154571,1.3987165074353953,,,,
827,0.8859336223850269,1.6834362168334873,1.1218989064367266,0.8714702152760463,,,,
828,1.0454230336874577,1.0767814892936876,1.10083259435897,1.066514258265762,,,,
829,1.2709771184822898,1.1215097356476578,2.670784542877053,0.7068485650634831,,,,
830,1.457136634475151,1.0847593376748772,1.4232160054107668,1.52289440859837,,,,
831,1.3696838556066022,1.2598296641213809,0.8627500130621149,0.859128741728767,,,,
832,1.3239479487164976,1.0823339702189547,1.2391538435212646,0.4935088418306352,,,,
833,1.1452100400851328,1.020690446200122,1.04186346263014,0.7584104704087781,,,,
834,1.2940874506581557,0.6052921522937245,1.1193005262275662,1.3750500547139792,,,,
835,1.1716969965932076,1.0281756861544888,0.9822276036115555,1.1995420320613248,,,,
836,1.2410745697935988,1.2457342286216657,2.1962364759724595,0.7957003404544242,,,,
837,0.8037498054741836,1.2684073884862996,3.854528605206248,1.2456075375497506,,,,
838,0.730162067276467,0.942969069605977,2.4109326986582498,0.7632586928012062,,,,
839,0.788587168626617,0.9094326021175442,1.3909703660841237,0.2949157071732971,,,,
840,0.6907520203586716,1.296990315370457,0.3928758317082133,0.48710599408921057,,,,
841,0.782168822932499,1.2387619607367042,1.0953399096592253,1.2782305833371028,,,,
842,1.0997924333706957,1.190846192240282,0.6612147025995718,1.3133194650357787,,,,
843,0.6612183839611361,1.7562403989218882,0.34974596985636397,0.8845700143054877,,,,
844,0.9043696000522237,1.484262476889006,1.668540233390886,0.9939130359198425,,,,
845,1.1068127991551164,1.1546130491711013,2.1561171884072623,1.0241303263203154,,,,
846,1.3411942077896535,1.1165183779468286,0.7614122926614654,0.8115426005349511,,,,
847,0.812611593432616,0.7943374992404064,2.4969637409840484,1.1556439624215984,,,,
848,1.0328374479853708,0.8274438792690993,0.8632393523893361,1.9776578212600127,,,,
849,0.796328320971965,2.8298695298598813,2.0258077774869707,2.3120822907436187,,,,
850,0.8608042064087519,1.0384261564214163,0.8742100543514816,1.2026003999990653,,,,
851,1.4426310298420977,1.5714900930490547,0.8576370924963084,0.5719484128852934,,,,
852,2.0949151969051765,1.112082435550567,1.0671753839940343,1.0548951987144524,,,,
853,1.1083301829953138,1.238551785980031,1.0593206530478751,1.235949271238562,,,,
854,0.7343285963277462,0.705412041446012,0.7801469511732128,1.5197823421792298,,,,
855,0.7418842444468916,0.8809083520072081,1.1322331873575504,0.8257990463137538,,,,
856,0.8970554020224781,1.599721798565717,0.5498200441853122,0.6502336555317032,,,,
857,1.3273138079717528,1.5120656816298548,3.224901222045679,2.5528972017170086,,,,
858,1.2056181267115584,0.5266927349241667,1.0106005858502203,0.8816805947605163,,,,
859,1.349054033631959,0.8584411219507914,1.4834086774422683,1.3952789770846334,,,,
860,1.0898984855050002,2.089807046270582,0.3602183164703944,0.8270727346213794,,,,
861,1.7408220782365287,0.7306877004434411,0.9816869209284264,0.6121196245606626,,,,
862,0.9368138949583887,1.0507921206473219,0.9729681627826519,1.1052697739954438,,,,
863,0.8512214002310525,1.0268520259600087,1.803150462814502,0.49765227204435125,,,,
864,0.9539666542394971,1.3082796535059158,0.6322869779570678,0.9633767566564516,,,,
865,1.1375249554376912,0.4915342639012987,1.3622796596794342,0.5150285228046294,,,,
866,0.7579167123282841,1.461954340984183,0.9770878083435354,1.5116077499247784,,,,
867,1.3446505384064498,0.9536336642172695,1.0458851270742315,2.2827152439394185,,,,
868,1.567778088338442,0.8071013775769001,1.1111270616850688,1.5265836413833809,,,,
869,0.9505354001851346,1.0125831040124778,1.5951878932410957,0.8480295161194108,,,,
870,1.2055574636759043,1.5239004358384018,0.7722801854689807,0.47911239519635823,,,,
871,0.7910551531637189,0.91784307049377,2.2743376481540327,1.0937586535702275,,,,
872,2.5913767521924296,1.008124374008396,0.5222387177106143,0.41573648214463343,,,,
873,1.237782443922758,0.9915078210600357,1.468236093423283,0.8519214964436524,,,,
874,0.8892717195373215,1.0871825487365347,0.856951340775952,0.7805064280556665,,,,
875,0.7990905834612689,0.8381932872284743,2.264120753719564,1.5943042610229483,,,,
876,1.2791126706204137,1.432759740121533,0.3419125695454568,0.9792579621613068,,,,
877,1.2284326473435918,0.7144816868250136,0.9001252911502086,1.2805640130752316,,,,
878,1.5143088754259095,0.8516756287642027,0.7024634491277891,0.573479238578991,,,,
879,0.9517351483015605,1.2714820646385723,3.169346482482991,1.1751093382178925,,,,
880,1.599019175681757,1.2274522777741697,1.0621401152101002,1.872716691530963,,,,
881,1.445126894185591,0.8841856058631256,1.0904671347341592,1.1035757298934576,,,,
882,1.5739858973377376,1.0557598073881582,1.661556500569766,0.7363577793948503,,,,
883,1.0874284128534197,1.5977406209402665,1.47546820340464,0.7689206128935923,,,,
884,1.7537818507546732,1.2551779414415376,1.2292276632264267,4.942797317452615,,,,
885,1.7508621597432805,0.9554641019774555,0.47263016134961483,1.2789772935263815,,,,
886,0.9944766371310126,0.710067241344729,1.6748924053182663,1.5783071935771078,,,,
887,0.9417623332553605,0.8206753846432819,1.355218974555047,0.45750141008826223,,,,
888,1.161951952629515,1.2869280019571687,1.8417769362640306,0.9647117489346849,,,,
889,1.4795007281792718,0.9970123285984911,1.4943118577023387,1.3386245783278639,,,,
890,0.8252543314881501,0.872097609644601,1.9618419520456782,0.5749209662522651,,,,
891,0.8731490263652824,2.3983299840070997,0.645950089735592,4.644986975584709,,,,
892,1.517192831431688,1.0278958319866722,1.1213236533957465,2.081253993495596,,,,
893,0.7108742439274447,0.6640853257599644,0.907026923527501,1.1966557884644493,,,,
894,1.1142418090328137,2.4272539594404403,0.3928758317082133,0.7097492089429382,,,,
895,0.9426768387970106,0.8881301859745658,0.22254448920806832,2.0871183214618316,,,,
896,0.7466335214798745,1.122804854342164,2.3333269053746126,1.4330877338203876,,,,
897,0.7349052982413046,1.2876765586330667,0.9311062969320855,1.3396287989819191,,,,
898,0.8607868072134125,0.9475532452588065,1.1188056090432195,2.773137073838733,,,,
899,1.0390837613193782,0.9027662917836656,0.8545519267975448,1.6457716766519175,,,,
900,1.117259080434295,0.9997461934515722,1.1741666356862295,0.8857589511779269,,,,
901,1.2041994516417716,0.9183850497785544,0.528173457886564,1.1467613957096066,,,,
902,0.798648462902501,1.2478590468801125,1.226095093338858,0.9172690597407356,,,,
903,0.9541931526799899,1.5989783315975432,0.5891031362551717,1.220468137316217,,,,
904,0.922560690991842,1.2991712747292667,0.8599311569163559,2.024325887729125,,,,
905,0.9108968931789794,1.196886553345846,1.5194672635344966,0.3475433084336267,,,,
906,1.5078744583211585,1.7223216212450367,1.6442335683770557,0.8228296412820916,,,,
907,0.5942493860671629,1.9204697509083244,0.5022999703653246,2.6915249379777,,,,
908,1.453199959887884,1.193610467814648,1.2573984808844652,0.7714225593741542,,,,
909,1.7091263249775899,1.4332995793952659,1.4849399248394695,1.326891188358403,,,,
910,1.2243567801849553,0.9704928368457532,1.3755138013908137,0.7208720401486334,,,,
911,1.6139560978560383,1.4413613413079605,0.851617949475432,1.1948642650777277,,,,
912,1.0290415604238647,2.349882821801799,1.0003098767828753,2.162059314933045,,,,
913,1.2260519706944117,1.0796681730372533,1.8894042334110535,0.9794775154338728,,,,
914,1.7891050065686613,1.024151133610595,2.391813655402777,1.0215174382440304,,,,
915,1.194351774543735,1.0368307653983926,1.2366016624825005,1.44724083083984,,,,
916,1.0188925353091245,0.9051298316011928,1.8708866902109218,1.5416928460700567,,,,
917,1.504134325562418,1.4479695752327668,0.41418127232813245,1.9725583880004802,,,,
918,0.5960592020048856,1.4741497577311395,1.293159539584607,0.8602526826229661,,,,
919,0.7868667169294792,0.9582976831538389,1.7233180124409202,0.7374625721704181,,,,
920,0.824706594381402,1.0845848055554734,1.2075839451661328,0.4271210343581952,,,,
921,1.2727911790637738,0.9749112386552783,1.446889547341556,3.260587368817258,,,,
922,1.2293448635620976,1.113914561259192,0.9715838060608228,2.7292025986514674,,,,
923,0.6557609544092375,0.9547898756577214,0.9794804265274983,0.8598212637672482,,,,
924,0.6104801066590498,0.9012384878419816,1.6185354423818465,0.42999318240451406,,,,
925,1.00903438949216,1.3774109659482994,1.2562195206989608,0.8645616395928615,,,,
926,1.2450763807810612,1.0040716280216515,2.2148335287898835,2.102336237646117,,,,
927,0.990402780877162,1.2706739752529184,2.0911739739515443,1.942062677133084,,,,
928,0.8180515317518106,2.026811267201336,2.3449725290513044,1.2852624915890516,,,,
929,0.9772640170786857,0.6170575592112193,1.1295444020106964,1.9678916548137002,,,,
930,1.1294907418646087,0.7216276220743607,0.5520439496421552,0.7921444719459831,,,,
931,0.9796519213078745,1.3966707753206988,1.5378256812133309,0.9840145382116815,,,,
932,1.2827980514175426,0.683690250332826,1.4787089123212978,1.235005627357973,,,,
933,1.3687380873185768,0.7528601844334795,0.6425745589842001,0.6475934656292881,,,,
934,0.9455039452826095,1.2489052014209796,0.8294513360991758,0.8114713493521095,,,,
935,0.9334658495093918,1.765004627508953,4.1352844004137115,1.241300673815825,,,,
936,0.9248065612863599,0.7325601256053216,0.5457792904266662,1.0153626430103746,,,,
937,1.6140657842620412,1.114546202879335,0.4522136530822094,0.7031677617673612,,,,
938,1.2630300528941463,0.552460410201015,0.8672367418547,1.679119907800464,,,,
939,0.8932694560874048,1.2175105526812038,1.2568265246442385,2.1176674066206314,,,,
940,1.4698249092594886,2.4878436859261166,0.6025630070133519,0.6226780982004991,,,,
941,1.577370244602305,0.8971176679343851,0.8080357991411302,1.6661257457511713,,,,
942,0.7144168849734773,0.8935215427304629,1.17064124599021,1.1813080570915848,,,,
943,1.5029782725321468,0.9324968751569259,2.1922950760352116,0.820799683291083,,,,
944,1.4052825933396735,2.0219395822346433,1.4059738661639323,2.805594784894272,,,,
945,0.9956731155322777,1.4282719342799242,0.7114535505567531,1.0594109164290233,,,,
946,0.9831685021448322,1.125700954631872,3.4449210402000556,0.7490025451293174,,,,
947,1.4129984422836988,1.3400156982405464,0.7712691541802457,1.2530989146027787,,,,
948,1.410334503421412,0.9011437085783471,0.9777973659516218,1.3638994821025403,,,,
949,1.0868235584073016,0.8599092513390189,3.4486860601310667,0.5593660664325124,,,,
950,2.4910886605152025,0.7578392035877829,1.3207032032987693,0.4963335527006872,,,,
951,0.6835723380346439,0.8472944185028409,2.951421034209207,0.7910213597498431,,,,
952,0.837248688101992,0.9588792971814898,2.7514255093933264,6.842052747037585,,,,
953,0.8434254645031041,1.117676562327471,1.2830438329010103,1.8470856287795947,,,,
954,0.702176439435732,0.9271064710130688,2.0561675494676126,1.0565330016162264,,,,
955,0.8061922990385564,1.086603099863228,1.5016434494968263,0.8548925440247013,,,,
956,0.7864510183978682,0.76318942170702,1.1023127984138976,1.4524348093197028,,,,
957,1.1298530082078977,0.7327327456593922,0.7831888008350757,1.1230250192861315,,,,
958,0.7839681933904497,1.2232412446315213,0.9193603047708228,1.6664014497301494,,,,
959,1.1594791767101509,0.8633850404996053,1.6090439895178894,1.9916247314095863,,,,
960,1.3154655337818342,0.9112380028856456,1.1961242498824833,1.0582524281005927,,,,
961,1.623922825415179,0.955076355598132,1.2769714490337354,1.910598780174808,,,,
962,1.762988179934411,0.8056096922675597,1.453474958943611,0.42554128109618833,,,,
963,2.679475354682845,1.0595765771650412,0.6217687169813183,2.1618966400007693,,,,
964,1.1229998282923062,0.7482350064995176,0.79663954276897,0.4909430506368934,,,,
965,0.8787937719859285,1.0169047353026033,1.2730856042341847,1.7235299079645796,,,,
966,1.276461611650361,0.6449972577386419,1.05507484644566,0.7667839922522012,,,,
967,0.9570456689406839,1.2592599533118252,0.8691601721365608,1.9913521624878323,,,,
968,0.8152606312543195,1.173463313372468,1.2830438329010103,0.47711741386893763,,,,
969,1.032922901594698,0.9230058562031058,0.808883784528959,1.0800694947708427,,,,
970,0.7429650156719743,1.5102097045690421,0.581328893142599,1.1173297759523075,,,,
971,0.9412174559976225,1.1717077181137312,1.8131715841501375,1.7667848910034505,,,,
972,1.1631640638894836,0.8339808956062225,2.2103041787512527,1.578464155438118,,,,
973,1.0978340858040467,0.7788576529026819,1.3134374838716991,0.6299978312332806,,,,
974,1.3766454820533591,0.7124584661083567,0.6010345299289004,1.3237426263655427,,,,
975,1.070339251299758,0.9363542600017509,1.97354619343025,1.358565208748629,,,,
976,1.2272864198826552,1.0019406327346798,2.003056660933314,1.096118838652709,,,,
977,1.3158688338471574,1.5918121551476248,0.6491112787703984,0.6309435276619061,,,,
978,0.47819374820526084,0.7813546345765595,2.2978710004901113,0.5019944711731081,,,,
979,1.2146108780288718,0.5162530206289832,0.976280303360304,1.0969070496010218,,,,
980,1.2210817776912755,1.2323330809859434,1.9435957742070782,2.2638471793798733,,,,
981,1.3310419433209408,0.6744330412096484,1.120172775094617,0.5368999211126043,,,,
982,0.7330145718433209,0.7766710086095573,1.1497296138036706,1.9438597849192676,,,,
983,0.893299467893348,2.2432204351903176,0.5475277282160167,0.588096883128863,,,,
984,2.199287618593939,1.7659730665520539,0.9594584169726623,1.2035995908199242,,,,
985,1.1447777695943007,1.3585730370621938,1.4087796200245724,0.4457820800923681,,,,
986,0.8674061377380999,1.489916757367761,0.8211845099603298,2.4541896509262,,,,
987,1.1167619722869966,1.2559974817621413,1.235949271238562,0.7091136127308446,,,,
988,0.94845480117504,1.0952098236135044,0.9274891968921151,1.150029924879952,,,,
989,0.4468793923745001,1.2206604737900968,0.5701151925692739,1.3031801568346995,,,,
990,0.8894528789508019,1.7850032253061778,0.8205471747166267,0.5994851795186915,,,,
991,0.5261232043959071,0.669750158377666,0.7418437121756386,1.7779805011574716,,,,
992,0.8505042019755656,0.7556796245550068,5.681423138157363,0.8191324410009049,,,,
993,1.0192511938461108,1.2420382909452208,0.431218829625997,3.0482067093219984,,,,
994,0.7660103226431348,0.9098462457251609,1.6060836051414091,0.4944126432479384,,,,
995,0.7226631042702557,1.4579321051075318,0.5876231424400115,0.8090505156361526,,,,
996,0.8766979417802571,1.1104806709027917,0.6340900066983365,1.323564707995189,,,,
997,1.3396539690877418,0.8879614646751243,1.7004143698642984,1.9794593445696764,,,,
998,0.6595132916722356,0.7988128255399694,1.6246955596391988,2.8969288643933346,,,,
999,0.841106449251702,0.6416427964217185,0.8511528951933856,0.8890912928297842,,,,
