,Lung,GI,Prostate,Gyn,Other,Breast,Unknown primary site
0,9.88332062327857,-4.6662660238234,-10.9894582041875,-13.086788032456667,,,
1,2.4556796353489996,-11.166951828638,-7.746184953101751,2.369730169680333,,,
2,-7.327242938105859,-0.28693758687720106,-7.611842793557,-18.605015901943002,,,
3,0.7177151356244291,1.5865622491039992,-26.9169936222375,-22.319162534240004,,,
4,4.872790568624858,-18.824648237795202,-6.215717409725,-8.366471690710002,,,
5,-23.030142844697,4.2058632956164,-4.64861138356925,4.101532215004332,,,
6,-16.122361120791144,-3.0042847181314003,-8.364971924264252,-5.506226210226668,,,
7,6.689235999957715,-0.2989359171996003,14.327005870451249,10.360816246757333,,,
8,-8.897962100786572,-17.2298589534774,-41.23393003575,-18.538737515153333,,,
9,4.969269336479143,-5.665237251902001,-31.922565060015,-8.505312217816334,,,
10,-1.4106947429230001,-5.665237251902,-6.042808602745,-7.659980272566334,,,
11,-12.820044397046715,8.457148480269002,-14.453847546609252,-7.141183425099999,,,
12,-0.23446195248585713,16.322421311377997,-0.4276651035795006,-0.9238935991660006,,,
13,8.759367251793142,-5.786938521079801,9.754243407667499,-1.2729970488299998,,,
14,-5.879082472848572,-1.9271505486457996,3.15971148533525,5.987888519476666,,,
15,9.904869074077284,-0.5106261546358016,-2.972445835824251,-5.905895805467,,,
16,4.273226555590428,1.2948247641642,20.04628088307025,9.872015473570666,,,
17,-24.773862001673713,-15.257455540610001,-24.21687462142,-23.80813494499333,,,
18,-3.3330466488997152,-12.7439139828674,-0.35524443748749945,-16.826647750819667,,,
19,-2.721973534337287,-2.3894402652820004,-9.346930177629751,-4.75288375006,,,
20,-2.340588876813857,-9.121698556360002,17.77168411212225,-1.2481417530696668,,,
21,14.545399540429287,-9.266711148438,-12.04555084072275,-34.802593993426335,,,
22,-12.819799846539714,-8.735686431451601,2.25338688464,21.675809090953333,,,
23,-8.56065371824986,-1.3563589486691996,-21.15936734152975,-11.72780175756,,,
24,-11.183944846104428,-2.199862233315399,-2.5336382920025002,6.103018216649665,,,
25,-4.696849942214,3.2152906602346,-11.041094599877251,3.741287678687667,,,
26,2.853837885761428,-5.521940091356001,14.22780329689825,13.097932695939667,,,
27,-1.7413915298037141,-8.3743563049378,-15.12834150398975,0.28282560892466674,,,
28,-5.493779576355714,-21.3140199369156,0.8150509217507499,0.289395541013666,,,
29,-18.279787238781573,-24.7531702763036,-11.4820443832195,10.179979774524,,,
30,-19.143811457451573,2.0231407680622002,2.0001295599585,17.81053637907033,,,
31,0.1229260869902851,-19.503083930808,-6.4010529949390005,-5.742200231073333,,,
32,-15.187079741088429,-12.158723730535801,-17.6954052170795,-4.016969360202666,,,
33,8.566042517619,-18.0051410174616,-18.233200700522502,-16.513540683569335,,,
34,-7.3176938612095705,-20.7320873496736,-19.33236058830025,7.0151991665403335,,,
35,-1.0591841151510013,3.3116229533598003,-8.838060704712,-2.4648610605930017,,,
36,5.915937276234428,-8.734143601562002,-0.409237706627251,-7.292023077636667,,,
37,-0.9859673554387152,-22.6686656897158,18.713362187327498,-17.417151433009998,,,
38,1.6087965274958553,-0.7420288718379994,-9.2333722884875,-25.04742185898,,,
39,-10.425215992035287,-0.6287272389320007,-21.336345807272753,-9.820876872616667,,,
40,-20.61339804500714,-11.1816925535318,-2.1578241068140005,-10.432520001593334,,,
41,-6.048532491517858,-0.5927309062160002,26.917209969462498,-4.492914211535667,,,
42,-12.075517149282714,9.395098559274398,-9.13288414759725,-20.186548912573667,,,
43,2.489838783071427,5.961777168736,2.879029283170249,16.130728390536998,,,
44,-11.193985899185284,-2.7939651561915992,11.313636775214999,-32.054335215230005,,,
45,-2.257455735254288,5.170724286070399,-3.7302872226099986,-2.7488276076226668,,,
46,5.929527559522858,-8.1403830493958,1.09123401094,-13.623869995119334,,,
47,-11.603284987779572,-13.406581689779799,7.94416440917775,-12.981372753086667,,,
48,-7.8473477110205705,-8.559649410615402,-14.574904578557751,-6.379842127746,,,
49,-5.520714953499857,-26.717345610956,10.3987407938255,-8.910980133412666,,,
50,-3.8818002498197144,-15.027252835341802,-8.69579125262225,-13.597873712143667,,,
51,-20.334613585102858,-22.4826869481276,-12.446648222936751,14.045824098140665,,,
52,-17.866079745325287,-3.3849837610396007,-13.98311619867975,-5.506226210226667,,,
53,-1.1549279536324295,1.657526311585999,-7.631127421754,-17.167751617879,,,
54,3.786914903298857,-6.7629397533816,-15.896253540965251,-22.81282064056933,,,
55,4.556663544910285,-1.8544723963777998,17.294095845995,-3.859843220956334,,,
56,-1.1556625635395705,-3.6388406071658004,-25.46473179797775,-8.176492660875667,,,
57,-0.822884807873715,8.233973841280001,-21.7472997648075,1.6355283787739996,,,
58,-12.480531971809999,-14.682892346773802,4.005614421138249,33.262770350636664,,,
59,-6.235123621004001,6.3731584187846,-3.2175603022625,-5.68706268246,,,
60,-2.0652322770144296,-10.3793271255398,-15.398739167452002,10.048281288186667,,,
61,-12.507100363465428,-7.127185323357599,-11.97655816784175,-8.790137797513333,,,
62,-7.478450676508714,-4.244256969868002,11.362059811617499,14.222089912756665,,,
63,-9.906947956863002,6.456976663814198,5.98560294219475,4.115245430219666,,,
64,-3.7271649707724284,0.7380885513339998,-13.78170953091,2.5677075397576665,,,
65,-26.16349939619971,-12.282823830914001,-6.0179544872270005,-10.776768105895664,,,
66,-5.937728723979572,-14.290194079044198,17.685336839242503,-6.326705344432334,,,
67,-5.859737745283572,0.17689481056600015,-2.384512853484251,-21.079875620253333,,,
68,-6.0487770420227145,-15.69557703854,-8.666221899365,-26.547536101803335,,,
69,-13.711738283303857,-5.0421651680878,4.895013316989999,4.991716673216666,,,
70,6.653607525930142,-3.4113808927998024,-9.83330389931975,24.718603891100667,,,
71,-17.950682639138282,-14.39526837915,-14.75681272961425,-30.275967064106666,,,
72,1.5915335141349995,-7.517997794161801,-1.9832013964022503,1.5044005102806661,,,
73,1.8672565669849999,9.8469327754786,-23.9623322884625,-12.85138761111667,,,
74,-20.70926527686857,-0.8351033507878001,5.05335217445025,9.217804539260998,,,
75,-35.364733038415714,-8.7334584128992,-18.58908859197,-5.08141762537,,,
76,4.099002211451428,5.3121360969364,2.59599020755275,-14.204947425859332,,,
77,-14.120670386408717,-1.653410410105801,5.22583245898775,3.8181360373439994,,,
78,1.2340225072358568,-17.888069132448,-7.337161210114251,3.591304574094,,,
79,3.4736040972048565,0.1388418682725998,-12.02969551021525,-0.3845259349836668,,,
80,-12.412335259442859,-1.7982511459557997,-8.19206311728425,4.653755055619999,,,
81,-8.961505112370144,-12.2425436154834,-1.252355619242251,-18.583876206689997,,,
82,-13.802217523937143,-5.3577295446142,9.59011912447525,-7.9119527132059995,,,
83,-3.5136380381901438,-9.4499476445378,-12.47642922845775,2.2623131311200004,,,
84,-12.885057373860858,-9.4499476445378,-13.226987410847,-24.995427802197,,,
85,-2.0629068642095723,-3.1870057946296013,11.5632503546235,-14.629755762240002,,,
86,-17.292961795448715,-32.986286626024196,5.77884048926575,4.101532215004332,,,
87,-8.798177268883004,-14.147754261559601,12.2947387291025,1.9020685948033336,,,
88,10.468559530139,-17.594960077513797,-2.4798590977347508,5.142841758913667,,,
89,17.551545716993285,-6.764997853788199,-10.780339250515002,-12.03662360035,,,
90,-4.372763899084429,21.6727807165862,-14.1787346454075,8.124500938560333,,,
91,5.803174761917143,-13.056392997778001,0.2721133553074999,-17.365728987956334,,,
92,-5.578749668632573,0.22249034424179967,-8.036294835435001,-3.890410906966668,,,
93,-10.35040832294114,5.296710183376,18.3690444019225,-4.492914211535667,,,
94,-4.149075927659428,-16.3397318303662,9.176166441588,-14.402639114306,,,
95,3.372840424354142,14.3287633342724,-3.46224699166675,24.931722636076667,,,
96,-10.942136496962856,-3.5791904317572003,9.98564534218275,11.56639322527,,,
97,-16.36368026243429,-7.218202745484001,-0.4433058001500001,1.2804266087563325,,,
98,-8.016307563798716,-8.642954919543602,-7.29880789213,-7.179178833506668,,,
99,2.8359629104514283,7.176209780853999,-25.94510583270975,1.9292095920796666,,,
100,10.758240703673428,-14.608672855451402,1.3911993504682494,-0.7116316506099999,,,
101,-5.921811750031572,-15.778366829702,-14.01439740547225,-2.0966159477870003,,,
102,12.576645201245713,8.4758322079984,5.80990855296025,-3.7587124206293336,,,
103,-5.77697137623843,12.771512914391998,-14.893725464775,1.0947330518540002,,,
104,0.10137774267857022,-2.2689400516197997,-7.161251255174999,-22.49999900647333,,,
105,-12.082005990493002,9.073364204944,3.1597116716900002,17.811393423964333,,,
106,14.432881789593287,-6.4304064843258,-8.368399172067,-19.913151591989998,,,
107,-8.329741230829717,-33.220088621674,-3.3039075751422504,26.59524677166,,,
108,2.612641072612,-26.817791123225998,6.215290786927749,-5.497942933766332,,,
109,2.604560576605999,-7.365785726824001,-4.879370161705,19.01039972497,,,
110,-13.611831335879858,3.253000784570399,-26.54246574980275,-21.939778322556666,,,
111,-6.199862132467144,2.4043543360723993,-7.0723330339742505,-22.694548445456334,,,
112,-3.5021290431511436,-8.392525954819199,-18.26705416011475,-14.954290343193001,,,
113,-5.860227485222287,-8.852244238612201,7.289596745540001,-22.694548445456334,,,
114,-2.770090802745144,9.7867679258864,-11.985129175825001,-22.925950069383333,,,
115,-3.6462355524495726,7.323106977196199,-11.166009079257,11.940636409963332,,,
116,-0.5057785172555713,-10.764826365258202,-16.6461680079145,-18.044794969553333,,,
117,-1.5352114417127147,-13.713917242674,-16.17243737556975,-7.110615739085667,,,
118,0.19210110786457038,-10.836817390780201,2.623201010165749,16.469547301496664,,,
119,-12.239458232575286,-5.65529553115,16.001885850856,-17.64598241920333,,,
120,-4.796267469161572,-18.254712191878,-18.4341788458445,5.699063148476668,,,
121,-12.215093138200858,13.4580055748066,-15.719917486182501,5.699063148476667,,,
122,-8.126009416476714,9.5437101435668,1.7781551192577503,-0.649353552059,,,
123,-13.480091079489998,-10.409323696761401,-18.13935540295925,-8.023653733866666,,,
124,17.110657337495002,-18.21546102665,-1.381556068496749,-8.042508721493334,,,
125,1.7412711808185708,-8.157695207134001,23.59530378129325,-11.008169729820002,,,
126,-5.928668215655429,-2.977715879225999,5.708776510275001,-7.48457249673,,,
127,3.7902204349064275,-19.09256002382,-4.0053978875625,-22.30916392563633,,,
128,-10.223688220382428,-9.751799153704999,16.137513205031,-13.470745634953,,,
129,10.557569870423288,-12.405552361294003,10.99974333806075,-14.969145539516669,,,
130,-3.9379978012557157,-23.8121349847676,-16.17243737556975,-27.891955098249998,,,
131,7.816617976961857,-21.6025019930154,14.3722155475725,10.767341704194331,,,
132,-10.462436440326712,-16.6642090265182,-11.962417486185,27.344589688993334,,,
133,-11.131910616584,-15.95937545633,11.02481208751075,2.779397628107,,,
134,-9.245187610586859,-2.6928334116721997,13.78706796113025,-1.390412447519667,,,
135,-18.152455067787006,15.9821740419606,-22.577990899191747,-19.449775986990335,,,
136,-1.845706030183857,-5.377784395088,-8.08707418622975,-24.378926843140004,,,
137,3.1676384317934287,8.419438654098197,-22.5424231634625,-2.0449085665166677,,,
138,5.985357806007571,-5.254884157556001,-4.8054502261175,1.1772947946543333,,,
139,-13.823032003758,5.2530002975459995,2.74575842973825,15.509084913657333,,,
140,6.193251664420714,-14.267568839308002,8.4313946166975,4.914010772720333,,,
141,-2.7776816653012846,-12.318133782302002,9.520055704542749,13.862131058069998,,,
142,8.746878776877427,-5.549364186156001,-13.219702529264751,0.289395541013666,,,
143,-10.525245161468572,-0.5409655438158005,-3.3028366417342507,5.6647825951529995,,,
144,5.066850232170141,11.067021883884198,-25.9489614166025,-11.937778253072667,,,
145,-4.486261449259572,9.0925617123602,-21.706375312149497,-18.18049275025,,,
146,11.632671470081858,3.7392883545199993,-17.0213392230825,9.607474283540332,,,
147,0.4467666212199993,-16.227801320205803,-36.691377100932506,-12.197462358436669,,,
148,-13.154046396070003,2.699006369980199,0.64278489843525,-14.947718174853334,,,
149,-2.2464366931298563,-9.9814876320374,2.5724214730177497,-9.108671821859334,,,
150,0.8479855332718564,-8.185977837653999,7.013198836063999,-20.398810861129665,,,
151,-2.4768591211462856,8.7410017485346,-21.062307007497253,7.737688010586666,,,
152,6.559088250268999,-7.257112583585401,13.79970937329025,10.159125512427332,,,
153,-10.985600810002571,3.7800835423021995,-21.617671165814752,20.90589709621,,,
154,1.3504587100187142,-4.859100528217401,-11.591745943057001,-10.015711744759999,,,
155,-22.208970764144283,-12.881041016522,-7.0129824888400005,3.6910077116836675,,,
156,1.6736868563520002,-8.0807327249034,-4.304507300325,-0.9247498986400001,,,
157,-10.601522369841282,-16.86355707209,2.58891940083825,9.872015473570666,,,
158,1.1133021448731422,2.8407621914663994,9.39814088228875,7.991944661913998,,,
159,-0.794602326434,1.5143998146037998,11.02438375142075,12.333733836863667,,,
160,2.4891038537004277,0.10318969525999933,-0.6496393579277503,-9.108671821859334,,,
161,-10.299107957911142,-20.762597700582,-2.3613726413972507,-25.11055749937,,,
162,-7.82555353834843,5.6772379663922,12.966661738160248,19.01039972497,,,
163,-11.977446513655858,-6.4622887033954,-23.28740943593,-12.877956002773667,,,
164,10.537122802044284,-15.291908148942,-2.31316405257175,0.9201820724396667,,,
165,-3.0908711012908583,-6.312477554422,-11.729087014307503,2.5774212121466658,,,
166,-10.351509918338573,-10.9316075994318,4.288439049181,-20.865329709483333,,,
167,-9.884665322109429,-1.334589262991401,-9.344788497172,-11.466689492515668,,,
168,-17.241049149008283,4.339219331746799,-6.404696367499001,-8.042794900069334,,,
169,-9.242493614973856,1.2411730085041994,11.3528463926725,8.418181654923666,,,
170,-12.11310447657714,-2.0102831577637996,-21.11587119513,-28.52759697503966,,,
171,-2.4375573846054297,14.365787673612,-28.8228472010625,-19.625754877613335,,,
172,10.61486880428043,6.6583828097928,-10.483372636334503,-23.80813494499333,,,
173,10.640825553453428,-2.201233505143801,-13.574519114596749,8.418181654923666,,,
174,-27.250109351968426,-20.924751339586,-20.29760739803525,-18.297622467309335,,,
175,-8.739285615344286,-4.059306980315401,-34.3422170516625,-0.8193346192700014,,,
176,-3.581222469147,-18.0473076261518,-15.917252258944501,-6.737229847753,,,
177,8.21661296512043,15.2835111949984,1.0755916371802492,-19.823163120676668,,,
178,10.269357916704573,1.0301694505639993,-13.72300214215475,5.661353918640667,,,
179,5.843210469437143,-8.3165914792116,-10.18404970776675,-25.941033999820334,,,
180,-7.593661571054286,12.1352424883244,-9.64968221753725,-37.34830250767667,,,
181,-22.704710655665426,-15.5197115757614,-8.00072691335,19.783453969176666,,,
182,6.493707968500284,-21.9417209576458,-14.746527818202752,7.946806467317667,,,
183,-4.733948062007144,12.250772437948001,-14.087888818615,-12.967088671546668,,,
184,-6.3830245499455724,-9.83733104127,15.87525784075525,20.90589709621,,,
185,5.4816602794162845,-3.6431250862098006,15.3128223166625,-13.341331607773334,,,
186,-9.945515509448573,-15.927321381033801,-1.28342442834925,-14.628898717350003,,,
187,-4.058106521135428,23.5401101275124,-20.75141304111725,19.342646964530335,,,
188,1.4810970515475703,1.9319520860399997,15.61814437312325,-4.724315835462667,,,
189,-4.87560491322143,-7.444633856897999,22.748757875467497,-0.20768950252266713,,,
190,-8.71651366660343,4.632671651888199,-5.4713735482217505,2.779397628107,,,
191,-5.084479103415428,-8.7420293090718,-23.36004399053525,-16.600959759505667,,,
192,3.4039385909748563,-0.9473765298222006,3.931265963100499,-3.3441888714266654,,,
193,-5.066604234595286,-26.55073668026,-9.499699175067501,-17.46371753881333,,,
194,-6.255203064965,4.2310607136118,-6.8111493485225,-10.348530099113,,,
195,-3.1273558747924293,-14.268939812967199,-9.90658142394975,6.396698933012999,,,
196,-11.151867519072857,8.9631480827362,-6.396768143185001,-22.69454844545633,,,
197,-21.562514471478572,4.056394815518,-12.2767392594295,-23.152209920900333,,,
198,5.977644508465857,-11.3887553448834,10.875900723862749,-25.834761675563332,,,
199,-1.430407201394001,-8.645696568698,-10.58086056104425,14.31722189578,,,
200,-10.57764701540843,-7.0642771846962,6.328420526333,1.1341571168876659,,,
201,-2.010748708871429,18.5118277455104,15.1549117952925,-11.72780175756,,,
202,-1.4810949655485721,-8.618613950108,0.13584191298325088,-8.268768573010332,,,
203,-18.690801907990714,7.4506349589748,-16.14094004401725,0.15626939193633285,,,
204,-7.2947977736770016,-0.42646449531360026,3.835919718855249,15.28482557897,,,
205,4.354156186890142,-1.4101810697238009,-16.02395434801175,2.5000009932803327,,,
206,3.9962788334294284,-22.146210527151403,-14.98007273765475,-2.2668836905156673,,,
207,-4.959472877665713,6.6232433728841995,-6.9285637533222495,-0.7116316506099999,,,
208,-13.193226336555286,7.653926305550198,11.1837941013505,-25.834761675563332,,,
209,-5.853126043140713,-11.950633379815201,10.13048592894775,-14.089817728686334,,,
210,4.5884971733414295,14.501543435438398,-8.49931408381175,-17.984801081689668,,,
211,2.5237534867791416,-8.960231895020002,-2.2379578042275003,-2.7488276076226668,,,
212,-1.4868497292878582,-10.5037700438758,2.9225233796732497,14.31722189578,,,
213,-25.773176026408713,-15.996914171687399,-5.149553563942499,6.075020919897334,,,
214,0.09892851054642827,0.8618446410863996,-8.156495754262252,-25.834761675563332,,,
215,-9.965839716890144,-20.24579963064,-2.421793933585249,-2.329161540592333,,,
216,1.6253254633919998,-9.908638219875801,-11.96627325643025,-33.60387238016333,,,
217,-17.696752374617287,1.6628393935877992,-26.18593526104,-30.053992437050002,,,
218,-9.613716914194,-9.5239970686318,-10.065777139950002,5.350246622804,,,
219,-9.720112809311429,-19.4430916828578,-16.468331006447748,-1.217574315529334,,,
220,-5.222096665021143,-0.9854296211974003,10.2894679427875,-4.2432292117163355,,,
221,-25.307310910054287,-10.380183872264002,15.989030177472998,-7.9119527132059995,,,
222,-3.7499376649300005,3.3224212717487993,-4.7231739164720015,0.9201820724396667,,,
223,3.4489948782788566,16.901440393236598,-0.8791135004967501,17.811393423964333,,,
224,1.2765081923037143,-1.0095982871535996,7.1876074716075,21.984345003640332,,,
225,-20.620254617121137,-5.408295342329801,15.411596181415499,-22.81282064056933,,,
226,3.530903244040142,-6.789337332392,6.531326090892749,1.094733051854,,,
227,-16.235858670966284,-13.880355211638,14.98307448077725,-1.3932677729970007,,,
228,-20.40207611351528,-18.565476967921803,11.70680574676025,-17.909095449552666,,,
229,-1.722414320170143,-3.083303213602001,-2.114543339765249,9.361216717873667,,,
230,-1.2183500210642868,-21.5860465820058,-19.485130144794248,-13.988972609988666,,,
231,-7.6482677871549996,-21.257112156077802,-4.234443880392501,20.544795266530667,,,
232,-21.771388874648288,-3.8222488104098007,-20.831333036367504,1.8643593649673331,,,
233,-9.267593212766716,3.4748034063163993,25.608930941657498,-3.6772926589366666,,,
234,-4.0212542297012845,-6.6211849754762016,0.23225946334524972,-11.02759608071,,,
235,4.952251512550285,-17.2775106494778,12.19617856651,-8.307334847739,,,
236,-10.092437490951571,-17.597701875751603,9.773740992607998,-1.6326702218833329,,,
237,3.4944177251199995,1.2327739685581993,-20.48980064686,-1.602959580763,,,
238,-7.158405307333857,-25.1169001285138,0.7529151670724996,3.591304574094,,,
239,1.1032623696489998,10.3333914562402,13.922266792860249,18.221060882391,,,
240,7.373157823860284,-0.1162149897854011,8.465676039673248,-15.93160695335333,,,
241,-15.167123371041432,3.239459028025999,-9.1613808902595,-9.62318518417,,,
242,-5.026444388281285,-8.949090460504001,3.4050407720550004,-13.402753158373335,,,
243,3.2631383586991425,-10.287452360355998,-9.75809839639175,2.597133244663333,,,
244,-5.449212922501142,-7.413608980883799,-21.33634580727275,2.9410939280296673,,,
245,-1.2027999261184288,-6.5255390636838015,-9.49027186760475,5.648212563626667,,,
246,-3.2380371008611433,6.7804254060961995,3.1721390089799995,-5.539651209489667,,,
247,1.610877389796,-0.09598887941400136,2.623201010165749,-4.020110615779333,,,
248,-1.3183791904982864,0.34607606860020007,-1.649810933372001,-11.112727964296667,,,
249,-6.712864291935285,5.806823154076599,4.698535589118251,19.89486955668033,,,
250,0.9019792549875716,-9.712888868352001,-6.625599315731751,-7.154037607647001,,,
251,1.9776934555221424,-0.6890630502549999,6.6217439543009995,-12.210604458865333,,,
252,-1.5270086172085722,-9.7425424725362,21.085876709907502,-37.41315223785,,,
253,-15.362161449585143,8.1532402124432,-17.729472565185002,12.333733836863665,,,
254,-2.721729303296858,13.9125820364986,12.306951246105498,7.584848338164335,,,
255,-12.81171849862857,-8.889268130703801,-10.94467686316175,-7.079762122969666,,,
256,5.711838156927429,-19.627184627516,-11.71666042243675,-15.241398891216667,,,
257,-15.995028204378144,-11.9146374943476,-0.13326981043275143,-13.0810756422,,,
258,-1.7200877360000002,-2.0620495637454015,-20.751413041117253,3.69643491725,,,
259,-5.091947637475571,-32.9199516495396,6.09423282320825,-15.361672845519001,,,
260,-7.289166509802143,14.8933843601104,7.255314390793,-20.724202238499334,,,
261,-27.513711873785287,-1.2553980167956005,1.43362344533725,0.7244896584609997,,,
262,4.186420045030572,-3.8143639974026002,1.5823203614107495,1.1652969115833325,,,
263,-16.094812503839997,16.222318318897997,-13.2584836242775,-26.886926376019332,,,
264,7.139307429251713,-5.283852274912,13.935336727465248,-11.082731890019334,,,
265,-4.155442546857,2.2146054914599995,10.137342660795,10.233116309363332,,,
266,-5.2922509527952855,1.7031203544319993,-11.11501472182225,-13.0810756422,,,
267,-4.298813381369858,2.895612170062601,17.026911728170248,-1.5598201636933346,,,
268,1.6686678738871428,-14.4353783782678,2.23474559917325,-2.4648610605930017,,,
269,-15.571158181251425,10.610559625264397,8.3360481860955,-8.668722110579667,,,
270,5.03942468913457,8.946863931618799,26.745586729817497,-4.548337193309001,,,
271,-18.01287950482143,-26.75985488852,-5.770054624894251,0.02114148367066626,,,
272,-1.4725247296025736,8.052794402004,0.7878397464250003,-9.239514008722667,,,
273,-2.814167184219857,4.038225016554399,11.1561544035805,27.492858206856997,,,
274,-11.445344390102715,-10.7564277725654,-23.277125269929495,-10.056850396525668,,,
275,-3.924040425988429,-1.8974967953798,-1.2731398896422506,12.933379828183666,,,
276,2.405603407188714,-3.2367151437898007,27.456505281468253,13.784710839203667,,,
277,-3.611219146856715,-15.9706885979898,-27.153967466675002,1.3687009902799996,,,
278,18.59273314538414,-9.2545411109702,-16.87264193430025,-31.248714507482333,,,
279,-6.3006255923428585,-16.7262589276214,-8.5455932035095,11.238716394853668,,,
280,-0.6400890564201437,-11.5500510444938,4.05253800169025,-24.62604145369667,,,
281,4.349503231523427,8.8916703896506,-19.626113097776752,-15.627926137556665,,,
282,-0.9137314599482848,-8.6061012437656,-4.652895117197501,-1.5903888435950002,,,
283,-4.623511386445428,6.1083315471201995,3.0731499512332503,7.405440771026332,,,
284,-13.57865134857,-2.5133689566822004,-3.4856009059149997,-19.958860901373335,,,
285,-13.280766711606429,14.0534803658422,1.2907110232249996,9.185808445093334,,,
286,-22.99500400412257,-11.2972222049858,21.244858537392496,15.103989106736668,,,
287,0.5672423265899987,-9.955432572820001,-15.793623533259499,-13.94183439551,,,
288,-8.966403150681144,6.681008198612399,-18.69021895747,3.7892819441713335,,,
289,-3.093319162053714,-14.494000248885602,9.2475158015625,-8.90726701763,,,
290,-4.204416434204288,18.2305454628364,-18.22484563094925,20.90503980284733,,,
291,-5.957807954962143,-16.008227015182,-21.913565542105253,0.8910410552736655,,,
292,-6.651402036159714,7.272712737538397,3.9419792106082494,11.22043301896,,,
293,2.8169850618885723,-4.1258135148634,-22.00205673169425,10.519370048744,,,
294,6.704541011959,-22.81676289799,-9.14573944827025,-6.560106739776668,,,
295,-10.542998127743857,-16.32584710678,-3.4481051918875005,-4.993143243840001,,,
296,-5.235686841821143,-11.936578141752001,-21.077733442849997,-4.072675787356666,,,
297,-22.715239851364284,-16.8111068191914,8.08857647349775,-13.668437323399667,,,
298,17.306430664873716,-18.9281780680962,8.58823345924575,-22.925950069383333,,,
299,1.3360113818359995,1.535482224454198,-16.57674830342225,-1.998055785190002,,,
300,-2.9339085991455724,-18.592902851719998,-1.1867922440550007,8.726146452820332,,,
301,-22.679733918809717,-11.350186833903802,23.32512037905575,3.121930400262999,,,
302,-23.728144478852858,6.40504004152,11.880357523765,4.653755055619999,,,
303,-10.84688186597857,2.1241005072681993,-9.611972242284251,11.940636409963332,,,
304,-6.738331514145287,-11.8327047480774,-24.52412521524,4.7988810755473335,,,
305,-6.083181272691001,7.650840347603999,11.282567966104999,14.8365911004,,,
306,-10.214137546166999,1.3873854634281995,-7.161251255174999,-11.169866029742666,,,
307,-7.656593366105429,0.6767232425583984,25.879114343894997,-10.150552729035667,,,
308,16.857339567361713,12.525026803423998,-18.589088591970004,-36.07587702146933,,,
309,-23.896370467139572,4.4165249300982,-9.19844715007175,-16.711518053646667,,,
310,-10.500390753109428,2.2278035355487993,1.00188614916725,-6.981487145060001,,,
311,14.692321521933284,2.1624961184361986,-5.795765785302001,-0.9247498986400006,,,
312,-6.148562086901429,6.4537203404743995,13.77271208648075,-13.417037239910334,,,
313,-1.9675293722898581,6.5817631455206,5.965461269107749,17.679979873841003,,,
314,3.3561886275218566,-6.675863992344001,-22.8582443925595,4.115245430219666,,,
315,2.961336334668714,0.9986293040341987,16.499186522210252,-24.005826633439998,,,
316,-0.1157003368981425,13.4758321085626,-18.23448645421725,7.290311073853334,,,
317,-0.8285168171637137,-12.998456912157598,-14.0143972191175,3.918410289720333,,,
318,-12.574439179035286,-6.3608145881698,-0.7775523763025021,18.06822170691,,,
319,-1.8099554406368572,-19.620842495316,-13.31719138574175,-8.910980133412666,,,
320,-1.6866642630622866,-14.772024717386,17.09890368546325,6.2558573921306655,,,
321,-19.92543650554243,5.5154278907584,-4.0051836263395,-12.42629334462667,,,
322,-5.967357564295716,-12.8940683970492,-0.809478230302501,-23.46503130652,,,
323,-10.762156856644285,-7.875041950797799,-9.5022701233875,-8.374470030953,,,
324,-6.692662732453715,10.402469274544,9.678394748362749,-2.339160149196001,,,
325,-12.921053259328286,-7.568219432173402,-4.37885613106925,6.642670320104332,,,
326,5.980950146560427,-11.3378462819572,-18.9057664932525,14.90629741829,,,
327,-5.3317983047227155,-1.957832606700001,-16.954062317174753,-2.4648610605930017,,,
328,11.418777232542855,3.8986982572029993,10.18126583880575,-4.844874725976335,,,
329,11.339439894969855,8.5956472330006,-15.66506624037925,-0.33481782818300054,,,
330,4.952251512550284,12.145527176114602,-16.238642975362502,-14.383498196576667,,,
331,-8.753365958035,-18.372470309136,2.32580680531525,14.630043281399667,,,
332,-17.27080116972686,-10.9355492605194,-9.359143626405002,6.1850083477203315,,,
333,5.742324574577141,-6.3884121791134,-13.355972480754998,12.249172322650333,,,
334,-17.246803273820145,-17.2356861133258,-6.9240651994095,-4.950575438506667,,,
335,5.177898976167427,-0.1189572352758006,-14.159024103724,3.591304574094,,,
336,-10.792275649876714,-7.8220773218798,-22.715331970442502,-3.7538563298533325,,,
337,-1.0842832869911434,17.69112170591,-13.8661284527825,10.405954441353666,,,
338,8.105441786137714,1.55948037593,-9.78295232555275,3.1484987919199994,,,
339,-19.604044671001,-15.227287709490003,17.588276505209997,7.622558313413665,,,
340,-11.356578919789857,-5.4082953423298,-6.494685335755252,-14.529195828230002,,,
341,-3.729981188393429,-8.5188543719174,-0.17355110671475094,-16.826362069189,,,
342,-11.58063472860857,-5.4182373612456,-10.076918909900002,-7.9650877572136665,,,
343,-8.967504959057143,-19.512340611975997,-9.894796683972501,-14.350073445786668,,,
344,3.4597685179947146,-4.5661630313438,2.9019556067425,-9.725173526333334,,,
345,-2.2029715281852864,-1.8652717583542002,7.929809279944751,-27.734828959006666,,,
346,9.426025423405,-10.8256762544334,-11.66395197521675,-10.015711744759999,,,
347,-7.246681250687142,-4.8604722472936,9.174880874248,-40.00571303647666,,,
348,-16.771878181582714,-22.9442910288522,-2.880098130577,6.935780170149667,,,
349,1.4466931403428567,-3.8757276662616,0.5611508133999985,-1.7506569838363333,,,
350,-9.801164556132145,-12.926636401114001,18.87255790332775,-9.820876872616667,,,
351,-7.625372232062572,-18.2751109038914,-5.20440369162225,-54.27751125539,,,
352,-16.059184029812858,-17.5159405384618,-10.39402533362775,-1.2661394473300003,,,
353,-2.1642827119834283,-6.092559984189401,-1.9592033940075,-11.112727964296667,,,
354,-8.080830907164001,-5.7716820784182,8.18263696405575,-2.131184170515,,,
355,4.221069145667428,-23.7941373401992,-4.904438911157251,-13.272768264875666,,,
356,-3.068096809812858,-21.115185969196,-4.80566448733925,2.0477672203499995,,,
357,-9.585557080715287,2.7747695856908,-7.705690141011749,4.102103329791,,,
358,3.690680685950714,-4.010626681361801,-14.9824294247525,-6.326705344432334,,,
359,4.197684702538714,-7.5920457274238,-24.156881478975,-0.727058210193333,,,
360,-7.891301338048716,9.8275634118324,8.333048528973,0.1828377835933329,,,
361,-12.964761803411573,-17.083989912837403,8.9175535181,25.472803644626666,,,
362,-13.317130327981001,-15.255227372972001,-9.367500186812,5.942750324880333,,,
363,-4.8407110491024286,-28.183921426664,-13.2062044449195,-3.5607350505520006,,,
364,-5.048605759421001,-15.677921168346,-11.4820443832195,9.019827169183666,,,
365,-15.421542630085714,-12.719574355180201,-20.5986453481575,-10.647925193503335,,,
366,-11.94034945873986,-0.791223099562,5.458734408417749,10.030854708713333,,,
367,-0.05472750159842832,-4.1612945770614,0.6087175503272495,-4.045251841639001,,,
368,7.280352850958428,-5.619643358139801,0.6087175503272495,-17.99965627801667,,,
369,3.8544993342545717,-19.104386497914202,3.5494526500232504,21.446978104759996,,,
370,-20.493045094086998,-0.9338350714414005,9.665325186464749,7.963947365161668,,,
371,11.240756764954856,-5.754883700365801,0.4570204180702486,-18.115643020076668,,,
372,-10.97972414371957,7.352760730462199,7.134042911267748,-20.950461841543333,,,
373,-14.564620066472857,1.1578691394899987,2.147112572601,-22.502570389622665,,,
374,-7.4855520121024295,-5.87418405118,-13.77978117990275,-27.981943569563338,,,
375,1.7331904718372848,-3.906752095021801,-6.95170433811875,18.040224410157666,,,
376,5.985357806007571,17.1424415659822,-16.00017097955025,-18.409323736443337,,,
377,-7.8604475089554295,-8.076619207589001,-4.4150660914049995,16.17586658513333,,,
378,0.8188460069415707,15.863387619914198,11.44969227912825,13.993258926563334,,,
379,-6.293769446181001,-2.7900228987712006,9.289296367343248,-15.053421620576666,,,
380,-19.82846789126157,3.636100149511799,21.341275715048,-7.978800972428999,,,
381,-13.580732530332856,-25.93589207833,6.328848862423,-6.866357447887002,,,
382,-27.210563384388145,-5.9679456568758,-1.6830208638795003,-6.924635506666668,,,
383,-19.331503223943002,-10.266540464988001,0.9354657290902502,18.703291971963335,,,
384,-19.161809187208146,-3.4660600587499992,-5.4713735482217505,-10.056850396525666,,,
385,7.078335019901714,3.2444301865663996,2.3943698376199993,19.370644261286667,,,
386,10.00000063115,-29.824990986072002,3.35576069075975,3.508743328236666,,,
387,-1.4788912423157146,20.029825956579998,-20.43880647578275,-1.5741042452303333,,,
388,2.4817580740899996,13.1815231907778,22.8818142813225,26.011027588401003,,,
389,6.425143844690285,-24.5865607492756,-9.246442595802,-14.771453851070001,,,
390,3.525270915283715,0.42029585809059994,-0.18897716935750009,-1.4518337496500007,,,
391,6.308586058827429,-12.7356860537382,-19.517268210125,10.571935717263331,,,
392,-11.734045764292858,-4.2550555864242,-8.52416801297725,-19.536909381296002,,,
393,-6.706130474269572,-4.626841660622,-16.50946934762475,-17.78253699631667,,,
394,13.967261436720715,0.17175313754419932,-16.827219114079252,-41.014454874490006,,,
395,-9.794185762011141,-24.6165570223342,-27.66755143192,-7.179178833506668,,,
396,-12.672632036674145,23.5111420101602,5.335319571245749,0.9201820724396667,,,
397,-14.996571118048141,-2.2327729062554003,-3.8706275782800006,-20.187691887566668,,,
398,-12.668959732553857,-14.584331886014201,5.224118369202999,15.28482557897,,,
399,-21.237327365391142,8.773226636476199,14.8249495118275,-29.66832372643633,,,
400,-9.990449148791999,-18.0641066005394,7.035053853520499,-19.77802442914,,,
401,-10.509941214346714,-9.1441540270314,2.74447323511075,16.66895233431133,,,
402,-0.3706093358812862,-1.6114143158940006,-2.0948313072449998,24.70289164988333,,,
403,-20.391423524441286,-12.705004144763402,-13.976901505090002,-1.5878174604456667,,,
404,19.829571146705714,-18.785566841632,-5.724416611679249,-10.466517854952334,,,
405,-11.904352508392716,-13.4878289492178,-0.44202023281250113,13.535025342443666,,,
406,-1.6675637665395726,9.094618471018801,-21.636098562767,-4.431206233886667,,,
407,-7.723932288165858,-4.227459039063601,-24.761954613737,-17.170893867340002,,,
408,-4.264532650564001,-22.83990236466,-2.0841175006775003,14.90629741829,,,
409,2.104045933663285,-2.5982172954998006,8.101003997142499,-21.264997565419332,,,
410,-1.8359115508828572,8.1952355612388,-1.69416226112175,13.784710839203663,,,
411,-4.017825517694001,-16.0901599105338,-10.332532735324751,17.681408778936333,,,
412,-1.7902439405598582,-0.24134324586740022,7.359444786122751,-11.005599092089,,,
413,4.58702742108757,-10.013196802215601,-16.23992872905475,1.1878645180466663,,,
414,-9.577475519827145,14.0531375478862,-6.088446429604501,-1.3904124475196677,,,
415,8.802219496398713,7.3424763408397995,-6.94656262782725,-1.0935889847466669,,,
416,-24.103040721122145,1.8707581862439995,-8.516882199625002,2.4351512631103334,,,
417,-1.169742693255286,-17.787452360283403,17.700120304568,-3.139926008528334,,,
418,-20.508226712711288,6.9758314924148,-0.743486146321751,3.6910077116836675,,,
419,-2.345363734724143,9.7288316911788,-17.7134020416875,-0.8561870526886667,,,
420,-5.169693533225001,-24.371785299313803,-8.36497192426425,12.121472882196665,,,
421,-9.573313369281001,-6.4298924064736,1.0768775772247485,17.400868920643667,,,
422,-1.1486841953711437,-11.338017690935601,-31.863857484907502,-9.725173526333334,,,
423,4.319139568321712,-11.0041128518854,-14.746527818202752,-19.37235626507,,,
424,-36.867500039235715,6.495372573147999,-17.425650150935,-26.24442913399,,,
425,-2.69797638384543,-0.5629057439716,16.633742756624997,-0.8561870526886667,,,
426,-11.340049664429857,-8.079189895016002,-5.503085140998751,-2.405724217622,,,
427,-15.401341177091142,-14.223516135521598,-9.207018530764252,-9.056106153340002,,,
428,0.48288430274742794,-1.0678771907339997,-11.311063740892251,1.6880935503513335,,,
429,13.112175823830285,-16.3743559967574,20.46494731286575,-0.024567080296999944,,,
430,-2.970517191978144,-25.1840924480536,-19.99121422181475,-5.939891919520001,,,
431,-6.062979713211,5.5039434892046,-33.584375105815,1.3687009902799983,,,
432,-14.37447874838557,9.2572857406244,1.0335975555924994,7.764256402243666,,,
433,-4.896419073578,-11.5233103493602,-14.159024103724,7.386870968087,,,
434,-10.444070340735717,-7.1510104259434,8.884557289752248,21.446978104759996,,,
435,-18.230568481464285,0.31282168320259984,-10.661852048765002,-14.269511225923337,,,
436,8.137764728558858,-14.073019797881802,-14.15452517710175,11.35327497724,,,
437,-1.5797773501497148,-1.2062039381532004,-2.18096375983925,-15.868185631336667,,,
438,-6.235245949499857,-16.7694547356012,10.9103969671225,-8.601015564102333,,,
439,-0.8774910239751422,-14.3419600377776,16.40234082210975,2.909668451706999,,,
440,10.740364876459,13.962976723403802,-7.591488722785,-18.279338842945666,,,
441,-17.707648555805857,3.5005152003288003,4.67753798926,-6.884927250826334,,,
442,-8.714676715884286,-10.379327125539799,-42.383655758512504,-1.5526796137589998,,,
443,12.310348896793286,-14.513883392218002,13.458390872298502,-7.154037607646999,,,
444,10.453622249044283,1.7034630233039991,-20.1984053835425,-26.92006494824,,,
445,7.760787411013284,7.184436815487001,-17.621056386335,8.939836312587,,,
446,-15.194916112541287,-11.602330186579602,3.0570794277357507,-23.954403939913334,,,
447,-8.964321223502571,-8.186834882545401,-29.62289972597225,-1.658095390072334,,,
448,-26.144766524093857,9.444121825272,-14.11552795732425,13.733002712521,,,
449,13.742715994453286,-25.062391178876005,-23.84255970572675,-1.9974846704033336,,,
450,1.810569382094427,-4.7540275698592005,-8.240057631244252,-6.02102550264,,,
451,0.18757175885142732,-1.4585181034760013,-17.62105657268975,0.002286992989999348,,,
452,14.036560063948428,-12.921836502467801,4.1678099806175,2.0829050670366662,,,
453,3.420589216437856,-22.630441487527996,-14.2245874789075,-10.209689572006669,,,
454,-23.140824070765426,-13.068390880852002,-2.2696679061720006,10.028569007197,,,
455,-6.59777604535257,1.289168267876,3.698363827318249,9.019827169183666,,,
456,-14.39223256656643,10.845732892742399,-4.789808038710001,-3.1990628514993347,,,
457,-23.80380929932586,-36.54713674375599,-14.592259737620003,5.350246622804,,,
458,-7.686223164816574,-16.320877439071403,-11.1666513038625,-18.79127883433,,,
459,-23.81984860177243,-14.6081586285158,-11.962417486185,-16.406695256743333,,,
460,-6.109382998321143,3.5173135783801994,-2.0378374492114997,-26.349844413356667,,,
461,-3.843722543659857,-0.5707904078962003,17.601346439814996,3.63987119673,,,
462,-13.062220477095716,-12.557935837613801,-5.2067603787225005,-15.032281179900002,,,
463,-1.2490809892197146,9.943607290224199,-14.0763187125725,-24.919722170060002,,,
464,0.2808668976427139,4.107816614546399,6.814365166510249,0.41995229471666623,,,
465,-5.424726351534145,-6.767568690297803,-8.002440816782501,-17.909095449552666,,,
466,9.413536948488998,0.5670211982045995,-6.384983962272001,9.361216717873667,,,
467,-6.937899793605571,-26.539081316979605,-16.910137834685003,-24.47548723431667,,,
468,-14.601105265928714,2.0593086588403993,-14.893725464775,25.813050218323667,,,
469,-15.34404128484286,7.477375057776198,-36.196220532641995,-3.841273666486669,,,
470,-9.358929178828287,-17.3543011263938,2.085834235525249,0.289395541013666,,,
471,16.32744084758043,-10.5899893563518,-16.67466530964025,23.957262593746663,,,
472,3.008351368751573,-8.5118263056338,-28.91112357036775,-8.061648645333333,,,
473,-14.681055949792432,-8.529652839389799,-0.5643633911624995,-17.368300122632665,,,
474,-9.930333571358712,-4.888754877815801,-21.03188060935,-11.988629334866333,,,
475,-16.02257628888643,10.758485573640199,6.754585912578249,18.019084466429998,,,
476,-12.256353834493572,3.2077482179361994,-16.497899055225,-13.597873712143667,,,
477,-14.471447149693002,1.902469294502599,9.1605257450125,7.927666295007,,,
478,-8.170330774408571,-11.885840338722002,-0.7563408879320006,-10.150552729035667,,,
479,8.222979584318999,-14.002399596941398,1.2716408426024994,7.963947365161666,,,
480,-14.102305990623714,-4.871271311101601,-4.391712177156751,-13.417037239910334,,,
481,-1.5567598925100004,-20.293794144602,-19.220516602586752,-2.8059649276523335,,,
482,-16.11538179422843,-10.4226925534982,6.755442957471249,3.904125959713667,,,
483,-23.131886210402854,-20.997770818978005,6.24250158954325,10.405954441353666,,,
484,7.699937117186429,8.9163532825422,-19.34950279061925,-1.602959580763,,,
485,-3.618320162987001,-10.6714080247698,-15.154052664397499,-23.106501356932668,,,
486,4.6962399597771425,-26.678435772851998,7.843676268287499,-20.529081684729665,,,
487,3.7626727763499983,-12.740313350738,-9.12195645251275,-9.108671821859334,,,
488,7.273496385334427,-21.4156660574536,-18.880912564086998,-9.574619306953334,,,
489,-11.284341746442427,7.1076458913204,-19.22501571556275,5.987888519476666,,,
490,-3.44323802854,-5.2146031967138,-11.2932806184425,10.377957144601334,,,
491,-9.526788075135572,2.106445084325999,-23.962332288462502,-16.826647750819667,,,
492,-7.515058523925143,-27.20294709774,-25.87868466722,9.217804539260998,,,
493,7.238969506703571,2.5882767662521995,-37.529996645984504,27.132613670540337,,,
494,-4.370071607279715,-11.153238663115602,4.969576408954749,-3.5475929501233345,,,
495,-1.6882549594715717,-2.1655798412976006,-25.36788609787725,7.946236097946332,,,
496,-12.122286780956857,-8.2475136609078,-21.444762917894998,-22.078618849663002,,,
497,-0.053135740311572324,3.7761405394639995,12.90773952911875,-11.790937646419666,,,
498,-10.175938150441429,0.4430925068047987,-19.58926016741725,-34.604616623348996,,,
499,-15.137003619418712,-0.5594783098196003,20.05913655645325,-1.8166484466390003,,,
500,-0.8223949614484292,-4.283681333073001,-16.6461680079145,-13.623869995119334,,,
501,8.126745579944426,6.316764417632001,-8.445534703187498,-16.711518053646667,,,
502,-10.612051459052427,-21.917037170254,9.2110910209405,-18.297622467309335,,,
503,-10.356529859195717,19.0692498924226,13.6158732439325,8.679580595486666,,,
504,3.5300464121231436,-12.427322046974,-19.41870786118,-40.70420462354333,,,
505,-30.359590442548576,-3.801850992892001,12.072335206890749,2.9410939280296673,,,
506,-16.584429687739714,-4.215289150681201,-21.244214785849252,-11.988629334866333,,,
507,2.9886391232562857,16.7631134967366,3.8939848830049995,-1.6892339424033338,,,
508,0.051055899133713875,-10.913095131594002,-8.8277757932975,-9.261797921333669,,,
509,-0.21830021505557187,-20.293794144598003,1.0205276209875,7.556851538353333,,,
510,-2.1460388344000005,-22.065305936587997,-0.409237706627251,-16.797508224489665,,,
511,-12.834491086298428,-9.497770600434,0.06556516360025011,-37.88909783459667,,,
512,-5.658944051098429,0.667295897828,6.0344539419835,-14.969145539516669,,,
513,-5.256133484245573,-17.221459764452,-28.909196151132498,-2.53885111211,,,
514,-2.2612507938252864,-12.3519016492178,-21.0404519900425,13.507600154366331,,,
515,-13.52233125566143,16.2622564617864,-9.75981248617475,-29.76688388902633,,,
516,1.5966751445585692,-16.7855661359914,-3.0084413485874997,-22.319162534240004,,,
517,-9.521767921304999,6.139356870379799,1.4661898467582501,-25.460518739336667,,,
518,-13.719206604388573,-36.547136743756,-24.693820103877748,13.733002712521,,,
519,0.8462715499765707,11.0490239411502,0.3916698132777494,5.699063148476667,,,
520,8.64880824773643,-20.968288474690002,-1.5225390214767498,25.600503085080334,,,
521,-8.23436459081243,-1.487486518991601,-21.397410628542254,-10.763055387619668,,,
522,1.453548967040285,-0.2949933616142001,14.688679187630498,-8.258768473577,,,
523,-6.615283715707,5.430237032152199,12.870887157819999,15.707062283734667,,,
524,-10.227237983031573,-13.4072673256916,15.327177445895499,2.045195837200666,,,
525,9.409129608509001,-5.5371950431856005,6.9362799887675,7.7371168958,,,
526,-11.214186500274144,9.670724345660599,8.369901459332999,22.829677445836335,,,
527,-21.477789462144425,-4.308878751064002,2.9246669236752494,-39.19152038897334,,,
528,0.5647938398758566,-1.6823785274598009,-6.615957374342501,10.377957144601334,,,
529,-8.192368965147859,-0.3635578474798006,-16.974630462817252,-19.084959550693334,,,
530,-20.438683960929858,-0.42937904427980034,16.4636191591875,-9.508055486997,,,
531,-18.935059915217145,-0.4549180875660003,-18.062862841862753,-26.971487641766668,,,
532,-2.686100403317858,-6.121356543480001,4.3835717776225,4.450921346296668,,,
533,-1.1322771620201433,-11.563763166435802,-12.520782792457002,-14.204947425859332,,,
534,-1.8297901211151424,-3.4113808927998006,-16.3567016546675,-4.492914211535667,,,
535,-7.513344966579716,-7.457660492007801,-15.810977574199999,-16.876356106089997,,,
536,-9.430431316317001,1.7185474606566005,3.15971167169,6.103018216649666,,,
537,4.252290705665856,-12.004112533834,3.288481362251,-3.9901140445563335,,,
538,0.18671386205557075,-3.5257100850750005,13.883485138785751,4.882586041813332,,,
539,-22.686590064971572,-0.5762763897038001,-14.58711802733125,-0.25739760931666744,,,
540,-3.846539080745572,-16.161980868826202,10.911896422975499,-3.792422356109667,,,
541,10.638621936707285,-1.8579013213614008,5.70513388312925,-25.647639462032668,,,
542,5.240952567277428,-7.0848456657762,-2.508141206465,3.755000893903,,,
543,-23.13825240364829,-8.905723243548,6.4732609267429995,-6.830933174156667,,,
544,-1.954428828938143,-4.69660511484,-12.59513125049475,-29.910581500800003,,,
545,2.9214217842775705,12.1064453327012,-2.5072847206345,7.193464504100667,,,
546,7.4815135306342855,-5.7737392843256,0.5350109441899988,8.627014926967334,,,
547,-0.8446777026895715,-18.3755565652474,-8.364114506665251,-14.947718174853334,,,
548,5.9101827254702854,-0.06153433300400195,-4.67175122294725,-22.502570389622665,,,
549,-2.8228600681255713,-13.330989584878001,16.07237816594025,-20.332818404435667,,,
550,-5.223442810922715,-12.053822181157402,-10.296537036212001,20.304537015106998,,,
551,-4.273347649990572,-9.3419599881318,-4.3917121771567516,1.9100689228233332,,,
552,1.6009606884831424,-12.7233449054578,-5.232686918477501,26.595246771659998,,,
553,-3.975707776507144,21.973260953926,7.791824679608,-14.837160626130334,,,
554,-23.568367036942714,-19.1600956085674,10.03513949834825,-8.042794900069334,,,
555,-29.31105744752129,-1.3558433799840004,-14.6488247005025,6.083877547393332,,,
556,1.069470207416142,-22.770824546356202,-8.560806682114752,-18.310192459059667,,,
557,-14.540745989894146,-17.628898160744004,-2.0684773631675,-40.00571303647666,,,
558,-6.682500735221573,7.069250280154199,3.587162997982249,12.800823551537333,,,
559,-3.3283935870442867,-3.2493991100260002,-14.893725464775,-18.310192459059667,,,
560,-10.369752837531141,-9.6419257003696,-25.221974018639997,-20.806763732830333,,,
561,-9.571722246919856,-8.0015417768738,-33.077648245127506,9.066678956620335,,,
562,-3.027572107771143,-4.904524951082,-19.30279384399725,-3.859843220956334,,,
563,2.357975985207571,3.4098401489106003,-39.1813075191475,3.121930400263,,,
564,4.113571761640428,4.98645978335,-20.13155588196275,-20.950461841543333,,,
565,-6.809710577718286,-15.554849521840001,4.53698169518575,-0.6804921043899999,,,
566,-17.31597935957543,-22.14981056295,-21.835575388695,-10.733915364346666,,,
567,8.028919920771285,-11.980459287475401,-17.73504447510675,12.573135291866999,,,
568,-7.933174315752714,-1.8148769223617998,-14.693391780307751,18.150782952767333,,,
569,-4.6297555706612865,-17.0929034778832,-21.00724094141175,1.8140798949066668,,,
570,-6.928594947754142,-18.287452052172,3.8339917405549997,-9.800879158470332,,,
571,-15.604093405081,4.050566015750399,19.00818525750275,-4.408923066693666,,,
572,-2.8986473235841426,10.864244764244798,8.874272378340748,-37.65855275862334,,,
573,2.0622957104058557,6.074392122144,5.92260958356325,5.977888420043333,,,
574,6.168642977933429,-10.6791215778814,-4.427707503565002,2.109473955638,,,
575,5.2846620697518585,-17.048336547159998,-14.036466684151499,-8.042794900069334,,,
576,0.245115669166,1.2643129224227987,2.8351048006802495,5.533368548084333,,,
577,-9.807408633858431,-11.2308870794234,-0.8330469648400012,12.531711206940999,,,
578,10.709021946356,-12.897668432844,-3.7397150891347506,23.171352179213667,,,
579,10.263725587949429,3.17672408734,8.62658640452075,19.29322404242033,,,
580,-9.758679722969145,-18.946348165224002,-3.56380569325725,2.164324331790001,,,
581,4.3171812474975715,-12.031195152426,1.6984490125202498,-37.540851926769996,,,
582,-7.368381305902573,4.687693039462799,3.2344888385275,-10.015711744759999,,,
583,9.383173498263286,-4.990228694876,2.504071211105499,-30.816762391026668,,,
584,-16.127135765725,1.7955103901341993,-12.49635682667675,2.3071656440846664,,,
585,-2.2635770585327157,15.086905245832003,-9.8403752650925,-20.529081684729665,,,
586,3.913022724447571,-8.3925259548192,-17.47107408927625,-9.820876872616667,,,
587,-10.568342063066714,-15.7836806571156,-21.6433823262225,-19.332074161250002,,,
588,-4.177480737595572,-0.9310922296195997,-16.9332780467695,9.608902940166665,,,
589,-4.804470400153714,-14.958860503866001,13.5520233994705,-6.514968048240001,,,
590,-7.170894101715573,-11.8745276443118,12.51671316980325,-27.112614367333332,,,
591,-6.824524997878574,-9.2247162468894,8.769284379058,-26.3738429127,,,
592,-2.15485415329,-6.553478578082003,-11.81243500277475,-7.298593009725667,,,
593,1.2517763254185716,-3.5939313057356004,-0.9112517521822503,-20.187691887566668,,,
594,-18.695577085366715,4.7324316773306006,-16.56539134048025,-15.921606853920002,,,
595,-4.103407891384285,-27.000171319849603,13.42025312001725,9.217804539260998,,,
596,-5.194915459512857,-30.002227869764,-3.1967764045662506,-9.201804778886666,,,
597,5.750527292592286,-24.230545046509803,-0.45444775645725066,-3.139926008528334,,,
598,-14.831161666847143,-8.9312640758338,-5.619642314556751,-11.734942555970001,,,
599,-1.578797763785572,0.4401790014199992,-7.705690141011749,9.872015473570666,,,
600,-14.295630831288003,-5.6309550089656,16.498115402449997,23.319049582286997,,,
601,3.1771891060089996,-22.830647770656,6.32756366779325,-20.806763732830333,,,
602,-14.800430166251143,-28.3543012058,-7.73011554773,9.967718819857,,,
603,-4.969512972353001,13.877100377965002,-0.7539840144795007,-1.0064548450233346,,,
604,6.027230570736001,-16.32584710678,-19.80523641199725,23.728431607553333,,,
605,2.481390662650142,-9.143640098263,-12.647410616202501,-24.472916596579665,,,
606,-2.410621155558143,15.266027181032602,5.789125214324999,-3.859843220956334,,,
607,-8.271094234285858,-19.1001020188682,4.1515265003729995,-32.11918494540333,,,
608,-4.434716746699571,-17.721117085633598,-0.3423887641077502,-0.3159625920859999,,,
609,-4.789288888018286,-4.272196782435401,-26.795294365681748,23.369329549291,,,
610,-1.7413913168285724,-5.164380216954,0.4364507815975003,-26.015598147796666,,,
611,-19.10450950793543,-11.640211570809402,4.5106277511075,-6.694662042419668,,,
612,-5.269846096034286,-0.17483671132320078,12.82396376362325,-3.139926008528334,,,
613,-7.128899008489713,-19.4175509996578,-9.446563137172502,5.987888519476666,,,
614,-11.711395611611286,18.550052096782203,-18.974116196104248,-6.884927250826334,,,
615,-11.534231549985716,-5.682721265865601,11.12058704055775,-22.174322195949,,,
616,-18.68859711987586,17.7031204834818,-8.9267646646875,-3.214775092716667,,,
617,-12.036337421775714,8.2418591015362,7.775540267597499,2.5985611558736665,,,
618,-9.386232606342858,-15.778366829702003,-1.57053353543425,-37.65855275862333,,,
619,-18.781648773042,4.3249919392886,16.81886445332,8.939836312587,,,
620,10.172144432454571,-7.969488745158,4.308794610785,1.2804266087563325,,,
621,1.5521091296330003,9.9264665414664,-4.55604923074225,-18.538737515153333,,,
622,-3.0527928626914296,-4.9814865388096,17.333519724678,24.118672466624332,,,
623,-7.3891953597708575,21.0161129202524,-25.1114152275575,-13.417037239910334,,,
624,-5.5099407813437145,-16.40880964867,-9.828374773065,-17.365728987956334,,,
625,7.425315872710001,0.6715820167897988,23.28741040380275,-19.257226567897003,,,
626,1.1016708213374276,0.6801523166257997,-6.0428086027450005,-10.534224401426334,,,
627,-3.3662265297227143,-1.2197455456160013,-6.97420139382675,15.399955276142999,,,
628,-4.877441544478286,-11.535651795806,-1.2429281254245002,-3.084790199218999,,,
629,11.512195445247285,-6.4118940164902,-2.592131605892501,4.049538158213666,,,
630,-23.94779230876157,-6.964346048443401,-9.981143956852502,-27.536565907297,,,
631,-10.02411834360143,-3.2840240218334005,-17.73504447510675,-4.431206233886666,,,
632,-5.131983983923715,-7.5515932085158,2.473432787980249,13.013942296513335,,,
633,-17.14432593713686,-0.11998494372960096,3.9994012183805,-18.48988620477,,,
634,1.8621145106071417,6.0545083824822,-10.4040961701715,13.013942296513333,,,
635,-15.927811184864286,-10.4172085097718,6.67980911845075,6.083877547393332,,,
636,-9.873768927943855,-7.8171057160914,-8.1659230617225,-34.18494981090333,,,
637,-5.150961300046143,6.7255752784186,-3.0022272140565,-24.052107554556,,,
638,5.897816898514571,9.3671590448762,18.72857436145275,10.571935717263331,,,
639,5.133087984784429,-12.6045592288258,-20.06299229059,-1.217574315529334,,,
640,6.294016508638571,8.9631480827362,-10.0409232107845,-3.8407025517,,,
641,3.648930462693285,4.8282491471846,-5.794050391040002,20.544795266530667,,,
642,-0.005876155723714963,-12.5083980465158,12.07554931159025,15.215690127397332,,,
643,-9.427860820566716,2.6849514300802,-4.012896844015251,-4.016969360202666,,,
644,-9.315710268196572,-0.6398682262000005,-0.22668714460975004,17.416581161861,,,
645,-11.322419346112857,-0.5238244968914006,15.583005718899997,-23.46503130652,,,
646,-11.509377780552715,-7.659409306860001,-12.2801668799375,-1.8677849615936666,,,
647,-13.29484748025143,-16.6247849614822,20.412238865648,-23.693005247820334,,,
648,-6.0208625044638575,-10.013196802215601,-10.905467245702251,-8.047364315326666,,,
649,4.080269126368713,-13.013197935220001,-34.571905082745246,0.1828377835933329,,,
650,-10.878224902566858,-10.0147402284374,3.165495606590249,-1.682664507256667,,,
651,19.408884326688998,20.331334349624,-4.574905150137001,23.547595135319998,,,
652,-2.9833723329184285,-14.5049699762572,2.6523403501447502,-24.58147636166667,,,
653,-1.5301915008569995,-4.746485574809401,-34.80652112196,-14.383498196576667,,,
654,-4.958738587221144,19.140213358569998,-6.188720681979751,-29.66832372643633,,,
655,6.345438669726002,-7.505483895154001,-4.84787320285975,9.868587542473332,,,
656,-5.603113804613714,-0.5541638860698,-7.43871972534975,-3.337903378605667,,,
657,-1.8110577814514286,-14.544565152103601,6.87950020560275,7.012913713497333,,,
658,-8.89637023301,1.8543038188160001,-26.178649447685252,11.580391873646667,,,
659,-7.8338798627165716,-11.395268438811401,-18.18349209678,12.672552747823332,,,
660,-12.587785018308427,-29.440005675122002,-7.04426574552725,-14.859443793323335,,,
661,4.736276199737572,2.9643471704085993,-13.2584836242775,5.977888420043333,,,
662,-6.9023937545625715,8.9868022235908,-20.55429271592925,-1.5526796137589998,,,
663,0.7615463276674278,2.7867679160159993,3.818564932497499,-29.76031172068667,,,
664,-11.789141613848285,-15.032395253777802,2.28166899337,13.930694400967667,,,
665,-0.269968630454858,-0.780423737587801,-32.4363634728375,19.702891500847,,,
666,-13.432341541989713,0.36527387418219914,3.4774608790852497,-22.104616623469997,,,
667,-12.587662583324143,10.774255497822,12.23217426562275,7.946236097946333,,,
668,-10.806845306554143,-8.6343838742896,-36.101301692715,14.74374457042,,,
669,-17.563543111388714,-10.9448053453518,12.52549825265475,-0.06427682696333292,,,
670,-2.3556478474780005,15.3637305968986,-12.372299764899001,-23.233629682593,,,
671,-13.913755901384144,1.2562577440200005,-6.17479370248425,-31.883499090906337,,,
672,1.2166371653760002,-7.946348831237399,-2.9977281010825014,13.242772537290998,,,
673,-7.286961828174285,-12.0603351260054,14.753600524559996,3.346190480366666,,,
674,-2.1446926884969995,-9.9924575084922,-13.4425340148575,-23.269053707856667,,,
675,-22.642758021024,6.0644502523121995,15.4621623891125,-13.72985862553,,,
676,-11.119789659597002,-0.09598887941399994,-6.174365552746751,-8.221345422313334,,,
677,8.545350579270856,4.182380563739999,-17.07576269185425,19.702891500847,,,
678,6.881826656663429,-5.2248877354194,-2.3030934023822507,-3.6315840949690004,,,
679,-14.974533140286141,11.7276322358038,-1.719016562992251,6.059307684793333,,,
680,-8.894166190310715,2.9696617432381993,-4.15045273555225,-9.522053886907,,,
681,-6.5861439764001455,-15.754713285177804,1.5195421957699997,-5.506226210226667,,,
682,-1.2586302790895714,-9.497770600434,15.059565551042251,7.405440771026334,,,
683,-10.356285202202715,-1.9417198645614004,-5.8675431086642496,11.288996361857668,,,
684,-4.173318587048142,-17.1923203872016,12.745758789927251,-15.181121309496667,,,
685,-18.251627192327145,15.997772706248,1.2065061762174993,-1.5526796137589998,,,
686,-19.694891323075858,-26.783852890913998,-23.0067274201175,-5.285395800523001,,,
687,-4.168788066666429,-7.864243185157801,-4.32871881852525,-36.64981092061,,,
688,-0.11778173163514286,-8.8553290038922,-1.7498711108795004,8.698149156068,,,
689,2.182404430285856,-13.9796014573916,-7.854814834115251,-2.1246142384260005,,,
690,-2.1639154070305713,-15.114671265250001,8.94197873846325,1.018170374824333,,,
691,-11.827830643022716,-0.4297217131518007,7.268384325397999,-37.540851926769996,,,
692,-1.5704727172741433,-19.5899890282838,-7.527637946552501,-11.027596080710003,,,
693,8.257383602010714,-16.7490560235858,-26.94377739323975,-5.439948071900001,,,
694,4.962902717282143,-19.0656483669574,-3.7894235065195003,9.397784215073333,,,
695,-6.633037107936429,-2.006169789532001,-6.00531307506675,-2.899095648426666,,,
696,-17.407193529581,-10.88686881248,-2.0174830057327497,13.293052504295,,,
697,4.382805973283141,-6.372469951454001,-6.0428086027450005,-26.971487641766668,,,
698,-13.99321567394143,-4.3726421456221995,-7.495714142444747,11.353846092026666,,,
699,-13.187349244318428,11.811622635231998,-0.7012761263212499,-17.122899601856336,,,
700,-0.7376699521141445,-17.441719556308,-12.59513125049475,-5.628785120629668,,,
701,-3.295459321608143,13.24168759312,13.8359195199805,19.894869556680334,,,
702,5.128802866811427,-10.092731313619803,-20.688206539385,17.662838975997,,,
703,-0.41884925224828606,-0.30476456788360046,4.069035184093,-22.567420119796,,,
704,-10.595523268572427,4.702778073146,-15.5907170369275,-10.763055387619668,,,
705,-6.458812231355572,7.3114508684966,-19.18409182196525,29.105531260646668,,,
706,4.87915729431157,1.8119646084807985,12.601989322922499,2.779397628106999,,,
707,1.9219857505101416,-8.3155630253416,-12.45907537387175,17.18775092108333,,,
708,0.5809547254005708,-26.5596502453058,1.9641338608457506,17.288881721407332,,,
709,-3.553919361092858,-6.329961270220001,5.299324244837499,8.726146452820332,,,
710,-3.926978439666858,-13.580219134003801,2.02434163722225,-4.908581729625666,,,
711,-8.670478325375287,-13.4264654294434,2.64441324395525,-29.219516393766668,,,
712,10.743916129941427,10.2089483888202,14.46906143402825,9.508343006156666,,,
713,-10.375263050764,-17.497084656336202,0.33532004339074994,-3.7381440886360005,,,
714,-1.7314748284910013,3.443264303369999,29.03411085297,8.340761187586665,,,
715,-19.403373305310996,2.0455951951501996,-6.0766620623367515,-37.41315223785,,,
716,4.852588796167427,-18.3596144866722,3.028154535335,2.033482144926666,,,
717,3.296808192435713,-6.2610548608959995,-14.746527818202752,-10.733915364346666,,,
718,5.481414877006285,-25.3690424376062,-9.499699175065002,5.661353918640667,,,
719,-5.386281233935715,1.5462808410083997,-4.954147514897251,-27.112614367333332,,,
720,-15.470271860440999,12.250772437948001,-38.94669147993275,10.097418528666667,,,
721,-31.412653957957,-1.3399030904080007,19.62954299063775,-24.91343767112633,,,
722,-2.046500043833715,-3.0111406300182,-19.139311599059752,-11.694377006766667,,,
723,11.365273463743288,5.8189928933768,-19.84508806771175,2.779397628106999,,,
724,-9.142097353563857,1.5946183220082006,17.697121020155503,-12.214032389959668,,,
725,-13.00687986406143,11.824991939216,-22.41922333292975,19.702891500847,,,
726,5.697145532824572,8.557250876416399,-11.813505936182501,5.793052404978,,,
727,-7.413192616749716,6.6767235704844,-13.277124350682751,-9.135240958933334,,,
728,-3.302193245760857,21.142098817559997,3.0225843025979993,2.824535822703332,,,
729,-13.340760173518573,-0.5651345079402006,-2.1434680458117508,17.842247040080334,,,
730,-9.64848791737714,22.6806655097062,-11.5514653921875,-2.405724217622,,,
731,-18.12747833092986,-12.8532729111014,-0.15169534384025007,-5.212545493863334,,,
732,-8.089400823646999,-11.4437773287868,-5.7844097541272514,-5.203118993936667,,,
733,-8.436626972375572,-11.0349661698362,-24.5389092396275,17.400868920643667,,,
734,-0.3111065722997147,-5.427664407810002,-12.82781893870225,8.828135291926333,,,
735,-13.876780749015571,-3.942405758866002,2.47428983287325,6.382985717797666,,,
736,-2.2602716334130006,1.1179296548487994,14.9732182781625,-26.886926376019336,,,
737,-4.720479894238572,-2.3741856116180005,2.4185809831155005,9.481774614499665,,,
738,-16.24442858744857,-3.9544042382720015,-32.17989278887,-1.604958358289668,,,
739,-1.2859336001171429,-4.450633230804,-10.260969673188999,-21.638097775116336,,,
740,-1.9729171505382865,10.100618063541999,1.7897252253002498,9.278654975073334,,,
741,2.406337910607571,2.713405618668,17.564492950393,-4.492914211535667,,,
742,-4.015377030978143,-6.982686958215803,-19.36814221254525,-12.27573788289,,,
743,0.10100969230899816,-11.154952007481802,3.8078516849924995,-5.203118993936667,,,
744,2.0013229815929994,-13.494342937648003,6.8750012789825,-9.820876872616667,,,
745,-12.987044970607,3.4787465582359998,-11.984058242419751,-4.952289776763,,,
746,-5.169326547734144,-18.0385657682556,12.675694997288248,-3.426751111169667,,,
747,-1.331724497328429,-2.827390205152001,-0.8842553971424998,-16.810649331023335,,,
748,-8.954771294707145,-3.9021247980218,-2.348945117755001,15.707062283734667,,,
749,-14.054433698675572,15.080048737610198,-26.54246574980275,-10.209689572006669,,,
750,1.0411879389531422,15.519884325324,-5.895825217395251,-13.177065167059334,,,
751,-6.351314208401571,-13.328590455514,-6.107729194259752,4.450921346296667,,,
752,2.636760658087142,-19.9237217129354,4.167809980617498,18.900983660410002,,,
753,-26.97658948991286,9.4847456040742,-5.07349120247725,-4.411494449843,,,
754,-10.694327555718145,-23.330646269882003,-3.26362627886025,-27.46086027516,,,
755,13.789853250543285,18.1095310222384,-6.850573599912,-36.64981092061,,,
756,8.307337288698713,-9.626156074355801,10.6552120368525,-8.176778342506333,,,
757,-7.63161716169243,-4.238771137142001,-16.789294504897,17.156611623336666,,,
758,0.2261382465547135,-3.26551170308,-11.15508119782,0.9533206446543332,,,
759,4.553113675771428,-16.6321561438852,-18.82970413178425,2.109473955638,,,
760,17.05445967957014,-13.934178376278004,8.1136454093025,-18.88526933319,,,
761,-3.9851356962742863,-11.563763166435802,-9.14702501560775,-7.9119527132059995,,,
762,-0.8853266500121423,-2.151010674465602,2.2850964275225003,9.608902940166665,,,
763,-4.937679663384001,-14.9667457641232,-0.5086549141120019,13.732717030890333,,,
764,2.7213632324375725,9.0171419109384,-11.6815210227975,-5.219117662203001,,,
765,10.464764045617429,-39.9754886156698,10.98538820882775,16.328705760614334,,,
766,-3.7446729605928573,23.473089515115998,-5.601001960862501,1.089018425351,,,
767,-3.331944627550001,15.038567764834202,-6.7344445760925,-3.1990628514993347,,,
768,-4.692687259226713,-6.550393961888,-1.5225390214767498,11.109588794719665,,,
769,-0.027914133485714285,3.9139530599482,10.99974333806075,3.8181360373439994,,,
770,8.127357435404429,14.684608522560001,2.61013107556325,6.432123206746667,,,
771,-9.768719711168002,-9.6261560743558,-11.62174158250975,-9.147810950680334,,,
772,-8.545838765651572,-5.37007099106,-7.5949170887070006,-23.46503130652,,,
773,-3.1146225299100005,-1.8897833913496,25.608287971635498,-13.177065167059334,,,
774,1.9244338112732855,-23.3863547842022,0.6230717477929986,1.2804266087563327,,,
775,5.066850232170141,0.6755230815445998,-13.636654869275,-28.814705523063335,,,
776,0.8046435487301429,-14.486800177292002,-3.0097272886345006,10.159125512427332,,,
777,-17.76837630816157,1.6251291201664002,-30.69870532679225,-23.179065236543334,,,
778,0.30963879955642787,6.3361336321951995,1.605675021072499,14.924581042653335,,,
779,-10.650129165210716,16.968461005635,-14.244728220227,-12.85138761111667,,,
780,-9.883686055207002,-19.5089127305698,-20.5251537486625,-22.613128683763666,,,
781,-8.674518253915428,3.980288483682199,0.00257236403050054,-41.24328586068,,,
782,-12.888974760928429,-3.8918404083992,9.676466770062499,13.095075134217666,,,
783,0.5041880965532849,-3.0035986349700012,21.46254793999,-27.849387292916663,,,
784,-1.531415424749858,22.2478576901086,-29.0499648428925,14.90629741829,,,
785,4.320486566128856,-5.213746449987401,4.812737007344999,-12.947663066079334,,,
786,4.540747635841714,-15.550736451772,16.76894102929375,-6.881784752892332,,,
787,-10.734609517552286,-16.7857375449698,-7.354729325925,-14.921151770972335,,,
788,-21.631935320715286,-8.871442193278,-7.9897994046225005,-7.308593109163,,,
789,-13.286643484378573,-2.410523420547401,-9.2333722884875,-19.823163120676668,,,
790,-8.211958349705428,-19.921493843466198,15.890256312719998,1.5729638531783332,,,
791,-11.321072880748286,-6.639354476272,-8.4868865601695,-8.84156024257,,,
792,-3.306601224668429,-4.329103519686001,-22.8582443925595,-9.931721345333669,,,
793,-4.805450093006287,-8.2800821122258,-13.46160345006175,-18.703004452800002,,,
794,9.899849239708571,-18.315390970240003,-18.55030749695675,23.920695096546996,,,
795,-7.217296534921286,-15.5810759900378,-22.594488640657502,-19.224087995676335,,,
796,0.5263487222759987,-16.0039411943876,-6.92663521596025,-16.119298542366668,,,
797,2.766664496198999,-21.787794949607598,-29.2586552741175,-8.042794900069334,,,
798,6.852809778294429,10.053823114266601,3.121144651545,2.7122629418363338,,,
799,-13.869434649939572,4.6035321255562,-5.41930863008975,14.90629741829,,,
800,-12.374626029606572,-5.5020554571938005,6.491901280439999,13.392470457193333,,,
801,4.330404332320143,-3.0716479994020007,12.368230142245249,7.7371168958,,,
802,-0.7477093013850001,-1.5056558707077996,15.596718437175,-1.9997698749800012,,,
803,-31.801140590004145,-2.5730195793396007,7.649769488738249,-33.661867242029665,,,
804,-10.731914989498572,-11.7569412341972,-17.63048388014525,-3.7924223561096664,,,
805,-14.862749679893856,-2.4034960996798005,7.12418670865275,-6.496970353973,,,
806,-2.5205681976684295,-3.2266020140617995,0.5847195479325005,-45.62764184707667,,,
807,7.71830268433857,16.1753524078918,-1.8844269725867502,-5.22682982387,,,
808,-11.824402995895428,2.8512184373179976,6.450121087365,-9.376927618506667,,,
809,1.7757978464730002,-14.40915191007,-31.68794902080025,-8.905552927846667,,,
810,-10.418237517377145,-5.1064444294954,-15.749270901031249,-1.7883662136723337,,,
811,3.4530347003315707,-12.346759081698,11.80450886446025,15.720204384163333,,,
812,2.5157949998051428,-8.768425099081401,3.4279665365652487,-14.504054602370333,,,
813,-3.2767266624782865,16.792595990106,12.96666173816025,-20.301678609746666,,,
814,7.2934532878215705,-9.9010962248276,-6.3854113665952505,-15.241398891216667,,,
815,1.658015071837857,3.457663402973999,-12.438077401307499,-16.810078216236665,,,
816,1.343724785865713,-22.467259990987998,4.67753798926,10.832191434363667,,,
817,-13.116337059745003,3.915496784337999,3.75835752883,-15.627926137556665,,,
818,7.061928518993142,-23.697805047074002,6.4732609267429995,-1.7320871808970004,,,
819,5.030976994663143,-9.6612956603478,-19.792808888352504,-14.629755762240002,,,
820,-19.623143889668572,8.3220786525218,-9.78423826559675,0.8530466407503331,,,
821,-3.989175624814286,1.8234502027000001,2.7678278947724997,-30.815048301243337,,,
822,4.43141244918757,7.851903377460999,-13.414680055865,-9.135240958933334,,,
823,-1.4147357363414284,-12.1186140295854,-1.4306217022147507,25.600503085080334,,,
824,0.42607446989899883,-2.8380180090614004,-8.79413715399225,4.653755055619999,,,
825,7.340345673943284,-1.7104895999217988,-5.93353556535425,-21.939778322556666,,,
826,-2.9876577703568574,-2.5332526963438,-10.58836063561925,-27.112614367333332,,,
827,2.6431272772871424,-1.3515589009379994,-7.127184652485,-1.8020781865333344,,,
828,-7.619251015272716,13.0270837012198,-17.93366257896,-2.748827607622667,,,
829,-4.339952601069429,-1.3611581018958012,10.353102780615,-1.8120782859666658,,,
830,-4.106590881520001,-6.5999304112342,-5.938034491976751,-5.974744829991667,,,
831,-6.300136171868,-14.828247309557398,11.87842898640525,-23.954403939913334,,,
832,0.3087819676399996,-3.7848810567813986,-26.5902461888925,-16.81007821623667,,,
833,-2.3206311224215725,0.7937957239039996,6.5096858937199995,2.4351512631103334,,,
834,1.5097470509175708,-11.38755443845,3.7217186733357495,-6.02102550264,,,
835,-13.249423887992284,-1.0958168542159992,-33.90898179047,-3.6558675305233326,,,
836,-2.423477361378286,-14.3071631206578,0.9856028552782496,-17.365728739483334,,,
837,-2.2879418334424284,11.999315466603798,-14.99271452252125,-6.737229847753,,,
838,-7.8692632537982865,-9.919436538267998,-17.4269357182725,-7.308593109163001,,,
839,5.234953359521856,-15.3877262151294,7.686193896653,-23.466745396303335,,,
840,8.29142084719014,-9.6025016353334,13.714433406525,2.9188107608366667,,,
841,0.9966221370014284,2.6535837361142,-34.10417376465,-1.9517761064356673,,,
842,-5.918139445906715,-2.9350353417658015,6.531326090892749,-14.383498196576667,,,
843,-2.0613144639941434,-13.617071318947803,0.020998456503499963,-27.981943569563338,,,
844,-20.189283577862426,-5.909495046152001,-9.64968221753725,-14.53090991802,,,
845,5.005510198406,0.19472119523819983,-12.2801668799375,-18.310192459059667,,,
846,-11.272098780424287,-10.4285212041822,-5.9168231899595,-0.33481782818300115,,,
847,0.42766623118471386,7.204491964128198,-0.4883012160490008,13.784710839203663,,,
848,-5.560873841419571,-15.567706089722,-6.0055273362897506,-10.466517854952334,,,
849,-6.352783747680858,-21.865785885704202,12.51671316980325,-38.07993316390667,,,
850,-7.9088092213812855,7.3210499203724,-14.2245874789075,-10.748770809143332,,,
851,2.9864347610934265,-2.9218361050096,-21.465331995305252,-14.204947425859332,,,
852,-23.685782293649716,0.4664048732849996,-10.260969673188999,-1.0195969454520004,,,
853,-15.339388755428573,-5.106101164288001,18.03972434306825,-32.59513054215,,,
854,-24.362235370517144,2.837333117399,-17.194891000087,-4.9774310026226685,,,
855,-8.217590678460144,-14.347959202939801,12.1248293928855,-12.557706894753336,,,
856,-23.692638546298287,-6.354129936178201,-15.83411797264175,-13.142783619849,,,
857,9.909520964564573,-3.3267045592919997,-1.188934856287501,16.32870576061433,,,
858,-1.0662854507452864,0.34384715554599976,-13.560163799006752,-4.746314563386335,,,
859,1.4179205995005706,9.4820030604182,-3.927193286572502,16.728946222176667,,,
860,-5.683308080589714,3.762599677418,-4.16716622907425,1.1658680263699999,,,
861,-3.7217779379394287,5.825335323746199,-1.9966996670974995,-19.958860901373335,,,
862,2.0134441515557144,-14.9832008769694,-2.7455418961625,-2.21174564496,,,
863,12.511999209920571,-7.239286497080999,1.0848048697730004,0.9681763379233331,,,
864,2.6079885431985703,11.253343592512,-6.8604299888770015,-26.113586947126667,,,
865,-12.585703517084285,-1.063934784232001,8.905983039350499,-9.62318518417,,,
866,-3.172657245042572,-8.850873264951801,-1.3869116673017508,-17.167751617879,,,
867,-10.130269475237144,-28.202605005312,-17.144753873899752,-36.49925670123,,,
868,1.0575941203977144,-17.315048768501402,-15.315606558330002,-22.218603594123334,,,
869,4.886258629905854,-0.967088860505401,20.7201322431385,3.755000893903,,,
870,-13.647704679877146,1.1571833544922008,-20.035353151883996,-17.365443306325666,,,
871,10.529409610991857,-7.4432627341534,11.00038649443825,-10.799906578677001,,,
872,-12.876487137914284,-8.177749908524001,-7.195533609922,-0.1396967774700002,,,
873,-5.754076034122856,-5.516626114859401,-14.260155400989502,-11.008169729820002,,,
874,1.8591764969290006,-0.5464513765416015,-5.735558008925,-11.734942555970001,,,
875,-9.320974759560142,-9.782309802781201,-9.13288414759725,26.011027588401003,,,
876,5.1520647684677146,-0.3417889072233994,-20.221545036567,-16.156438396720002,,,
877,-7.14726351076,12.546109809602601,11.44969227912825,-8.90726701763,,,
878,-10.333021809714285,-6.462974786559999,-5.096631414564251,-3.0039422977296675,,,
879,-11.776163611968428,12.9376077672346,-2.3423020880727505,-5.240543039085334,,,
880,-18.668518953771002,1.7194040582982004,3.9550491452132497,-33.89755309652667,,,
881,-12.966353777673715,3.0375395496128,7.573492866050001,-22.613128683763666,,,
882,-7.045030937559857,-6.1009593222994,-23.382326225957502,-19.570047953516667,,,
883,5.869533778148999,-15.667466115161801,-0.11334351669000142,10.356817200874,,,
884,-5.3490611051081425,0.21203439655780015,-11.388839446727502,-8.042508721493334,,,
885,-9.875727568234286,6.2655131330852,-2.32944678739725,-20.87189964157233,,,
886,-4.257798619925572,-16.7651692129736,-37.529996645984504,-15.57079130225,,,
887,-9.479649860655858,-9.8387033566796,8.47810337696275,6.052737752704334,,,
888,16.467384034962997,4.045081972024,1.2808544479034998,3.4421795082833326,,,
889,2.672021933648714,3.4446351279463996,-27.34787405986925,10.159125512427332,,,
890,2.494001998501571,-0.49879953145560024,5.50008626539975,-21.570391228639,,,
891,2.499144161365856,12.654611692942598,-12.999442178347252,-9.184378199413334,,,
892,-15.782971024050713,-10.3988677490774,0.04906649036499999,17.288881721407332,,,
893,-2.330304444595143,-8.485086952252201,16.977846280804997,8.340761187586665,,,
894,-13.926244482788288,-17.2701400634058,1.9375654691902486,-1.7060891586166675,,,
895,3.0987075354714273,16.7608851800162,7.48928820540225,5.208548533973999,,,
896,-12.045520791036575,-16.3743559967574,-0.8497591538792508,-4.9774310026226685,,,
897,1.5959405346507138,-3.8429887004658005,-5.810120914535,-4.721744452313334,,,
898,-7.3269983875992875,-0.4559465414358005,-17.298165841354752,-28.775852821283667,,,
899,-18.92159196042571,-8.550564734756,17.392869710748,15.039710739826333,,,
900,-5.808560134704001,4.0990749057286,10.137342660795,-16.790936056150002,,,
901,-1.8319944832780004,-0.9175521129910003,-18.72128758022525,-13.210203739279999,,,
902,-26.61197821230129,9.797224171736,0.8150509217507498,26.82407775785333,,,
903,-17.778661059841287,-16.674836681345603,-8.446605450242501,-36.301565012783335,,,
904,-8.611463704412714,-2.9377775872540006,6.2900681401175,-20.332818404435667,,,
905,-8.333413854415285,-18.20071910909,-15.083559790252501,-20.692491577493,,,
906,15.29898729651414,13.164381994768599,-23.791994802511997,-32.945662896916666,,,
907,12.073069896665002,9.042338583516798,6.143941426951001,-4.524052763866667,,,
908,-15.261520424693856,-15.815219760062002,-6.711946961319001,-18.719573987386664,,,
909,-6.139623800585572,17.7593424793222,-15.242972190079751,3.1387856164763335,,,
910,2.707895597110571,-26.5617064076314,-8.60301521128175,-16.406695256743333,,,
911,18.030878681651856,0.43829335357439947,6.143941426951,0.07484963024366564,,,
912,4.077331219178713,-18.737400620528,9.641113668262248,-24.571476262233332,,,
913,-1.7382084331815708,18.275969438452,5.8866138844505,25.813050218323667,,,
914,-5.510063109841431,-6.669179936685799,-1.9088531247192506,6.02245574832,,,
915,-18.705004153228142,-11.082103937067803,9.17680941161,-4.844874725976335,,,
916,-8.359125627131428,-18.1856343735742,4.909797155022749,-27.61312982668667,,,
917,7.1271861527999985,-24.7742535806474,9.83630526973275,1.2298604631736658,,,
918,0.2698479620060003,14.063593495570199,-11.8321475943575,-23.413609109935667,,,
919,-10.994171365410997,7.8412766171318,-25.015640647219747,-8.58158995863,,,
920,-10.578627347188574,-6.357386706770002,13.846846842357749,-17.167751617879,,,
921,-6.849257610181143,-5.177064034106,8.323192512712499,-4.013540683690334,,,
922,-5.0909685835498575,6.4890308881965995,-20.7139171407325,-11.040166072457,,,
923,-12.793352931478285,-7.517997794161801,8.165281245927748,9.397784215073331,,,
924,10.759342618534857,-5.438806140488,-14.9352910239175,-18.407038531865666,,,
925,-19.078676578090572,-8.0598211277016,-17.69347723877675,-15.921606853920002,,,
926,-13.926856338248715,-25.9463481750958,8.822635609945,-3.084790199219,,,
927,-4.801287516505286,7.832020234128597,-18.91905106178725,-2.805964927652333,,,
928,-3.006512012565286,-4.842988382412001,-5.67642209772225,11.940636409963332,,,
929,11.309320569299144,6.9722320529504005,-20.43880647578275,-7.682264185176668,,,
930,12.240805825547856,5.593076307068399,-4.304507300325,6.382985717797666,,,
931,-2.0866585058039995,0.8801856999481998,-9.07781845421625,-3.955832248873001,,,
932,-1.2789544865312865,-4.2992786556096005,-2.7588259056350006,-2.1806063472133332,,,
933,-7.079680357660714,2.3316776746383994,-11.73830024690275,-26.554679384933333,,,
934,-0.01824208916814309,-4.9700025845056,18.457533914323,3.346190480366667,,,
935,-8.47898937055343,3.5644501529465984,12.36844440346825,5.189408361663333,,,
936,-11.603529751259572,-8.2053473503832,9.4844881551685,-4.333217683029667,,,
937,-10.283558182427143,-19.6249558635476,-14.596546080207249,2.909668451706999,,,
938,-5.75297411926143,-6.809392331949799,-15.09448916252175,-10.534510331532,,,
939,3.299868428124429,-5.7134033239218,-3.6572241455599994,10.571935717263331,,,
940,-4.4692434123552855,-19.8244768089316,-3.1682800346100004,-1.2481417530696668,,,
941,2.5031839834175718,-11.149638925482,-15.083559790252501,-1.998055785190001,,,
942,-0.8646349246427147,1.5471381840678,2.08647683283825,-9.236942625573334,,,
943,-5.216953863226572,-15.677921168346,7.048552869635,-3.066506574853001,,,
944,-19.517360169473854,-10.1234135207558,-9.44184901755675,-3.282767569296334,,,
945,-11.363067973972717,5.8767574209404,17.58827650521,-10.685635168753334,,,
946,-14.612492571397999,-12.845216689113602,1.6753088004332497,3.508742831293666,,,
947,2.7820909847932853,-9.838703356679604,-9.98007302344725,-7.119184945646334,,,
948,-10.983151684357,8.197806248668197,-9.53719507544975,-23.80813494499333,,,
949,9.816715565710572,-5.896467963792201,20.32931995869075,7.537139008891,,,
950,-2.446372384032,-9.263454676011401,9.8005234591335,-20.088560610183,,,
951,-8.153679616507286,16.644669743562197,6.156797286687999,-7.177750922299666,,,
952,1.6592397411471416,4.4223522390321985,12.915453678565001,-19.647467675437,,,
953,-6.404451098199857,-21.0459368909978,17.700120304568,3.5618801115496646,,,
954,9.725746585138998,-6.870414524602,-16.90435371343475,7.212890854986999,,,
955,-7.33067165011443,-9.656323756388002,-24.18087929501175,11.562964548757668,,,
956,-0.15145103293442785,-15.767054284373604,-11.456118588882001,7.737688010586666,,,
957,-4.9782055367938565,11.305279916641,-22.14818158132,18.023083512313665,,,
958,3.3907150802005717,8.075592392468,-4.98242925091925,1.1878645180466663,,,
959,-1.3041767322851434,5.288139585372,-9.8403752650925,-4.908581729625667,,,
960,-9.091531598442856,-1.2075749118158003,-2.2146033309175004,-13.597873712143667,,,
961,-5.535407684091287,10.0985611558022,12.26966997965275,5.304538058836333,,,
962,-21.040696354191283,10.8628736415002,-2.1546103748242498,-8.380470339086667,,,
963,-5.173489869649858,-13.723516443631201,17.46871837005275,-13.72985862553,,,
964,-8.718226904484002,12.7005492991604,-19.80523641199725,0.625643565767333,,,
965,5.547652842597143,-8.716317067808001,-2.0429806503342505,-9.75945432813,,,
966,-6.254713325026571,4.824821414865999,4.404783452347749,-2.3103060560230007,,,
967,-19.916620547724282,-21.024509874196,-8.598730545880002,-12.442863376153001,,,
968,-16.581614215534284,-20.933836164525797,5.3983129298772505,-16.56610585514667,,,
969,-17.582642649517002,-6.054678898123001,-5.619642314556751,17.482002503763667,,,
970,-7.111145509772143,-3.784881056781399,2.0288398184302494,5.943036006510998,,,
971,-18.078871429071572,4.535482761122599,1.6174592019854988,-6.273853000396001,,,
972,2.535629786771857,-5.114671613212,-0.9485328322777504,-45.08856060994,,,
973,-3.834295475797,4.086048568783999,12.194250029148,-23.153924010683667,,,
974,-3.416669317421286,-15.645354356947601,-15.47480078350025,-1.349272801866667,,,
975,-3.4944164910238578,2.7156336372201997,2.9823026336099985,-16.436120961649,,,
976,11.383882942471857,-19.9010964731998,-9.064106295002,33.262770350636664,,,
977,-13.578284150107,-9.7416857258118,-23.188420750890252,2.3071656440846664,,,
978,-10.502839772263858,-8.422522376959602,-5.3550306358895,10.159125512427332,,,
979,-6.858562030081429,-6.423207754482002,-6.73508586892975,21.803508531407,,,
980,-21.872641967972715,7.653926305550199,7.939450848627749,-23.076504288763335,,,
981,-8.274890357735286,-23.177407239506202,-1.0275965280547492,-2.180606347213334,,,
982,-6.766123936180001,5.0839913429902,1.354988272010499,7.244030152733667,,,
983,-12.208603764554427,-3.5121692230280006,0.3816004675652507,5.304538058836333,,,
984,-10.658454211722427,-16.5577643490838,-3.7727100129999993,0.6487832809099997,,,
985,-21.069101164128426,-0.31042091508800096,1.2716408426024999,29.646612269196666,,,
986,-1.102281336211,-3.5783321942,-10.6513530624825,-8.383898270183332,,,
987,-5.103456100075429,-12.17946391876,17.722832553272497,-19.33207416125,,,
988,-13.25603537715943,-15.521425665545602,-8.66858007729725,15.399955276142999,,,
989,-7.728585882460572,-0.8445305464341999,-14.405209689920001,2.3071656440846664,,,
990,-8.61966663540443,7.118444358792599,12.52549825265475,25.813050218323667,,,
991,-21.394411450617003,-15.092388545306997,-26.39419698346775,1.3752721647316666,,,
992,4.380235051583715,-21.62907083192,3.2578433118374996,-30.009427593495662,,,
993,4.212499016212285,-6.4753160839242,10.336819859432499,3.918410289720333,,,
994,-14.287305571801141,26.388413271029997,-13.231058374085,-5.028852453792667,,,
995,-0.9724997201098581,3.521255239468599,5.548937451543001,15.039710739826333,,,
996,1.2309623780369994,1.4235526087944,-6.922350923270002,-33.89755309652667,,,
997,3.388389347932,9.827049333980199,-29.05939233670275,-32.36458546617667,,,
998,-5.622825943619715,-24.402810324409398,-15.603358449087501,-4.844874725976335,,,
999,-9.212741807231001,-5.5087408546,-0.18897716935475106,-6.379842127746,,,
