,Endometrioid endometrial adenocarcinoma,Other,Adenocarcinoma of prostate,Adenocarcinoma of esophagus/esophagogastric junction,Mullerian tumor,Cholangiocarcinoma,Ductal carcinoma of breast,Pancreatic neuroendocrine carcinoma
0,-26.872909133298823,,-40.453614178551,-51.938198365004666,-2.760650867574668,,,
1,-4.263386106220637,,-10.230733527992,-70.16826235873,-18.250521992953335,,,
2,-29.997527457324352,,2.8375559423534993,2.688122158052334,-18.231735430961333,,,
3,-22.199186376114543,,-2.9167402485787233,-14.396343031286664,-18.056112884610997,,,
4,-20.250864307063093,,-32.3077183081525,3.5275666690499983,-34.43163549327233,,,
5,-22.66017533686499,,-34.566779632125005,-28.582599625849998,-5.5326552274546685,,,
6,-28.608737876097447,,-0.05186696011250014,-28.404865036489998,-5.902711730092334,,,
7,-5.20777212860891,,-14.45068132782525,-24.083405139583334,-30.257299348416666,,,
8,-16.89323009024091,,-10.629146975675003,4.801012649585666,-53.8540359669,,,
9,-26.573245231034,,-18.764957342640002,-17.571665448601333,-69.08923045633667,,,
10,-36.152329376747545,,-16.420886292610746,-33.304771587951,-2.017410071274334,,,
11,-51.18281584235226,,-24.713350805337498,13.665250101531704,-26.31016176371,,,
12,-25.131569979446535,,-30.27473720518075,-73.05198602159668,-41.39820765345163,,,
13,-22.818960312560275,,-25.69345599981122,-51.050944731398005,-14.396343031286664,,,
14,-29.452047065010273,,-40.369009934385,-34.93429002579433,6.040657365560371,,,
15,-37.00045451558808,,-23.55323826116325,6.671199864734334,-4.451476495176668,,,
16,-21.895248116230093,,-27.85697033545675,-7.516127142561333,7.685223324735037,,,
17,-10.707526640232453,,6.5241866845450005,-21.329156685672334,4.219917244702333,,,
18,-32.01615657773536,,1.2903110881540005,-20.02345992854,-44.217439702836664,,,
19,-16.32534648148209,,-24.931309646995,-18.459983592146667,7.410810949503332,,,
20,-31.659757653900638,,-51.769264700857505,-18.347158055355667,12.182892170599999,,,
21,-22.405164716111816,,-28.570401354305748,-54.93728201606666,-56.563662724002334,,,
22,-29.614901745072277,,-21.5955257526625,19.709743644544332,-41.73707188606233,,,
23,-12.228859754435819,,0.17816394751527653,-7.434488906137666,1.3185698855586674,,,
24,-36.23099296985463,,-13.19306504914925,-36.78623732537333,-60.367378843139996,,,
25,-32.775812742441545,,8.749400791906499,-29.64658203967333,-42.590028338581334,,,
26,-12.514209447307818,,-51.51549296685,-24.247175561736668,-35.851126841533336,,,
27,-36.992103112725815,,-27.807893469866972,-11.108789450840002,-64.62436400272,,,
28,-33.66817914480546,,-14.655352357403723,-38.381359191948,-9.644087000396667,,,
29,-30.964161370552723,,-7.66840841664,-3.2279765281276647,10.731651966247668,,,
30,-23.262217806046092,,-23.83000686986575,-42.57388555687667,-36.835091080173335,,,
31,-16.374971574788628,,-7.38928425929675,0.6423352762966678,-2.696248705326667,,,
32,-25.166300503526635,,-11.537485530279998,-19.47402392811767,-29.066535202101004,,,
33,-33.50542693279673,,-21.824345341732503,2.8825362362123315,-48.344460674112334,,,
34,-32.08544524553137,,-16.420886292382498,-42.21735290269,-7.756196576698002,,,
35,-35.738950682651,,-6.906664594597501,7.2829408935219995,-15.091292661916667,,,
36,-29.83097036526937,,-5.999091578547749,-27.856982525892338,-62.91377085122829,,,
37,-23.241250411963364,,-4.101804937532501,-42.15342781376099,7.282940893522,,,
38,-16.99868917049408,,-26.69724091025825,-62.8035642474,-50.13407312868333,,,
39,-23.710735258237175,,-61.658509371132496,-9.464203613913336,-41.607676189678294,,,
40,-8.641704692529725,,-55.7810126501025,-23.891632874871004,-48.69842905984,,,
41,-30.79815806860518,,-26.8656614974675,-32.51575813481,1.9625119950553334,,,
42,-35.78318923578444,,-28.81249237127622,-12.543384953054668,-40.34983431532,,,
43,-43.809743276354,,-24.50910319359025,-60.64339336915333,-46.05382865618767,,,
44,-17.926346663551715,,-40.06612033668972,-37.20568232238667,-81.38708673489334,,,
45,-29.249738072950276,,22.7969516484115,-8.803598891977666,-29.147067204579997,,,
46,-4.869816780276626,,4.300206258319249,-38.993706500866665,-11.963817156096667,,,
47,-6.874549948871274,,-6.5078747062407505,17.180549922733334,-85.14144220921,,,
48,-28.05476080696317,,-47.23549721588,-39.14080540549333,-51.79214605955667,,,
49,-9.524553042360635,,-30.564764584629724,-40.7354919226,-42.49283569080333,,,
50,-7.797233992798183,,25.39636728319925,-11.818818387396668,-16.832054364284964,,,
51,-34.929377211879455,,-8.4659949482375,-42.0567549973283,-23.39266468620433,,,
52,-36.27976881308345,,11.09497387728425,7.7668715001890005,-27.534720237703336,,,
53,-18.972670430584444,,-11.427133786111,-19.136730061621,-19.360711378981,,,
54,-20.567273002421544,,-59.8208561940575,11.119426586123332,8.281470610496667,,,
55,-27.22376754663155,,-26.70695742730425,-42.81349479404333,-63.158086216659996,,,
56,-19.70243966423491,,-33.76997579933122,38.74813442237333,22.482763752590998,,,
57,-26.621743515437448,,7.9638565097167495,-10.642025345630001,1.7541119041156656,,,
58,-28.780399064848908,,-47.900166700110745,-34.141542501267004,-29.017679479778,,,
59,-25.443872913366,,1.858715722702498,-32.32241053419,-46.877662123363336,,,
60,-20.866809786514363,,-48.588220680934995,-21.37748367179567,-17.9599370195463,,,
61,-28.103092104687548,,3.98639705462175,-72.79574398899,-61.287410021346666,,,
62,-21.86507574884681,,-56.120962954565755,9.297618019676667,-30.806720440661,,,
63,-36.48091793188072,,-57.945733801495,-71.53683066764667,24.450105827316666,,,
64,-9.648013044210455,,-9.7473609823075,-30.178344648990002,0.3506738857166667,,,
65,-29.523205258157088,,-17.25318170837825,-16.300286785532666,-44.57349031466233,,,
66,-16.492035576318816,,-45.07118457366825,0.2873034147200002,-9.787531346082334,,,
67,-6.099988909066088,,-34.1071590941225,-18.361210639554333,-27.518637090151003,,,
68,-33.774213418119366,,-8.47771441205,-25.358938315563336,-70.15265131519666,,,
69,-9.609339934018454,,-15.318820928503499,-33.304771587951,-38.04460400035333,,,
70,-13.829571535089263,,-5.794888691905751,-9.836379096824334,-26.051803753118005,,,
71,-24.67837292830645,,-5.166065644082503,-25.73008510898333,-18.975088558611333,,,
72,-27.070106715436907,,-13.31314449183425,-7.434488906137666,-25.293964659779004,,,
73,-34.49432581961982,,-3.71511615676825,20.773726058367668,-68.15468049302333,,,
74,-25.087502733622454,,-36.028257376407495,-65.68624431284768,-34.918677014759005,,,
75,-10.522238926789727,,26.182660719469,17.277232677817665,-14.96187708748,,,
76,-13.675482422205272,,-28.81209356785122,-27.34035088508467,2.8825362362123315,,,
77,-21.25848243611855,,-47.4667044225075,-13.060030468084333,0.9323507234653338,,,
78,-29.50066515427891,,-35.7514626779125,-96.27916805834,-5.467144863590001,,,
79,-26.99100292476946,,4.7118770011687765,-39.35024112295133,-69.15211691706999,,,
80,-26.845550369009178,,-38.61635235057,-8.56242125645,-24.92339432955767,,,
81,-26.20296337240427,,-10.72702715034,-24.11616777592467,-31.305700536165332,,,
82,-23.773268555684446,,-18.668655997340004,-33.85308944824467,-37.174496989771626,,,
83,-23.966186358567448,,3.7809470537142484,-33.40195626422433,-5.644924178871001,,,
84,-19.65849386081408,,4.215210665005751,34.68448692417667,-22.82763555250767,,,
85,-33.782146026572725,,-68.36672718164,-33.159759878540996,17.390545226954334,,,
86,-22.678346210485355,,-3.653912093583501,-22.392590484943337,2.5769117128999994,,,
87,-34.46810092290891,,11.2154409420375,-24.214425867082625,29.15721339225,,,
88,-39.80921765228073,,6.089923072967499,-61.914235325190994,-59.33561738845333,,,
89,-22.998833024099454,,-17.4831790719725,-43.233515220319994,-34.86667559064333,,,
90,-11.934136491699093,,-24.157490807527502,-9.270825162183336,-24.327176860873333,,,
91,-37.329610950444355,,-18.47489044084925,-9.384125804940334,-29.662133449108,,,
92,-27.060753475469998,,-30.7211019239525,-13.124465449403337,-27.502509217287667,,,
93,-15.086110332748547,,-34.069733128505,-80.82264100174666,-11.013172138974333,,,
94,-15.464455447482628,,5.050271615029999,-75.825519957,-29.759899558323337,,,
95,-26.98632197047364,,-13.060162910487504,-30.22562006619,-75.42162046654,,,
96,-38.2185747215199,,-30.963154193976003,-73.84410542025667,10.489450611353334,,,
97,-11.595480978593363,,16.087977229704,-20.650812000774334,-33.01473522803334,,,
98,-26.99115743146509,,-5.541485944620001,4.751635128476667,33.653242298836666,,,
99,-41.38357820911391,,-23.66241223104275,-33.25748322973333,-36.97904925284,,,
100,-31.267805271426457,,-50.86174386446872,-7.242201779524334,-63.25527089293333,,,
101,-16.774576014167994,,-14.209001771205,-22.054727092190003,-66.76686645908333,,,
102,-11.028442017571718,,0.7102644839949992,-23.198775408894665,-30.77397271307667,,,
103,-25.144026042723453,,-41.987587605243505,-49.87574887013667,-61.96467135234667,,,
104,-30.925024203757634,,5.5702986093875,-16.283656991782337,-52.74122267833667,,,
105,-23.77708481469818,,-25.897307059915,-26.840789356549994,-59.659990685493334,,,
106,-32.70139450877972,,-46.111219926706,-32.580221898733335,10.667249803999667,,,
107,-38.49939661140617,,-3.93224089593075,-45.393184177756666,-24.10108847029134,,,
108,-25.49646529788199,,-28.8725097295775,-37.04508338278,-40.285359578277664,,,
109,-18.84053213874117,,-35.207668767686,-23.98776101232666,-19.847285766253332,,,
110,11.932491857587818,,-26.163178425548722,15.954901157958668,10.942203856603333,,,
111,-20.418007716743364,,-22.381011876497503,-29.08055600177433,-13.123908863644667,,,
112,-19.935056273841457,,1.3874115159115004,-20.37795808470667,18.969561066239,,,
113,-32.81988973008673,,-22.210668863741752,2.9470030020533335,1.5279887266533336,,,
114,-26.49413438177427,,-44.744481082646004,-41.67055571336163,-22.924328246998,,,
115,-18.97151976252617,,-15.586675129643497,11.119426586123332,-79.21183655101333,,,
116,-33.980760738502724,,-4.2094083078275,-24.762776546142334,-37.23841710888,,,
117,-20.897724588152457,,-13.640620975675251,-11.479357813615666,-30.920032989797665,,,
118,-34.965543303648275,,-21.037261753127495,-40.57592270619333,-14.979023710805668,,,
119,-41.04960093970582,,-34.856404480965,-14.606333366448,8.84640532306837,,,
120,-26.66114036746309,,-42.508442023350746,-39.05968099665,-77.98622257314666,,,
121,-13.820646831321715,,-53.327810104425,-18.347158055355667,-33.85155883816666,,,
122,-42.04670268063219,,-65.69404139628,7.700857248369999,-16.477519454080333,,,
123,-28.041418899873637,,-60.413391527865,-35.78665013674467,14.890898866080997,,,
124,-25.28934360309527,,-71.112322361395,4.783339258266667,-54.70910642996666,,,
125,-31.958302879077277,,-58.06777224123,-19.023947282621002,-30.062880301109,,,
126,-29.78657242107546,,-19.226545032148252,-6.3549481459176675,-41.80049805586666,,,
127,-10.105609679427635,,-4.83901778130325,27.513184140778662,-44.330235422639994,,,
128,-7.3803428862379095,,-38.1438368252775,5.590041011266666,-31.498007540470002,,,
129,-40.52961845503755,,-26.683962028032504,1.9952975112233322,-14.494047538973668,,,
130,-16.857646786644548,,-29.22374047203,-34.67542212273667,5.4928463958917035,,,
131,-36.064287865669456,,-57.016037535475,-21.215844136535665,-36.803908749016664,,,
132,-34.14715519180818,,-11.017056781281223,-12.302212286741002,1.4807431265286652,,,
133,-25.205703595569265,,-17.2059907729035,-35.96548298818,-14.334018125612,,,
134,-43.27845322248573,,-33.9368123541725,-21.215265705208,-29.695427823048004,,,
135,-21.811475005009093,,-6.361663092935999,15.164829198632,-18.247366352517666,,,
136,-30.864217586225354,,-48.167230748850756,-3.693640403530001,-16.34760496044667,,,
137,-30.89896330107673,,-7.861376366755749,-6.193810531164668,-68.39533436217,,,
138,-30.19910485778254,,-21.5105189780025,-20.539084725966667,-2.2923462128866654,,,
139,-30.995346982193443,,0.8552662541557483,4.317131737673333,-42.848901210773334,,,
140,-12.857835416999626,,-18.4760734179225,-43.233515220319994,-17.234858594053335,,,
141,-23.276263661626636,,-60.3997250238525,-23.39266468620433,-58.594969643764955,,,
142,-28.31374408558491,,-7.0025432981360005,-41.23446901582333,-11.463808371623331,,,
143,-23.412053145383997,,-66.38482138828,-16.283656991782337,-12.268895032893335,,,
144,-21.83431138781191,,-37.951308677285,-49.666807102283336,-64.5760102012,,,
145,-12.000347268708625,,-68.62090144606,-40.17048463454133,-24.616161651795665,,,
146,-48.10470266102182,,-23.360312785395998,-3.0335306654423335,-19.217836560235963,,,
147,-21.679624041492275,,-58.248660670825004,-53.501662794770006,-2.0990135211090006,,,
148,-34.617669264051,,-52.881435679730004,-33.466398182498004,4.043772899491999,,,
149,-23.970579984637542,,-19.769543587391002,7.685223324735037,-23.761667652247997,,,
150,-36.18280180695054,,-11.947183143222498,-47.90837004130333,-13.173343017221,,,
151,-16.817525374116908,,-23.166953486302504,16.437743441586665,-49.277996856798005,,,
152,-7.894640122983635,,-21.17218027139,-44.506409584913335,-56.67645647598,,,
153,-28.111439696094543,,-47.13922646330751,-24.682208722450003,28.641608472875333,,,
154,-9.753481611773,,-45.059496402350746,-24.213884190077664,-35.20609143919,,,
155,-23.324599844016635,,-36.6590245129135,-33.869247138110005,-0.9055956547980019,,,
156,-22.809870541584818,,-55.237147924236,28.028789060153333,-19.392912460084666,,,
157,-7.850403744265185,,-1.3936774980819728,14.664785627569001,-16.283153103150003,,,
158,-32.23983224702118,,-42.29168106752,5.831211709756666,15.164829198632,,,
159,-25.426011871837638,,-42.085860604635,-35.045983547873334,-44.04021997539766,,,
160,-36.02403092104727,,-30.60024351032925,-34.14264076326666,-66.76633472118333,,,
161,-23.469341392637908,,-22.501082389112504,-65.68624431284768,-25.906792043403332,,,
162,-24.744567978068815,,-36.632887139234995,-13.850105429479298,-71.37782000445,,,
163,-37.515183281347,,-33.6487200576575,-61.963099018713336,17.34169944365867,,,
164,-23.293393648186267,,-5.926203071344251,-7.740645167263331,-85.12636290357666,,,
165,-14.487872206980363,,-53.66774402454,-51.535886116419995,-19.700683812995667,,,
166,-21.988248422493452,,12.437213035516498,-39.50982027806667,-45.02466822399666,,,
167,-11.533810202417639,,10.684149194019,-28.647568312877297,25.996975250078663,,,
168,-33.141114657270734,,-34.20464194122925,-30.854020705659,-92.44323895128333,,,
169,-30.38012659974027,,-45.083263318225,-38.01185927453333,37.81248919867,,,
170,-35.71246175262909,,-54.126182285302505,-7.014506268140001,-10.592615005297999,,,
171,-29.170627760392822,,-45.5686276292175,-8.352930874353335,-15.670832609240001,,,
172,-16.735030076893533,,7.432147322892499,-25.02060582084,-14.49404753897367,,,
173,-16.659328353516727,,-13.9536460050975,-35.674406032911,-12.334971921024666,,,
174,-21.500031881761,,-27.2282143759575,-19.280703142824667,-51.61698567792333,,,
175,-26.93344143937118,,-23.794935677488255,-16.089247883043335,-19.877909544284666,,,
176,-22.47971523462527,,-28.5707740677785,-26.019564883662337,-35.093305658439995,,,
177,-19.508654455329733,,-48.927764727692505,-30.726677417898003,8.104195183775667,,,
178,-30.389192793751274,,21.092640412065002,-32.27404379188334,-43.217400288561,,,
179,-34.57810000397127,,-9.578581114865,-47.117801130987665,-0.4222216335843356,,,
180,-22.652105586508547,,-50.089478464212505,-2.5985054761576665,-11.109808201376666,,,
181,-20.594783026271717,,-48.965226489138495,-45.652550066286665,-9.433018281298295,,,
182,-14.316366880164548,,-38.928967395505,-23.23097845742667,-25.874054255221,,,
183,-21.363239741824547,,-72.25999835609,-15.267519521326667,-66.79909238802163,,,
184,-31.232504693468357,,-50.100787943437496,3.6237325951633323,-21.89256679231134,,,
185,-16.827027981633446,,-29.246709781125002,-6.951098008865667,-28.259803631949996,,,
186,-43.98156411096482,,-6.63964379594575,-10.223607069666665,-17.08985682366667,,,
187,-27.161956353638274,,-23.166533795948503,-38.67407308480497,-9.045243661633336,,,
188,-20.136611989176178,,-20.75933920841,-0.35718834326800203,18.373401264189,,,
189,-27.764430633652726,,-20.155864857332503,-32.51575813481,-36.302294812220005,,,
190,-18.506429643195627,,18.747372951735002,-57.772686664328,-13.800714967126664,,,
191,-13.75459355350673,,-26.417339257048248,-25.229030759648296,-61.94906030881334,,,
192,-34.050930365480006,,-39.004230087596,-15.203554676296667,5.831211709756666,,,
193,-43.730503671575185,,-16.758099404525,-40.267674280338,17.180549922733334,,,
194,-25.201608676747718,,-6.193255938397499,-48.69842905984001,-6.723948109663333,,,
195,-28.69691003465417,,-24.31379087595925,-20.215781842047665,-25.906792043403332,,,
196,-12.390874953693908,,-36.17444064871622,-51.19646333114566,-18.50725103784,,,
197,-17.385683576553262,,-18.7657534736575,-1.3578171621576682,-47.27941478444001,,,
198,-12.369903493620445,,-12.38259696367275,-23.29494330245667,-2.3573526881949642,,,
199,-29.140462988241083,,-10.55821894140325,-42.266740362897664,-16.86479712198,,,
200,-10.566611120054636,,-30.262646503534253,-50.22916564028667,-34.80275050180333,,,
201,-7.3841643120946365,,-68.23379522619575,-40.63824461016333,-66.76633472118333,,,
202,-29.394770197093443,,-47.815596000155,-21.65088423390667,-38.67144224491433,,,
203,-29.122883034743634,,-30.5647817444325,-75.03595292047333,-69.49152282659,,,
204,-30.010991343367003,,-52.28813108051,-50.77700942904334,15.278673485956666,,,
205,-23.86425132460164,,-19.576996803212502,12.747864672056666,0.5612436862219994,,,
206,-27.443333925352178,,-35.255213780907496,-22.408705417016666,-28.469279105210003,,,
207,-35.58485832254518,,-18.2336208690475,8.942576219076665,-14.897453080115667,,,
208,-25.162189320993637,,-13.31317803627175,3.0597589658133324,-16.18701399242133,,,
209,-27.373168901054353,,-34.735572157351,-52.407054635256664,2.9470030020533335,,,
210,-16.809016781653362,,-53.61942524310872,-34.851596285010004,-10.949227171998295,,,
211,-12.523579770059262,,-21.641900445866,-24.537708872950997,-25.890695955441,,,
212,-25.02112931802736,,-6.918316970273501,-65.28496572294667,-12.592192947694665,,,
213,-22.502536426822545,,-56.39930146245,-37.94740741753433,14.278074484149998,,,
214,-15.926463609832181,,15.1207782040375,-21.471534553128,-15.848113005778998,,,
215,-38.60088681784491,,-19.97460969291,-42.075468984451625,-14.042914354953334,,,
216,-10.364899824794911,,-49.6669067511625,-19.136730061621,4.218871679536669,,,
217,-46.41665605616764,,-10.9928836074325,2.785873358802332,-8.56242125645,,,
218,-34.9038692801299,,-12.538946960425752,-31.241765507850005,2.5769117128999994,,,
219,-32.138191317876995,,-12.2255268541075,-32.837505561551,-18.87944443098,,,
220,-25.499985559998994,,-19.853756482071,-30.566593339816666,-61.25307204988667,,,
221,-15.270813083768552,,-13.518992520245,-7.306134839954667,15.728768041392334,,,
222,-20.748302621758626,,-25.354670036975,-7.306638728285666,-54.43464932902666,,,
223,-28.309469727730367,,-51.89049955515,-37.12510952956233,-33.04537391489567,,,
224,-21.332485941399728,,-17.61730371081825,-3.4857720507809993,-41.024978634089,,,
225,-23.11351605214818,,-7.317940261223724,-28.451057099856666,-44.521488890546664,,,
226,-35.82614212494391,,-6.059142481294501,1.5124224087553333,29.944626662216667,,,
227,-42.17955875635527,,0.7344510902307491,-25.793511279167664,-14.510728994920001,,,
228,-15.037785529674272,,-28.66547647227,-27.502509217287667,33.52330989505333,,,
229,-30.630752263193003,,-38.4108807625375,-20.94137709620667,-0.051051960122335295,,,
230,-26.67005312795154,,-43.004661103286004,-54.646219969321,-15.542490449606667,,,
231,2.4322249928150903,,-12.90109358147075,-35.38436273632333,-17.637697611022332,,,
232,-30.775490564572625,,-28.2561888441475,-26.374079915600003,-48.81225346888567,,,
233,-25.447408902913637,,-30.988151064155748,4.783856087613333,-18.281684445833335,,,
234,-8.26802915304799,,-2.6021274594207515,-2.3084870268443347,5.718934786839999,,,
235,-28.718313023572094,,-27.9053330666625,-43.797462034729996,11.651696085685332,,,
236,-30.66649196530108,,-11.247444718162502,-32.5635434441,-84.20842585786,,,
237,-26.753698302272543,,-32.838251972181,6.461204560513334,26.368597149225668,,,
238,-20.45388213246,,-7.148353856755999,-57.951504607206665,0.17398289400566735,,,
239,-28.718298115110635,,-61.0772671323525,-36.946316433930996,-5.097083391516667,,,
240,-19.882018270647546,,-20.94254964276,-41.91275706855567,-25.890695955441,,,
241,-29.377467830312625,,28.0082366275675,12.424030049644665,-32.338515527236666,,,
242,-26.30474308112645,,-12.29882534618925,-4.35587212403,-0.5843918724899998,,,
243,-15.45126316229717,,-49.289164446426966,-47.48939818255233,-28.969832568509997,,,
244,-36.015529105092455,,-4.803516492729249,-22.134765145514667,-42.6228128199,,,
245,-34.653110795295184,,-44.49069444019,-0.8088582346913323,12.505116670132333,,,
246,-27.786126908884626,,-38.191387817236,-33.87080456319,-13.785645600598295,,,
247,-15.868760634137272,,-43.08964924227425,8.781983283148998,4.816633632127665,,,
248,-7.727651220141004,,-26.74559323618775,-35.17493395583667,-34.52986873677567,,,
249,-11.011596648449535,,-18.32909851762,-33.145197402259,4.155468389469999,,,
250,-21.913269622372724,,-4.2222384580175,-21.635298037953334,-3.323052163080002,,,
251,-2.799172642774908,,-54.59825428156999,-36.495655353560004,-32.17528378000667,,,
252,-18.93239261956218,,2.256713982915,-35.96446423832433,-17.411037726158,,,
253,-13.424570249539897,,-68.59635035619,-10.013631643424963,24.739075709389,,,
254,-9.3321976976759,,-16.3113448122025,-8.53020526675,-75.42215220444,,,
255,-37.981126434611824,,-47.69473758636825,-35.27105018718667,1.9625119950553327,,,
256,-42.926181490856095,,9.17272988899925,-43.410735982394336,-24.228963495710996,,,
257,-22.39737687259508,,-25.112187670862497,-32.96585766021334,10.989494182340001,,,
258,-45.48928995729927,,-23.057777265154996,-61.99636554310666,-28.518172616188295,,,
259,-39.87116598719946,,-11.35464035518825,11.587219380896665,-56.805888926774664,,,
260,-13.507920218115185,,-53.328179090595,-37.56068633440667,-34.30480406528496,,,
261,-29.689478014823532,,-26.455559878337752,-57.482121568591,-36.62612446483467,,,
262,-13.507641840583362,,1.9553659428417494,-35.20662317709,-21.119159413173335,,,
263,-18.90659925177317,,-15.984647299802496,-3.9369350518813335,-12.786132954679298,,,
264,-32.70534223402155,,-53.7031744977135,19.113539117256664,-8.449096800466668,,,
265,-25.777406992677,,-71.063204497265,14.745912004157667,-70.71661997511,,,
266,-24.216385632109453,,-50.596666378533506,13.601866689896667,-13.850092488384332,,,
267,-43.73576199290637,,-14.30567210294325,-38.78528352987,-14.848549630108003,,,
268,-33.17175867673917,,-67.7028463744025,-50.341969331597994,-11.141012377801628,,,
269,-27.786396081127272,,-34.844338393625996,-4.935935838037999,-39.72088703003433,,,
270,-10.966356512812089,,-11.209224873006224,-52.30776288579333,-55.66136653889163,,,
271,-45.20336236069299,,-7.4379474127085,-4.387541467527999,-54.45026037256,,,
272,4.256648754521364,,-24.496675573665,-26.6646480134083,-45.02256912231234,,,
273,-25.10917814224764,,-31.3269049583075,-10.835363006998,-8.546818184439003,,,
274,-29.346286821294907,,0.8790689657982487,-46.053296918287664,-21.360289321090004,,,
275,-24.322847113832452,,-20.966303901482505,-0.4066006510449635,8.378627437213332,,,
276,-31.21975235125127,,1.7986536384949994,-24.10111331794596,-14.558514304511334,,,
277,-10.100939567602456,,-21.41465145615425,-61.96467135234667,-18.636691459843334,,,
278,-47.762083695468625,,-36.36820247814,-8.401821383642963,-28.469279105210006,,,
279,-15.789517500029365,,-53.2073482425075,8.76484659884937,-38.01185927453333,,,
280,-35.246919774585734,,-20.9538539192635,-11.270460771003334,-25.439009187656666,,,
281,-40.99673749092408,,-12.648472056381,2.8825958703686667,7.443598432739667,,,
282,-18.523997935041816,,-50.851237194632496,-45.006958078779,-48.956249429829995,,,
283,-32.53822132821346,,-18.20982040874,-8.690211800056668,-21.005312124451,,,
284,-16.905970771081638,,-15.65917749042325,37.32912014697333,-53.5978485990183,,,
285,-20.498112016763365,,-21.7268863333575,-33.09372771604333,-50.21306261493,,,
286,-49.89014240734919,,-44.624021472155,-34.86720732854334,-25.391149335673333,,,
287,-5.2564024158360905,,-22.8043909018225,-26.486358806116666,-2.566304395148666,,,
288,-17.573790314330633,,-32.0885966005185,-8.755740074315666,-38.70315134423,,,
289,-24.413984926024547,,-2.55458244637025,-17.154780785080334,-63.22043897195999,,,
290,-26.867681984478352,,-59.723766947635,-61.96467135234667,-6.5633631454720005,,,
291,-32.67545070017209,,-56.748539663681,-17.13872745453,-4.000880018856667,,,
292,-30.125242024053364,,-5.382418866582501,-26.567932438796664,-35.59436301014801,,,
293,-30.45069875737164,,-10.545768958900002,-53.5978485990183,-49.456814799676664,,,
294,-37.38321711533764,,-31.4457529711695,-68.25186516929666,-53.872285821901336,,,
295,-18.146063483080454,,-29.4163133459225,-32.43412983741333,-33.14417368228333,,,
296,-21.72856416065681,,-19.4662402771025,-35.498238807657664,-25.680173882376668,,,
297,-36.469453145311086,,9.15983039889175,-8.53020526675,0.27170427767899863,,,
298,-14.927489887581453,,-28.532568355197498,-43.68623668105567,-33.093195978143335,,,
299,-25.00766218459855,,-42.123259004786746,-27.422486072500003,-73.39139193111667,,,
300,-23.407229063643367,,-17.072313390506,-33.304771587951,-30.03225455534,,,
301,-1.7525872985475466,,-19.59996983968325,-9.433018281298295,-41.67159434126666,,,
302,-24.889031149159266,,-42.0020390588175,-33.20966416779667,-45.57094164723,,,
303,-2.429902672708274,,-27.99070510075425,4.737115410293332,-0.35718834326800203,,,
304,-21.618972467089534,,-35.145668573414994,-22.584879579591334,-27.840369608203332,,,
305,-10.756005950090172,,-51.538881190905,-21.586962147048,-8.966825669396664,,,
306,-45.48914440125728,,-38.85804161271372,-26.72803836238,-35.62503047917334,,,
307,-25.935620559140276,,-27.5790679021735,-65.80006872153,-15.896965726034665,,,
308,-29.087722873753634,,-12.866408535227501,-36.40054990124,-65.41443296005001,,,
309,-23.122749487218456,,-17.738145740538723,-27.64803278684,-12.88227403285,,,
310,-37.35230013973091,,-38.265878992376756,-7.595623518900001,-32.080710065556666,,,
311,-29.443968364189264,,-4.824939040918723,-81.59604641327333,-21.005312124451,,,
312,-22.906546435614715,,-60.352945549079244,-58.27217665155334,-29.485984134083328,,,
313,-40.14773952499245,,-17.7490504376025,-4.0320295306433325,-35.85271905321667,,,
314,-29.087281038855817,,-35.424802436700006,-11.915458384766666,-2.566304395148666,,,
315,-6.518316656667912,,4.661954075936277,-17.927219109111,-28.951632409104334,,,
316,-23.179284994235456,,-28.2437262047135,-51.72979330425667,-39.49423905164333,,,
317,-43.47109860596744,,-2.8188898910582507,-6.660027990326668,4.108180031176666,,,
318,-15.12564407231373,,-2.4695905799650006,-46.167141205324334,-71.00771380675667,,,
319,-1.119790774528547,,-15.610408501529726,1.5596958585100016,-52.30776288579333,,,
320,-16.295150536924,,-57.02808871473325,-11.98048473805,-32.43412983741333,,,
321,-33.25480722737627,,-48.31262534396501,-20.265159363308666,-30.356089177373335,,,
322,-16.493336148407273,,10.0907737793,19.93532514509504,-0.6966558544676668,,,
323,-40.66714328729899,,-21.013442657293503,-27.694831130406666,-57.32096014042667,,,
324,-18.572186924068273,,-54.81580018697,-37.17448404867667,-39.81803391772467,,,
325,-32.01571827203218,,-19.17702168624197,-45.28142211666,-18.92726949667467,,,
326,-33.629064199645455,,-2.070787258650002,-27.807045417551336,-45.104709279240005,,,
327,-37.545514758154276,,-19.587493767065,-54.72677982144901,-32.580221898733335,,,
328,-31.427149176266997,,-12.42007138204075,-80.53207393847335,-20.796315691951335,,,
329,-12.71663635239209,,-6.941743241310002,-22.069801428303332,-43.217400288561,,,
330,-23.069154164870273,,-28.339606384004252,-1.1794762922190003,-39.930879332641,,,
331,-35.52362695261246,,-28.49709168103825,-16.363690075216667,-1.1311691837633333,,,
332,-9.278594243424363,,-4.849876277155751,-26.051803753117998,-33.821432011519995,,,
333,-19.609559444929456,,14.57775953770675,-11.931601166396668,-12.737257354305333,,,
334,-28.06296013180527,,8.580572471426276,-30.82388197214667,4.155468389469999,,,
335,-28.849419379028816,,-14.24288921067425,-66.55948211630665,-11.544338406734669,,,
336,-22.79696829535582,,-6.216661322551749,-54.82396449772233,-2.7118379030399997,,,
337,-24.001783469928174,,-32.89868902124,-17.428227107047668,3.0748432405763335,,,
338,-27.92758726831081,,-40.8882765932625,-18.361210639554333,-21.523535977243668,,,
339,-22.849725492442264,,-26.9740415873125,-48.23010452716667,9.346483681026667,,,
340,-18.145774799514275,,-30.68522419482825,-26.617366592146666,11.118909756776665,,,
341,-32.62171930910455,,-44.4314798912725,-54.66129927495433,-16.960961080952963,,,
342,-28.186001593838455,,-58.07948052388001,-31.24335575207496,-25.650030179749,,,
343,-20.682376462267914,,-21.449320117986,-51.51980100165,9.410388891899998,,,
344,-9.920749710964639,,0.7948277293992492,-62.221440153336665,-23.971136188153338,,,
345,-35.06689255666135,,5.3894213612,0.35120365608333276,-17.992190797373336,,,
346,-37.967954479441275,,-9.263990688232502,-6.886094535702963,-10.351500005918,,,
347,-25.038440917680806,,-14.268231228786,5.832769134836664,-66.76633472118333,,,
348,-15.274930506376,,-56.9068464060025,-59.82058362132667,-56.404630214929995,,,
349,-28.903022014534546,,-36.885885104865,-27.729663051379998,-27.695362868306663,,,
350,-11.69626805524108,,-24.88416716454925,-3.2279765281276647,-7.934005708446665,,,
351,-37.791886930190095,,-64.2941843784175,-12.093262547687667,-53.40339973426467,,,
352,-34.288642939941,,-29.258418063774997,-74.77921590409666,-22.779308566003333,,,
353,-44.18328221035128,,-57.59686683814,-57.08084297869001,-12.608330759584666,,,
354,-30.168177576154367,,-13.144368351398722,-44.570889291850996,-1.6483742863133344,,,
355,-39.82721936507709,,-60.087089091757505,-37.35118994883667,-54.193484634306664,,,
356,-7.449514459751182,,-17.93109653028,-2.0833895365746664,1.1895965973970368,,,
357,-11.278944064454988,,-51.6955674054785,-26.617366592146666,-62.96365029293,,,
358,-30.112059508172727,,-14.389106026692499,-41.39607873436767,-3.597996276273333,,,
359,-18.91936161761909,,-45.724916516243255,-30.647153191930002,-10.350923542113334,,,
360,-10.324634748263898,,-52.79648628795075,5.365035974142001,-21.924772842908,,,
361,-11.801744218033,,-70.591501487345,-44.60521432250163,-31.660689639279997,,,
362,-40.82478301616518,,-33.368809474547504,-10.528176088713334,-61.27179897781334,,,
363,-36.15996677948818,,-42.061284900452506,-0.8088582346913323,-43.60567879646433,,,
364,-45.577319524903636,,-41.13114510585797,-39.689163021893336,-43.41231131771334,,,
365,-14.13222223946309,,-44.7581475865975,-9.110237195939002,-8.900783568251,,,
366,-27.012252480282722,,-35.5702007592335,-22.39255569865467,16.083799902969,,,
367,3.206064182906737,,-37.81794064712775,-35.99720202650666,6.508473040756667,,,
368,-14.215423941578818,,-2.7595978481552503,-31.901860337851332,-19.926775205937002,,,
369,-30.103266834724717,,-15.0903576685645,-29.114864156051336,-44.635326240611334,,,
370,-27.4956552455229,,6.9487472114517495,-38.25407253658,-58.04761586896766,,,
371,-26.282342575445547,,-49.91834902603075,-34.144216098643334,-5.080420779076666,,,
372,-34.50794313916546,,19.448335352625,4.138845532754335,-5.644924178871001,,,
373,-13.499291538590807,,-20.808859602974998,-35.73884991861667,-28.451588837756663,,,
374,-3.379393865065455,,-1.3815704120292498,-23.183722918354665,-0.051625421629999835,,,
375,-16.624302369318002,,-33.29747518273825,-2.01896552921163,11.876775665124,,,
376,-25.363625767889367,,-33.297068924837504,-24.035597984799,-25.343357089503964,,,
377,-14.48378731207127,,-54.138651679115,-3.323052163080002,16.132645686264667,,,
378,-20.757088800934,,-52.9048261552225,-27.679751824773334,-23.278273752679997,,,
379,-11.583296516272082,,-60.654694643823504,-41.80049805586666,-21.58644231563,,,
380,-46.56253254565973,,-34.493477413125,-16.34760496044667,-41.010411188,,,
381,-28.644029785521273,,-3.54554093376175,-14.124027790447998,-32.72417313436433,,,
382,-31.64615445187444,,6.113302366894248,-49.34348237249,-22.522037844203336,,,
383,-29.017569792663004,,-59.892175577752504,-13.076635413889996,-30.419472589386668,,,
384,-21.659102548148272,,-0.3789535703362219,-14.188966660096298,-33.40145434333667,,,
385,-30.050107643765184,,-9.27567513247575,-27.00249846537,-33.466398182498004,,,
386,-10.708072834822353,,-19.2857707624775,-20.023482808658297,-48.50454671964,,,
387,-19.161473803773728,,-36.1857687633875,-48.53677068077233,-54.92119690129667,,,
388,-16.414242381940713,,-16.20260093873825,-10.59419531042163,-32.82186666840334,,,
389,-28.291893303804986,,4.4089933818157485,-69.76437477510567,-16.76650424469467,,,
390,-14.057663871002262,,0.7465410162507506,-38.78581526777,-58.91825264963334,,,
391,-41.42285443737091,,-36.35491016319,-57.320960140426656,2.02802235892,,,
392,-39.41401226016309,,-32.08665103635575,-25.2939646594,-30.872215895685667,,,
393,-39.54698624886717,,13.452292516704999,-56.838097979046665,-61.64240709632667,,,
394,-17.18694092772,,-13.6893512175135,-27.245757292283333,-37.12564623696134,,,
395,-26.863413584393093,,1.9304287066015,-44.23251900847,-31.161200686300003,,,
396,-21.257644028694354,,-1.9261745862014994,-33.40145434333667,-28.469279105210006,,,
397,-4.214621642309454,,9.885331232606502,-42.92786388170333,-46.64998348863801,,,
398,-48.21924095200273,,-17.1943175100625,-44.63691648446667,-18.65177573529,,,
399,-28.920159314426453,,19.50869933440378,2.3502518281133313,-26.275816855006667,,,
400,-19.648681703182543,,-20.324270536234998,-52.583773476450006,32.51027536851,,,
401,-10.77812997009799,,-1.6474604133335005,-30.16009479408,7.926438748919999,,,
402,-22.071465033105184,,-33.309164829485,-35.28612452294,8.185306651903334,,,
403,-19.56562555709,,-29.669280018377503,-33.35467587751133,-12.157135973583335,,,
404,-31.364341821700272,,-35.981081349465,-39.5248995837,-29.517169467003338,,,
405,-14.172197813925457,,-48.50480686844,8.378627437213332,-18.169425433747666,,,
406,-16.16316539643864,,25.2630216155615,-19.68354215941333,-60.99892911906,,,
407,-13.631110511109728,,-34.15551142005372,-47.39431757749667,-5.322143093584963,,,
408,-3.4934989895710005,,-13.1198038284025,21.739962240955037,8.588110881976666,,,
409,-29.61519909703946,,-14.232392246593724,-51.72979330425667,6.766292376503333,,,
410,-19.34575504981373,,-58.067403254905,-77.48721763036667,-85.12636290357666,,,
411,-36.76739578899464,,-25.657585724729998,-27.88820658067496,-27.84089637665433,,,
412,-8.517775749174637,,-13.580183926214996,-74.10143080671666,-48.038329260478,,,
413,-6.658783283268274,,8.3626598310265,-5.547148130631334,1.3029638115543325,,,
414,-37.43594285785409,,-27.045743390083253,-65.49394724691666,-21.89256679231134,,,
415,-24.48969099741282,,-22.282770945526753,-0.2122362680876663,-68.92549181909133,,,
416,-43.41835849154836,,-9.16648400307275,-37.04350607972766,-11.31827983294,,,
417,-28.146722118202455,,-44.6240401078375,-20.699647844740003,-24.955582469839,,,
418,-19.80803320341636,,3.3576090266557497,1.462998194506665,-45.649913222643335,,,
419,-39.41371273405792,,-0.13645629591250064,-56.62966009954,-52.74122267833667,,,
420,-25.064365751568822,,17.598552726405,-8.966825669396664,-25.551799938234335,,,
421,-23.596764565069726,,-11.910910337872501,29.285028783586665,1.9625119950553322,,,
422,-5.950857800427364,,-27.227808118446,-14.477994208423334,-47.297132901223335,,,
423,-38.552114758491825,,-25.741372250695,-38.67144224491433,-81.28990205862,,,
424,-41.04861237354937,,-57.317330444145,-9.771932208960001,-21.296387112283334,,,
425,-22.145889224734173,,-15.392110490172502,-9.304139414186665,-31.081187480309996,,,
426,-35.2550017230199,,-32.07531399160525,-18.169425433747666,-47.48939818255233,,,
427,-19.464839299390363,,-33.7695919043975,0.35070173527333165,-17.525426692163336,,,
428,-24.82311365825717,,13.609766632061751,-16.009726659231337,-30.130507676901,,,
429,-12.281435056163637,,-8.2846808493785,23.869492465189996,-14.381808404334334,,,
430,-25.483280607907638,,-51.515474331175,4.073832120491702,4.702787377659999,,,
431,-5.520628316002456,,-76.1045109469625,-26.986902330394965,-29.194907178814333,,,
432,-27.984583048111457,,-34.784321035146746,-31.498007540470002,-31.482928234836663,,,
433,-16.079683142728186,,-5.334475049890001,-30.872215895685667,-7.3856133056866655,,,
434,-22.388001128615272,,0.11772542298425037,-43.444522338129,-17.13556684459,,,
435,-24.704745018381548,,-45.409545643089245,-12.01270766501163,-37.70619996462667,,,
436,-19.314417105627637,,0.9266214333482505,-50.549859530133325,-28.518172616188295,,,
437,-15.789490393653455,,-42.690491843105,-24.116699513824667,-25.22849902174829,,,
438,-35.9937078584,,-55.2746409783,-47.682276681224664,-40.67102018732433,,,
439,-24.69580026685563,,1.0478204920327778,-30.291095643540334,8.281470610496667,,,
440,-20.316778805316087,,-25.60768741402872,-20.02345992854,-74.55361255795667,,,
441,-30.270106652340363,,-37.044930595385,2.431398082678665,-15.961425554915666,,,
442,-20.656307145425732,,-31.19358017789575,-4.485307576818297,-39.23696832983999,,,
443,-10.465097590936727,,-14.933286083416002,-15.735819206419999,-42.46112162191333,,,
444,-22.761828464090808,,-39.244380043056,-50.74530229756433,9.893251053276666,,,
445,-33.00871478829182,,-7.425920072128251,-17.878830520931334,-1.2445046130210011,,,
446,-46.82548362480309,,-65.17638260811749,-44.29907597152666,-37.850704783930006,,,
447,-8.47852880124209,,3.526385167304249,-91.95983511297668,-5.387067054617,,,
448,-23.64922305474673,,-36.367015773605,-46.97484679963667,-64.75167747315668,,,
449,-0.961860469992455,,17.502281198142775,-11.14047070079667,-14.784652390514333,,,
450,-19.614406285024817,,4.976958214240749,4.171598229782,-26.31016176371,,,
451,-33.03055066147936,,-31.3385968565925,-53.74389696882334,-49.150148646468296,,,
452,-14.848797296134636,,-24.00079939012,-96.27916805834,6.299548148966667,,,
453,-26.027752104326364,,-15.81627369010075,-10.12483711899,-28.179775518103963,,,
454,-25.698330026339363,,-34.95387614661251,-7.576866773593335,-23.279809332261333,,,
455,-17.223259070072537,,-20.32465815824775,-22.36142999981333,-40.009856912020005,,,
456,-21.82990852883273,,-12.672273992173501,-33.91813070976334,-33.07811667251,,,
457,-12.184199159835185,,-23.165350818375,-28.242661978429997,-50.858614846700995,,,
458,-30.085137157431713,,-8.550198137210751,-35.94887307256,-34.22215204814,,,
459,-18.115168729133906,,-33.344654936826004,-22.63373333418134,-44.73359126872767,,,
460,-5.744160039206457,,-7.4508968312644726,-30.887805093323333,-8.916879656213334,,,
461,-28.78877322609435,,-36.4894559682075,-38.93080513138,-25.180150189748,,,
462,-13.999683591176002,,-47.899417545972504,-23.987805738248294,-35.626569060744664,,,
463,-35.37378890252664,,-4.0418024878225,-57.273681721548,-89.12341668437666,,,
464,-53.05940669934274,,-8.103460704966752,8.233079020399996,-9.625857023760004,,,
465,-9.344818573552727,,-61.875253942722495,-34.41812355138,-22.15143769720667,,,
466,-39.51125738933235,,-42.6288904525435,-11.963817156096667,-10.013659492981631,,,
467,-17.820758009119093,,-9.79531970754,-31.12898272885,-25.874054255221,,,
468,-37.99432250371981,,-38.846748517683245,-22.18365068522,18.437326353191704,,,
469,-27.813468872761714,,-49.9912338060525,-24.115650946574334,-65.54333170512668,,,
470,-20.34387491928309,,-18.52365049982075,-2.872952638058001,11.312265328676668,,,
471,-18.537319512408274,,-34.49388514646,-17.155347309180005,-34.96490086265334,,,
472,-32.54715794790855,,-51.58836283838001,-13.462852608386669,-0.9061174540376667,,,
473,-21.74627069537827,,-8.417214001870251,-5.595523777566666,-2.2278725100913332,,,
474,-22.515298256069457,,-9.215659249525,-29.09661927057334,-19.956935784641,,,
475,-21.275774779245907,,10.164103563986501,10.989494182340001,-44.52358405756829,,,
476,-19.408276149262623,,-4.791454132350473,-81.37200742926,-20.521888408104335,,,
477,-31.953479616165456,,-20.844688879450004,-40.944952487306665,7.410810949503332,,,
478,-12.154574342340442,,13.633170540572499,6.268365817959999,18.341726951856668,,,
479,-2.9620557844063624,,-13.120210086156222,-52.292151842260004,-36.801801675739995,,,
480,-32.35309625331573,,-45.300794315308494,-1.9539869031576675,-11.850512578163334,,,
481,-15.688714159621627,,-62.8050061158235,-2.0022979464999984,28.70446511659,,,
482,-22.19435416254709,,-40.877759517925,-10.448674742863334,-27.324739841551335,,,
483,-28.66133079717127,,-1.5499775660575006,-54.66183101285433,6.735085197632,,,
484,-11.867802380512263,,12.823488104612498,-36.963438209306666,-0.42219678602000005,,,
485,-43.85015633742727,,-14.594866855481001,-48.036768833394326,-34.31934169391334,,,
486,-16.76506798529664,,3.5630232319124993,-20.441855324080002,-19.668472792884963,,,
487,-24.55080038837154,,-43.380501093895006,10.68330313455,-41.76721859075467,,,
488,-41.68624246672754,,7.975962120185001,-17.47605113812,0.20568205427899974,,,
489,-22.563355524403455,,0.37114680594225025,-0.6960873624680003,1.109061593228666,,,
490,-31.751055139654543,,-14.655730273594251,-55.77412550424666,-74.97307339679001,,,
491,-22.032202357905188,,-16.722644317274998,-30.292121330353336,-34.74039277698,,,
492,-17.442098996485093,,-68.94756914137,-15.815357306686664,-48.23010452716667,,,
493,-28.978297348206727,,-6.061125316682499,-33.07864841041333,-35.61155135679433,,,
494,-35.61138302740408,,-53.511419342035,-58.72383360224901,-1.6150878839576681,,,
495,-26.29155974665764,,-31.349880246035,-53.033869999996675,-8.56242125645,,,
496,-29.474301732681624,,-41.67536243364175,-17.169383017388295,-51.245857728371334,,,
497,-13.855352422992816,,-57.343484201955,21.628220057915332,-15.155762430127298,,,
498,-30.04203842998545,,-42.13379696734675,-17.879375199609,-21.280790977308296,,,
499,-18.132754103690274,,-3.435978565960003,-41.253697864546666,10.989494182340001,,,
500,-17.740919351974,,-32.595808353454245,-39.44694479063333,-22.134775084769,,,
501,-13.61352352666009,,-54.659090133945,-21.069783859814965,-31.080611017020004,,,
502,-38.58374816283336,,-74.27891492754999,-22.006954723764963,-65.68571257494767,,,
503,-22.054028743813905,,-21.231414931790002,-47.27941478444,-29.983915662578003,,,
504,-19.939575153666997,,-15.94879791222925,-31.30622233466333,-50.52023565853667,,,
505,-31.694065599841817,,-12.625111398413722,22.22492650631504,-26.17969068538496,,,
506,-21.42489586421472,,-42.96843154784601,-88.07504531408334,11.522260632897668,,,
507,-5.854767941849807,,-46.2808324211285,5.365035974142,-29.790570029491004,,,
508,-16.611412038764083,,7.721359235235001,-33.78707716379,-37.67453755876767,,,
509,-36.52131690315209,,-20.289218754988724,-5.387633578716667,-50.19642588398333,,,
510,-18.994340954598275,,-35.086416753431,-4.645385650763333,-23.74661319387667,,,
511,-25.914353638952456,,-25.8871991937815,-2.2923809995543323,35.620082452750005,,,
512,-51.04969169510763,,-3.8250713491319734,-5.919336554179,-28.582609564873334,,,
513,-45.24789366310028,,16.643453332465278,12.972944251495335,-36.97904925284,,,
514,-19.52650329880909,,-24.084971286823247,5.590041011266666,-37.83409486839766,,,
515,-18.48358512848518,,13.621474914979999,3.2209065195933326,-48.294569325270004,,,
516,-26.916581161733912,,-39.172253346905,-73.84410542025667,-23.472700771934964,,,
517,-40.08607634406909,,-15.77963189807372,-23.650455239344335,-40.155405328908,,,
518,-19.707253722062458,,-24.544609684824998,-19.360711378981,-0.9378364916833348,,,
519,-41.014871488665456,,-25.934361087807503,-35.99563166064,-0.9872209502033323,,,
520,-22.690654007161637,,-20.071272570605,-51.408040908083336,-25.229018852870002,,,
521,-26.995251531596537,,-18.48778395211,-30.114374834446664,-0.42219678602000005,,,
522,-27.834885951472096,,-3.83597309502675,-70.23428158013,-29.098222455831333,,,
523,-37.027395022154,,-24.79800722961947,-21.038013158608,-65.79902512408434,,,
524,-24.29166313976664,,-24.375009847458248,-42.59002833858134,-36.174961463433334,,,
525,-11.784721301930364,,-26.333117431955003,23.224462032352335,-29.387179397192664,,,
526,-18.8625198079359,,-42.2791952893575,-45.37860679293334,-32.98248445182,,,
527,-30.02885455885918,,-43.596028368301,-6.996303106596666,-51.27756982937667,,,
528,-32.784312129901906,,-8.7193768083525,-29.646582039673333,-10.528176088713334,,,
529,-15.108938301515623,,-20.99088333279,-22.360349648058,-61.26868309342,,,
530,-30.12098799591499,,-21.9198304447885,-60.367378843139996,15.309324079000001,,,
531,-12.02216905201518,,-2.3471794268107518,-9.853038707574964,-34.16030421540666,,,
532,1.715943504462192,,-28.353640398536754,-49.954166862373334,-18.36067890165433,,,
533,-2.4653385007024564,,-30.39635145168675,-21.45805543038,-33.852090576066665,,,
534,-22.273746918748085,,-6.5679009946275,-1.6150878839576681,-1.9534452262443314,,,
535,-40.86008088337391,,-33.6467506548775,2.5919661710399993,-37.462966918473334,,,
536,-15.653145510120442,,-33.0663074987375,-6.564940448524332,-21.005312124451,,,
537,-27.724721239107907,,-15.175008114101969,-13.800714967126664,-29.421000539199,,,
538,-11.58626380737909,,-61.053105140364245,-13.882316449285668,25.44859775563,,,
539,-35.3471321947831,,-56.66594954773,-42.316644652153336,-67.88020154651001,,,
540,-22.730204829272548,,-36.717867823955,4.059289522336665,-14.607376963793335,,,
541,-33.52388214173172,,-5.250666161060002,-59.11162809958,-13.415057359846665,,,
542,-18.58976905134218,,-7.908872927274252,-32.98248445182,-29.09661927057334,,,
543,-28.12959159511064,,-34.9421812967025,7.428489310409998,-12.963362621161332,,,
544,-37.466412577404,,-18.125605262508504,-46.038217612654336,-6.578909585318001,,,
545,-13.565492009564991,,-16.31094973620722,-34.46542681813667,-24.92339432955767,,,
546,-41.65094135225881,,-40.03066229769,-30.307755253988294,-44.974202379686666,,,
547,-15.36366023873673,,-15.949599245910001,0.7551061485199971,5.671127631675333,,,
548,-21.53988872427954,,-26.9264928470115,-17.92771409258467,6.766292376503333,,,
549,-31.237336907245354,,-6.16948754682,10.507109094132334,-45.37810487212334,,,
550,-22.195350860546455,,-2.240403480481973,-59.579420894353326,-12.88227403285,,,
551,-32.458986607998455,,-27.3014994350275,-68.39480262427,-11.528210533871333,,,
552,-22.471064587791545,,-34.2513729634985,-14.075693866984963,-1.2444419768746675,,,
553,-17.336343919526538,,-41.62663366716325,-13.108367393236668,-8.434024432174963,,,
554,-24.172720916863362,,-25.038868291901004,10.458258341019999,-32.17789474183,,,
555,-23.24096390248427,,-41.1420744170525,-15.638634530526668,-27.53472717436,,,
556,-22.238010463858185,,-11.367141041878252,-8.883577311074667,11.908941959617037,,,
557,-7.155814465051718,,-6.84503338673,-11.20599400546567,-38.54305039014434,,,
558,-32.701116667840715,,-9.7348722527025,-27.002488526344667,-31.30622233466333,,,
559,-63.41644878553664,,-8.4289334656275,-42.00891802485667,-58.32103931091,,,
560,-33.70816366990562,,-29.610054288271,-36.20509222534667,3.2209065195933326,,,
561,-28.11171971100755,,-33.079979981215004,-84.22403690139333,-31.69188988073,,,
562,-18.12381423687791,,12.98098458277825,-8.723543962363335,-41.251610669403334,,,
563,-26.00974658010491,,-41.939628879785005,0.1406815831100007,-10.496501776381,,,
564,-34.1909600420169,,-42.423822870927495,10.344945791883331,-14.124027790447998,,,
565,-14.242241932584358,,8.737301160123248,-26.567932438796664,-30.725579155443338,,,
566,-30.199236323989727,,3.0925501766774985,-43.394639894069996,-38.430781438748,,,
567,-10.241702755191545,,-8.357248822995,10.474908013123333,-27.51916882796333,,,
568,-24.032247231483005,,16.740917543844,-6.53165404617,-21.038074760584667,,,
569,-31.576554878658907,,-45.118339713600754,-12.737229504671632,-14.108928606466664,,,
570,-18.172169930187003,,-25.97099317424397,16.921117462491704,15.922685168258667,,,
571,-21.508554309501548,,-0.6315572354890004,-20.828604256536668,13.811325287096667,,,
572,-11.002514472729727,,-26.405653337172502,-1.728357674997999,-9.643043402670001,,,
573,-24.739192280413445,,-27.106938522969998,-29.67933970621,-21.555235137136666,,,
574,-21.4339783219,,-25.365195342313253,-5.177613426854665,21.758172340053335,,,
575,-16.02736154075582,,-16.867637157525003,9.362094724465335,-63.25527089293333,,,
576,-25.35966231547918,,-22.586089163998253,-8.240157000363332,-46.829333169416664,,,
577,-52.03065339836273,,-27.28862308380675,-70.44270952061,-32.46742224390467,,,
578,-21.654428907162536,,-52.047231971205996,15.019797611090702,-5.404807017124963,,,
579,-18.81359894534791,,-21.183858737163725,13.666348364273333,-35.27053335755,,,
580,-15.199933550310908,,-62.73211162999,-4.853805619830001,0.43182014028199944,,,
581,-8.887631782279094,,-44.28645055536175,-9.49744332321,-30.356089177373335,,,
582,-37.87112300543364,,-49.55734811095,-88.07557705198333,8.65308950765,,,
583,-35.79579167368791,,-30.52890921808575,-25.875104789977666,-50.875239670859,,,
584,-10.659473183376727,,-25.0041854974375,-19.297884552133336,-16.251473820923334,,,
585,-47.81509758493791,,-45.82083621819622,-50.13249085634567,-12.833410339023333,,,
586,-37.52381684563699,,-36.34207853741,-33.901478036351,-55.66136653889163,,,
587,-27.272102910243095,,-69.17799660116,-71.44017275975,-18.362793946437666,,,
588,-11.323461813620083,,-3.0621520040117507,-71.26501237811667,-15.333553651649297,,,
589,-19.56535178220754,,-47.6709632159375,26.029161422626668,-23.95661346806767,,,
590,-48.92675280726764,,-40.00688567620825,9.942116714623332,-42.814026531943334,,,
591,-6.9356558105388215,,-21.4848027707675,-62.86646561665666,-1.2772274929690006,,,
592,-38.196310848720906,,-11.984240898752972,-51.90543873094567,-22.634286917869,,,
593,-28.871815818727637,,3.007191575483999,-21.555235137136666,-3.501877043601631,,,
594,-30.62579835265626,,-32.4390871187425,-53.03386999999666,-17.041507991969002,,,
595,-18.299740296177717,,10.30985821558675,-82.30555355097333,11.602278808473331,,,
596,-30.160405177755898,,-36.306603338843246,-30.258352885237667,-43.025068436026665,,,
597,-26.893181247348547,,-28.268254932001746,-0.5989344707200009,-75.03595292047333,,,
598,-31.905996467668544,,-9.53025340306325,-25.551799938234335,-8.434024432174963,,,
599,-25.873652967550086,,10.672012290886276,-35.399973779856666,-45.297540050513334,,,
600,-23.33779619511099,,-21.7635475364,-10.544802880696666,-47.55388679390333,,,
601,-19.389979230740366,,-23.226985753662223,-24.10111331794596,-55.435748283926664,,,
602,-16.492743873001274,,-33.587905868204246,-32.95081811068766,-60.93238312928,,,
603,-6.289672422543444,,-41.190393198757505,-36.52893978856133,-26.051803753117998,,,
604,-11.297076452369991,,-18.06557151979425,1.8674244532523323,-29.001029808053335,,,
605,-15.156573782436634,,1.2774697565614996,-3.0174326092766677,-2.421252929632963,,,
606,-37.16787359215573,,-12.564282999807501,7.443598432739667,-14.849628014421627,,,
607,-21.17399264198309,,-0.1376392732017493,-35.802261180278,-8.222985529851,,,
608,-21.522868800887906,,-9.48189735,-52.79376577905666,-43.78187583879801,,,
609,-29.84796371880117,,-32.171262734745,-13.752880997103667,-25.82673307785667,,,
610,-27.012684291354365,,-3.761856108948498,-23.521036662916668,-2.2923809995543323,,,
611,-34.450664097099725,,12.42509849497,-20.635200957241004,10.78051762752037,,,
612,-37.07090847800155,,-22.658192721352503,-11.850512578163334,-17.523873201976667,,,
613,-22.594272499930717,,-31.664478126933723,-22.103090832726668,-32.386322682401,,,
614,-29.082757301924445,,-15.671260738025751,-46.959809217633335,-53.56562567205666,,,
615,-37.30835975749664,,-6.797111933184249,-8.047336168113334,-51.48756213198333,,,
616,-48.13135801346391,,-8.707674504630473,-17.700569163183335,-33.19354323219,,,
617,0.5988795200717263,,-17.858985518706753,-25.987366804357663,8.185306651903334,,,
618,-14.59405937695309,,-56.50845679665622,-16.154261295093335,-14.494614063073335,,,
619,-24.164651703001184,,-6.506694680119999,-29.24376486858333,-1.486194108384334,,,
620,-46.61014958881155,,-20.918363811922497,-42.15445350086333,-35.99720202650666,,,
621,-38.01658016392182,,19.18283297333,-16.78266193456,15.293752791586664,,,
622,-28.62148126751455,,-1.0194312450407494,-14.978521789995668,19.178552529218667,,,
623,-18.1066633837699,,22.266036340999,-66.55791972171666,-14.445223600870001,,,
624,-42.08244726736855,,-39.341443199520754,-68.42755035178999,-10.818219385590005,,,
625,-24.761598489511993,,-2.771719842517501,-34.241415683758994,-41.81503268282,,,
626,-31.74297372788017,,-28.5820947283475,-45.281382360648,-2.485716693326667,,,
627,-18.330070417513728,,-7.546715124619999,-31.24335575207496,-23.053750758678294,,,
628,-11.494985578281547,,-55.347934267374995,-14.285657386683335,-52.292151842260004,,,
629,-23.843002023517638,,-1.199920871270999,-47.087654425969994,-1.3728815592476664,,,
630,-27.935507396678187,,-41.5899732396925,-32.72417313436433,-34.15925067887,,,
631,-33.834878009036636,,4.301412374329249,-11.737693978634335,-46.05382865618767,,,
632,-24.586095544970547,,-9.13103489415675,-28.098667051741334,-28.59925923667667,,,
633,-37.36973208088819,,-33.732159960095,9.40935026331,-37.57681120557999,,,
634,-29.184263235616456,,-50.45242641905,2.1720004093309995,-3.8069579224790018,,,
635,-35.813092967339905,,-60.6796579697925,-12.864587700653333,-27.615821766424336,,,
636,-27.68136121670037,,16.13627885139,-67.47741916202334,-67.88020154651001,,,
637,-28.300278307648174,,-41.482388505126,-0.8260794004076667,-2.9363479565399992,,,
638,-9.401932803025183,,-31.568953501036,3.1242356706020007,-21.86087653651333,,,
639,0.38794645103663716,,-36.58493586832872,-33.434192131901334,-22.87495766307433,,,
640,-15.252807022946092,,-30.62479460015325,-23.182672383597666,-17.81390655997433,,,
641,-15.76327958669681,,-28.1103745583925,-63.898227071343335,-48.841353573810004,,,
642,-0.5530380407593637,,-64.8239316171225,-50.69851886184333,7.345832323449369,,,
643,-20.458259776756183,,0.5519853070282501,-29.130944301230002,-24.5689061127193,,,
644,-27.47936338442381,,-44.152340825095,-30.62949274162467,-55.162359628269996,,,
645,-5.744743109673727,,-17.15688781730075,-6.691735122184334,-23.165999831750003,,,
646,-37.9455466604491,,-60.630152483876216,15.58434273489,-1.4861990778982985,,,
647,-19.688816386868083,,-5.371113114498501,-24.972768848749,16.262120894857667,,,
648,-24.643083729628987,,-31.832860666774998,-57.08084297869001,-41.686151848336664,,,
649,-16.914763726680004,,-16.46884129070872,-59.33561738845333,-15.235265743119998,,,
650,-28.788617364034994,,4.3618583533565,4.059317371893333,-13.123908863644667,,,
651,-29.281379326996728,,-35.7390067168475,-48.00661022214829,-43.410735982394336,,,
652,-19.183462291795898,,-53.087289686830005,-42.75011438411133,-22.32815053479497,,,
653,-29.136057700744,,-45.4341153686335,-50.74530229756433,-37.56068633440667,,,
654,-31.948926598724096,,-31.4703450594625,-35.836561363351336,-23.74664104343334,,,
655,-12.039313410453445,,-42.303363260205,-16.235321100877,-3.597519203334668,,,
656,-2.245046488251546,,-21.50937102073675,19.436861879229,-3.1473719503979987,,,
657,-35.93669934404563,,-18.91152225817075,-8.207409272928295,-6.3549481459176675,,,
658,-31.60250111575609,,-36.0181353773525,-24.826171865005666,-88.05996600844999,,,
659,-22.79245404554981,,-15.64787771724897,-6.870048142489999,12.747864672056666,,,
660,-12.444319298710637,,-42.1704335558575,-31.419534883874665,-74.55361255795667,,,
661,-30.55151943487482,,-52.1922113785575,-19.747944321661333,-3.8085451645600017,,,
662,-20.119484995360366,,-11.972531839919998,-20.378998680440002,-31.660689639279997,,,
663,-20.76163586042336,,-27.6258324686485,-49.697979494491626,-9.481347235247666,,,
664,-21.32807334082773,,-18.2573691493785,18.437371079113333,-38.12518176269333,,,
665,-30.99476148320891,,19.750833601175277,-72.05454959755001,-2.9857483578443342,,,
666,-14.052837615294907,,-43.68145778482622,-70.87881506167,-29.69546260933667,,,
667,-5.973552947579262,,-52.01056781664325,-71.08828359789666,-5.241578271884667,,,
668,-34.88218845032326,,-41.215365454863246,-69.99209513347667,-65.49394724691666,,,
669,-18.792206799086262,,-58.2844974014575,-21.280790977308296,-58.579358600231636,,,
670,-15.323828328580094,,-67.43657620535001,-29.663221772451333,-21.957542415916663,,,
671,-9.537884106766908,,-8.3923028555185,-29.13094430123,-47.61883560248333,,,
672,-20.480532882157547,,-23.456582062272496,-25.793511279167664,-28.243690667623337,,,
673,-9.248143498412627,,-23.141546631306,-50.11687981281233,-31.482396496936673,,,
674,-38.76306654760845,,-45.9787180671575,-31.482396496936673,-55.77412550424666,,,
675,-38.05088404391254,,-17.074668939423248,-36.883916985494665,-80.90421463448666,,,
676,-18.75194742586463,,-0.70482365882925,-11.49602436132333,-13.800712999451,,,
677,-27.11347786240273,,-50.36701563841575,-14.059019347393333,-2.5824024508580004,,,
678,-35.56247489941027,,-18.125626149676002,9.42546819753,-18.523860953463334,,,
679,-7.314011767677911,,-14.4978051746535,-41.782297896388,-21.79538408348333,,,
680,-36.151754720443904,,5.88332216328425,-34.80538434337,-2.211237746905668,,,
681,-28.26993734358535,,11.989638473374999,-12.431078212984332,-0.48608905579999845,,,
682,-31.290342664513094,,-55.84338703342175,-74.08581976318334,-8.964718596126666,,,
683,-18.374440436638,,-12.515942631248503,-13.882316449285668,-45.957603095901334,,,
684,-30.43213565921491,,-1.9612286184934984,-26.759747461967667,-34.819877246771334,,,
685,-22.396088498258084,,-12.0454524156975,-60.70628976920133,-22.070338136083333,,,
686,-46.63170248190573,,-8.70807478357175,-46.24872974631333,-37.884004127471634,,,
687,-44.891507756098726,,-6.507876182108724,-15.332498147000003,-33.83647653055667,,,
688,-21.328384246098082,,-15.695037359555752,-24.246605102292335,-24.038216917902332,,,
689,-34.806624969761714,,-3.6546776320117544,-19.3451351220583,-49.666807102283336,,,
690,-52.083405965275,,-24.944162159989997,-81.38761847279333,-43.37902885053668,,,
691,-28.19508351497218,,-54.585010419427505,10.507109094132334,-46.66714501989,,,
692,-44.32447068687118,,-23.939956083548253,-13.10782074681,8.200326322997036,,,
693,-21.18861532799427,,-47.065954061448245,-43.926907426261,-24.551187995329997,,,
694,-40.70626229833428,,-30.333965886966,-54.147239873816666,8.84645004899,,,
695,-33.144949354214354,,-10.00116851220425,-64.36599998805,-67.67020127239667,,,
696,-11.705632137900807,,-0.07600658952349981,-27.148022034619,-9.659139490936667,,,
697,-6.3911544970630905,,-6.349552279467499,2.4791952988166677,-34.24088094380333,,,
698,-30.141949150074,,-55.189235400271,-79.21183655101333,-45.281422116659996,,,
699,-25.909242229027992,,-1.9861993987200006,-7.932430373070001,-15.541933864457997,,,
700,-15.205049026284085,,-48.152797930735,-36.54556958193,-37.141197646230005,,,
701,-22.374969053546366,,-52.45770630357251,-17.750476454446666,-45.297540050513334,,,
702,-22.76693851869072,,-48.733218724233495,-38.05916450910496,-60.27175656145334,,,
703,-24.828052942340367,,-2.3125189948725,-48.021689527761,-3.8069579224790027,,,
704,-29.100048289619732,,-39.04011379512,2.1574578111019993,-5.70829765155667,,,
705,-29.882122579274547,,-39.97143058895825,-32.51367590887,17.922263110655333,,,
706,-15.803122876044817,,-23.046106254151002,-33.35467587751133,-5.6454410082176665,,,
707,-18.018338610620365,,-21.087557391605003,-7.0945611977543335,-38.946401266566674,,,
708,-27.386942619034002,,-15.114542023307502,-18.830020216731334,-2.3412148760033324,,,
709,-2.5922211819451815,,-39.751119925520996,-24.68221866185596,-18.52496221820063,,,
710,-13.793990942200715,,-37.369660180882505,-65.68624431284768,-5.451543759405667,,,
711,-13.978407183654001,,-8.344763820696222,27.673757198576666,-7.516127142561333,,,
712,-29.465799097944444,,-53.387828938615,13.98809579056037,-40.04312643848234,,,
713,-28.256037862737003,,-37.37202093280075,4.801012649585665,-4.725943535431334,,,
714,-16.256173016003537,,-31.83443949638025,-59.0622307006383,-5.404807017124963,,,
715,-27.751659571623733,,-20.9063141087025,11.60227880847333,-37.41354270422467,,,
716,-26.01045812402218,,-49.520332130151004,-2.3895308891599996,-35.320447586135664,,,
717,-42.58355574848363,,-29.39135149531425,-10.448674742863334,-24.182207909634965,,,
718,-23.372778272537094,,-55.04540620167872,1.3185698855586676,-63.56039152792001,,,
719,-23.44311243008435,,5.183172277764999,-12.188899737604332,-23.94048362768163,,,
720,-30.744724029489728,,29.192953217409,-45.70192955499667,-77.90406057031333,,,
721,-24.107080730374093,,-36.19859891379926,-21.537564747810006,-10.432041947499998,,,
722,-24.54639484655527,,3.043793844328248,-57.481589830691,2.3336518514423332,,,
723,-24.770657088098083,,-7.583409096250001,0.9962807819786672,-43.97520356106667,,,
724,-9.924717766119356,,-65.1159329019525,-52.469921218211,-35.20609143919,,,
725,-11.872336705453172,,-34.3488423778795,-40.94390692215433,14.004685828130704,,,
726,-33.88846791015636,,-60.425099810515,-37.141197646230005,-30.806720440661,,,
727,-14.937129382671355,,8.241014991758998,-22.182600150161004,-56.853177284679994,,,
728,-25.15808302301973,,-60.96928879730623,-36.75345481127,-14.703540922386667,,,
729,-17.806985928444636,,8.930231838722499,-27.807045417551336,-6.451615992540002,,,
730,-32.63122651916737,,-3.1109023573884986,-8.75683336679,-25.761792240841,,,
731,-41.42738684293246,,-45.326933164340005,-20.747509664847666,-37.771722235041004,,,
732,-23.614482761135818,,9.2210441673875,-17.766589418848294,-68.90988077555801,,,
733,-24.58142136728391,,-11.3191524995685,3.3175962116360367,-6.531621227024666,,,
734,-23.799630057695904,,-16.4205083764175,-45.00858310922667,-40.36644423094,,,
735,-14.887637110816366,,-37.732959962115004,-30.03225455534,-31.24335575207496,,,
736,-18.559002516345547,,-21.96936574802075,-17.05708424859333,14.697001617269,,,
737,-31.545210976667363,,-70.12097625199,-54.92119690129667,4.027610240035664,,,
738,-29.839318493380002,,-19.62454329236,-52.79376577905666,-31.548436630952338,,,
739,-26.75241724113755,,-15.94920937285925,-26.004008504577666,-58.06427050992,,,
740,-14.251315439694906,,-41.44497146936075,-12.027740277273333,-53.58276929338496,,,
741,-34.45519461066246,,-34.601870936279,-8.659605932723332,-58.93594291708667,,,
742,-9.336300748451807,,-21.195943460192503,-36.23837469282433,-47.76491575697,,,
743,-22.79712362083899,,-5.830306507816002,-79.21183655101333,-49.811798933934966,,,
744,-12.650868228984637,,-35.42478900418825,-17.154780785080334,-30.74227852231,,,
745,-18.492930518805906,,-33.126327108881746,-65.87958497621234,-25.246172413230628,,,
746,-25.421329562246637,,-12.273476649260003,-43.05836280996667,3.946021698742,,,
747,-12.985130370327273,,-38.095917622942494,3.962089937451999,-14.509673490650002,,,
748,-11.389223979183997,,-42.411719511712505,-10.077564703932,37.03909672815001,,,
749,-15.736633184930637,,-11.549557596480001,-40.187608377528,-2.937379647791334,,,
750,-30.252678212887634,,-31.4590057632285,-21.280281085221333,-42.072813297008,,,
751,-18.013815946689093,,-37.249599373805,-35.20661323813766,-10.012001643171333,,,
752,-27.382242408165187,,-1.9850276030585008,-1.0516509619290002,-39.81756678350433,,,
753,-26.97738317682827,,-59.7241821352425,-22.71430509276667,-30.22562006619,,,
754,-45.18153569265764,,-36.959167212596,-10.383189227244332,-100.17956890076668,,,
755,-30.46887287829808,,-20.457972532773503,-14.928070853920003,-46.69885111744333,,,
756,-21.9614575378999,,-52.361427321045,15.100943865734335,-56.532485362293336,,,
757,-17.627382643968186,,-46.475769773565,-43.60460838365899,-17.62156973785333,,,
758,-2.548251519246729,,-25.219750042896003,-18.78171114083767,-7.676211220645964,,,
759,-13.292297244166628,,-34.795205620725,-1.9373571094846682,0.9801509415933319,,,
760,-33.08781886105491,,-3.0988027253800023,-36.44676981416333,-11.496037302418296,,,
761,-19.60106166739882,,-17.024731105425,9.749287911099998,-37.56068633440667,,,
762,-12.465874338227637,,-9.046046755455723,-61.898649128933336,6.492381921929,,,
763,-20.616766092836087,,0.09392496289000007,14.890898866080997,-15.895907219469999,,,
764,-16.233772510203362,,-11.319152499568503,-12.512169803059,6.154516561425335,,,
765,-32.85108943137255,,-65.28433112629,-65.02509097666467,-23.069868692226667,,,
766,-36.52132585388654,,-33.005481352028255,-57.032509055233334,-26.825779624176665,,,
767,-28.688125210946644,,-0.6424209340735008,-42.33065748024333,-2.582402450858,,,
768,-37.14136596990882,,-48.009730543037506,8.84645004899,-57.75707562079467,,,
769,1.08679571614501,,-27.9528929886525,-0.4877091170266657,-74.31142310932333,,,
770,-25.548487091646813,,-22.93811673742872,-41.60713451267333,-6.159999327877666,,,
771,-9.45027929135518,,-16.769375339765,-52.954348776184666,-23.118709506013335,,,
772,-26.023356304229186,,-20.434583533083497,-7.4022858576056665,-61.095100014686665,,,
773,-5.278814582774353,,-34.034291474087496,-18.232287046884334,-24.229495233610994,,,
774,-24.66886489933182,,-14.788684592312972,-59.466088467166664,-7.562898671203333,,,
775,-29.285623331156728,,-17.835602497645,9.878231381803333,-38.04406232337001,,,
776,-14.70747246879826,,-38.326307811315004,-54.049513520937666,-21.860357740021627,,,
777,-36.56087503848454,,3.1876252944689996,-14.268495855197665,-26.711373782096672,,,
778,-25.81301169929326,,-9.6986270130525,-62.24015414046,-46.21544727913667,,,
779,-35.013737995783906,,0.10482445729499901,11.038871703146667,38.74813442237333,,,
780,-34.42869512026708,,-23.2156591141225,-37.48117008001667,1.4807431265286652,,,
781,-32.45104044642881,,-50.174086435526,-48.827342713531,-75.90501436582001,,,
782,-16.158791818081355,,-9.203130997308502,-24.39220021224163,7.749163322199,,,
783,-26.65248619117573,,-37.623407300646,-54.759015689127665,0.9962509649033322,,,
784,-45.77053849137863,,-35.58386353605,-71.18441276988334,-43.60567879646433,,,
785,-32.25798982191909,,-38.785527294565,12.005659502053334,-23.811055112153337,,,
786,-21.86436203079118,,14.3337080481025,-14.17179322161,-36.57886395587,,,
787,-24.840957080414,,2.644226460679999,-30.56608147998,20.04918434096,,,
788,-28.55599098508973,,-14.29357247116075,-23.102079712642336,-4.370958366916668,,,
789,-22.484264186202456,,1.4965765556565005,-12.979445768409002,15.761535647333332,,,
790,-24.572481218280632,,-58.104414032985,-53.403931472164665,-31.49957293743,,,
791,-21.5044453010389,,-39.19602996890275,-43.5890490027,32.29923646619,,,
792,-17.58301019619,,-29.161749207960746,-67.26742685941666,-33.07811667251,,,
793,-22.98111429137318,,-19.91496799935675,-43.33071283769766,2.3336518514423332,,,
794,-21.715367809567365,,-17.507739867660998,2.527564008791998,-12.850050072024962,,,
795,-44.39082701988428,,-63.9187626025225,-44.37911102309099,-25.82673307785667,,,
796,-18.90615552478854,,-10.82328897306925,-18.216124387428003,-29.887754705764333,,,
797,-28.696312337648184,,-87.3460616433275,-12.930595015296667,-33.46640014994333,,,
798,-31.408858497834444,,-23.431619511837503,-31.482396496936673,-39.995324252908,,,
799,-11.740356167565908,,-35.88365293408197,-19.991755798753335,1.8669006869466689,,,
800,-18.80071242641218,,-29.04013643731372,-36.01333983869829,-37.270618190269,,,
801,-41.56346772100726,,-26.598996252085747,-57.097452894313335,-25.74618119725,,,
802,-19.14318501717973,,-4.318972151216222,-28.582599625849998,-49.60071530601133,,,
803,-22.168297862348354,,-26.661005376200748,-25.584020897371335,-55.3702448576,,,
804,-27.245746010727817,,-40.8149892826325,-38.81644101324333,11.408948083760999,,,
805,-53.73626965074063,,-6.059161116913252,-8.529631805392667,-51.535886116419995,,,
806,-16.888820736825817,,-20.203024500165,5.268313462575666,-36.223262568049996,,,
807,-13.938873726420082,,-24.39882746764372,-24.229992184599997,-15.220196376516666,,,
808,-28.752877661929357,,-27.79697308830325,-88.54283810885666,-39.01190169089333,,,
809,-21.01608184875518,,-41.045791707385,-47.76491575697,-50.38977348460333,,,
810,-34.547792386480076,,-18.18528422769075,-27.534183529923336,-9.755774519094667,,,
811,-20.256121273089455,,-32.4273959959675,-26.260737549461336,-44.60521432250163,,,
812,-17.13491289371791,,-4.839377837445001,-17.73385163036,-36.20509222534667,,,
813,-28.23932477876917,,-24.5208114759425,-6.996303106596668,-13.559018534500003,,,
814,-40.749935145495726,,-53.6919358338375,-21.264694889345964,11.570057849336663,,,
815,-48.183943084591824,,-4.12597290866525,11.42449452360737,-18.812348793088002,,,
816,-13.701275253413092,,22.350584678144,-50.472440409996665,-25.16507088411467,,,
817,-11.811109119418264,,-34.843939590201,-34.17432998450333,-1.6483742863133333,,,
818,-24.98159368646226,,-5.5527790393775005,-5.580437534979001,-56.43422727142333,,,
819,-32.81918767341463,,-50.425888766525,-43.55630127520333,-57.273681721548,,,
820,-17.13039322272909,,-40.7319802521825,-7.078398538298001,15.164829198632,,,
821,-39.99350242745128,,-61.74233689579622,-17.138727454530002,-16.283153103150003,,,
822,-25.776999040817987,,-25.58423357718,-48.52115963723901,-19.4122158518073,,,
823,-15.376002200651273,,-20.16835063555325,-50.19642588398333,-3.8875296810633344,,,
824,-25.448251912983537,,-19.68535903335,-1.8406743540210009,-20.521888408104335,,,
825,-18.264572539688814,,-52.04722451692372,-39.99426077683,-64.68826921357667,,,
826,-23.833775365050723,,-33.41636939659325,-35.20662317709,25.448577877575037,,,
827,-18.137005421000268,,-14.6432392926685,22.209350249392333,9.199861849034333,,,
828,-17.83776113193072,,-5.286531233480223,-8.75683336679,-9.351370105848003,,,
829,-16.91066556064163,,-26.93937370121872,-24.101113317945963,-37.914631840393334,,,
830,-1.818628123701273,,-40.04315327862,-1.2445046130210002,-45.62030425959,,,
831,-24.018775213587546,,-27.820740004115,22.208833420041998,-6.644459704908297,,,
832,-16.844884420599183,,-27.555278623373248,-14.913561074624965,-18.830020216731334,,,
833,-28.454772916339355,,8.7610568943725,-52.66379361947566,-30.08009152781163,,,
834,1.3905954787688175,,-20.31336583889675,-15.268036350673333,-13.720123330186668,,,
835,-25.896634906337717,,-3.5938775750150005,-67.68528057803,-65.54333170512668,,,
836,-19.711221240639997,,-9.28734614376675,-54.66339640913,-18.911690237680002,,,
837,-15.191715251228082,,-14.027716014010002,-39.655898465318295,-8.836344652044964,,,
838,-14.729573448439455,,-18.851112074622502,-10.415927015426666,-2.0833895365746655,,,
839,-55.07191387637454,,-63.423262859587496,12.537924032176667,-20.488638759788294,,,
840,-25.650545460090814,,-33.5029363648325,-72.15173427382334,-3.8869880042280016,,,
841,-42.90917266445728,,-13.2055858469275,-52.08425367184333,-15.219654699904668,,,
842,-23.069571886132902,,-10.2299821223075,-11.818258800257999,-37.72234471378,,,
843,-22.9246896385099,,10.768317363365,-2.01896552921163,-15.961425554915666,,,
844,-38.69272154758946,,-22.5977937193325,-89.04184305163666,3.381526270455334,,,
845,-16.650811064952084,,-27.228976187024998,-34.49869334252,-32.51575813481,,,
846,-40.121805203637635,,-35.1581423943225,-9.319216752444333,5.993421704766668,,,
847,-5.199279517837444,,-25.7776189662125,-9.047882473109,-15.52429525958,,,
848,-20.216440340221904,,-22.51355325901025,-44.364021778435664,-59.78836266220666,,,
849,-20.24733997879009,,-53.28102690232825,-51.858150372738294,-42.38110147896666,,,
850,-17.815915489371637,,-33.06668393946675,-37.174496989771626,-26.16301119658233,,,
851,-18.39259016155909,,-16.481729599185,-62.91377085122829,-50.84248697374333,,,
852,-32.239694540784086,,-26.853569319885754,-12.898327363400336,-24.616161651795665,,,
853,-20.788145374593,,-41.40989134706575,0.1583917285423316,-46.87710253620801,,,
854,-28.74891367274063,,1.2182313691842506,-25.648996520976667,-9.851908660687,,,
855,-44.108711616454,,-27.785659881665,7.443598432739667,-40.719880879066665,,,
856,-20.215853231465818,,-12.9490448524265,-3.1302134205266654,-2.5824024508580004,,,
857,-26.51187344434145,,-34.917240333554254,-66.55948211630665,-16.637098609210998,,,
858,-50.98876256191973,,-48.87864686356251,-25.61516047041467,-59.93387132291334,,,
859,-32.89049387875672,,0.49198285697500066,-96.29477910187332,-60.38455228126,,,
860,-19.491205431610172,,21.152646589197502,-17.88046052125963,-5.031574995781,,,
861,-43.10266919000309,,11.433737476970277,-64.54112558339467,-26.325745992519,,,
862,-7.594811690295265,,-25.679785768671223,-41.73707188606233,-13.915041296982332,,,
863,-2.363973520528273,,-20.70006727693222,-25.23005944860334,18.275684850105666,,,
864,-26.82755868004681,,-0.728612937347501,-35.737829200940006,-43.025068436026665,,,
865,-25.509358056784546,,-18.849550405403722,15.116480366933331,-58.03099901602667,,,
866,2.7793801754084533,,-8.429764616954248,-56.548583418369,-14.911947950661334,,,
867,-27.548811161519726,,-25.318011861111753,21.047656390918668,-39.01190169089333,,,
868,-13.692350831614716,,-36.476961260144996,-11.642621345066667,-0.7766789991033344,,,
869,-35.11437381293273,,-61.598082027777494,-51.13095493503,2.3502518281133313,,,
870,-0.2804455746582745,,-30.45521937686,-60.35229953750667,-20.73453939986,,,
871,-34.838110361893364,,3.4418293761750007,-39.33415300611333,-31.08061101702,,,
872,-36.69752297735182,,-33.683428242391,-1.2445195215613332,-6.032107426402333,,,
873,-16.576251058894993,,-18.656545184166006,-0.8411209173766659,-20.684114345984337,,,
874,-21.104676585416634,,11.747958916982027,4.510500251046667,-34.918677014759,,,
875,-20.87076699907091,,-7.5584196804067485,-31.466845087590002,-31.773490328583335,,,
876,-18.633870716758818,,-23.708764561146,-29.308214758438293,-0.42222163358433534,,,
877,-19.22682638002482,,-58.309466706117504,-50.02125753084332,-13.108367393236668,,,
878,-29.962374891491184,,-29.30796602426622,0.5118134682199997,5.091063918043332,,,
879,-13.991463936710447,,-57.23234378098,3.397634265265667,-28.24319371633,,,
880,-30.485729626300998,,-16.99938761194675,-21.86087653651333,-4.35587212403,,,
881,-24.48516915233209,,-59.047037354525,-12.70555022214667,-57.114137352629996,,,
882,-4.478425218835627,,5.05025670620675,-32.160184596398004,-46.215477096229996,,,
883,-23.364139823431277,,-18.0893868884835,-2.953522429194964,-29.114325480823336,,,
884,-23.192344457831187,,-15.043224115688723,-44.556363569691335,-12.01270766501163,,,
885,-4.812985276549536,,-38.5796807418035,-0.32599607331566577,-6.048773974110001,,,
886,-15.200501148150277,,-21.80096604803372,5.573903199298667,-25.922340451377,,,
887,-14.60299653320818,,-2.86876661475,-29.11376589368467,-22.29591269929767,,,
888,-32.9253640009161,,-1.8033780621925004,-85.14144220921,-12.04436510136,,,
889,-11.455149602159809,,-27.4219650241375,-57.36828225099333,-18.298831068853335,,,
890,-16.89292974542117,,-5.274051433671223,-63.44548873492334,-26.16301119658233,,,
891,-24.04571518361644,,2.329634558465,6.879580078000001,-18.47610649557433,,,
892,-23.6366111292999,,-10.02533050391,5.13888794919,-11.207551430545669,,,
893,-18.55448662923236,,-38.290070801889726,-50.553010201136665,-25.679612327426668,,,
894,-29.505609859711,,9.17272988899925,-45.556415924773326,-41.60713451267333,,,
895,-29.676581189733362,,-19.4787349854625,0.6423352762966678,-49.665756567529996,,,
896,-26.8278305630129,,-58.78078209402,-25.745689215463333,17.856757716986667,,,
897,-38.57424284457182,,-17.761914132005,-21.021946887343336,-9.594659784384332,,,
898,-30.089945793950275,,18.78282951440925,-34.91706192304466,-8.836344652044964,,,
899,-41.21219675329808,,-60.62974622612249,-12.156658900719002,2.2203393023056663,,,
900,-12.85725804994381,,-12.781815472579249,-40.943375184254336,-70.55550524041666,,,
901,-33.17629461161344,,-21.0263771672635,-26.906359354341628,-39.89813957663467,,,
902,-23.368110871317093,,-27.167753488335002,-16.76650424469467,-31.419534883874665,,,
903,-16.475187778805182,,-4.10181984629925,-0.09992952794000114,6.5739853717633325,,,
904,-45.57689206204627,,23.98163096690675,-35.19101213355667,-3.775800439118297,,,
905,-10.048642643425454,,-18.971135610798502,-16.510306937316667,-13.914025548587668,,,
906,-41.45403406346818,,-33.2846025582125,-16.76650424469467,-17.73385163036,,,
907,-10.738287217367638,,-16.83253839978675,8.233079020399998,-0.6810279348923333,,,
908,-20.137045155549536,,-35.20649619604825,-23.038691330813332,-69.76437477510568,,,
909,-15.561127811980363,,-19.3824224582575,-7.740645167263334,-7.901246074767999,,,
910,-16.193651379925452,,9.0031375059025,-0.324982292671334,-32.32241053419,,,
911,-13.451099556878455,,-34.9047806452875,-36.41612419072133,12.650148257973335,,,
912,-28.111879920979085,,-8.198943556255001,15.003729372763333,-26.260225689553334,,,
913,-12.334606445079629,,-19.733693423509997,-4.195279188481002,-44.266310333700005,,,
914,-25.922421497429728,,-61.7793476736475,-50.11793034758467,3.800995080791703,,,
915,-34.25319734266682,,-27.2632758627485,-34.064183015211334,-54.66179922795334,,,
916,-40.71534800336246,,-3.993046155472501,-8.997414661139333,-22.070338136083333,,,
917,-39.55434662946373,,-2.9421001269119724,-16.47808597818,-5.790472595759,,,
918,-18.308949335521717,,-35.2661333867875,-16.639210651916667,22.773323878818662,,,
919,-30.424642457173544,,-50.22125128101,-9.915903322794668,9.42546819753,,,
920,-26.516259220548626,,-1.2845027522900008,-13.799646521823336,-30.61282816127333,,,
921,-11.652465915822456,,-30.8661223299575,4.704344802739999,-57.94991436336434,,,
922,-11.670752246195729,,-19.782049476573718,19.709743644544332,-20.894106648591,,,
923,-33.75534077012009,,-11.79047534203325,-52.06763381719666,-37.898503967526665,,,
924,-29.589264239097716,,-5.962468422410751,-13.607357427854666,-3.663518546687667,,,
925,-27.249692917224547,,-36.21030719644925,-2.888012065634667,-16.283153103224333,,,
926,-21.732662326568082,,8.43514580774,-39.79878819270133,-3.532490882604666,,,
927,-16.805192645135627,,-29.4900195709875,-14.220663852850334,-15.267519521326667,,,
928,-41.259960989755186,,-4.3918591828350015,-15.913061813996668,-15.219654699904668,,,
929,-39.18973971252518,,-47.52556264231251,-57.772154926427994,-11.640971467068,,,
930,-15.544412553904715,,-14.861191455964253,-54.54851846371766,-15.317420809194964,,,
931,-3.6125902978840005,,-24.701321989114998,-4.853805619830001,-46.024208719546664,,,
932,-36.61799226050846,,-39.172244416835,-33.11245464395667,23.78840584470233,,,
933,-26.46353102197936,,-40.440344226628255,-30.758888438313672,-22.24758571309467,,,
934,-24.102987985645896,,-14.038224159322498,-40.94337518425433,-6.4521447287379985,,,
935,-8.417585296109092,,-49.822055134953246,-39.525946183501,-20.37744125536,,,
936,-32.83280310095509,,-35.763569763804995,-50.13195911844567,-63.68823176673334,,,
937,-10.720556004558455,,-36.331925945545,-34.93429002579433,19.628642115518666,,,
938,-35.51074774691171,,-43.5485049419175,-70.44270952061,-17.52486710434,,,
939,-48.39516105341863,,-40.212319292720004,2.994291360346667,-67.89528085214333,,,
940,-15.877827901298183,,-4.935662022757501,-81.59604641327333,8.36201255208,,,
941,-16.42244035117482,,-2.119928961458249,5.880591198084333,2.3185725458123314,,,
942,-22.400914754127637,,-21.026755859196,29.222221835002,-47.1510656878283,,,
943,-26.225798936562352,,-51.0437862299525,-10.045338775282632,7.169096606576665,,,
944,-25.038844803427367,,-15.429547637419999,-47.13492787563667,-4.130832300694965,,,
945,-36.07306537615064,,5.196041174941748,-42.703355795953335,-45.749175155421334,,,
946,-14.19333055733199,,-17.979032892697496,-28.291010810821334,-20.441333525216667,,,
947,-24.765696655443094,,-26.86527760253575,-52.327540348389995,-29.066535202100997,,,
948,-22.79684171373045,,-26.51441809791825,-25.16507088411467,-50.24424494592,,,
949,-30.639682924985546,,25.916386823286498,-17.911091236247668,-65.68571257494767,,,
950,-29.812825779563447,,-45.917877011854245,22.28993494906766,-36.689507876844665,,,
951,-28.4946254382859,,-43.562153585935,-11.689353117836665,-29.517169467003338,,,
952,-24.233953924118907,,-47.97348903053499,-8.125259176593334,-31.80625099711,,,
953,-2.108521883602354,,-42.99257265284,5.380048708660001,-12.930595015296667,,,
954,-12.844513020991183,,-56.133421166895,-57.854260297068,-37.07729937240333,,,
955,-25.887261336464906,,-32.837870328742504,-79.22744759454667,-20.34467064780667,,,
956,-21.288966245541715,,-28.534117367439997,-39.79878819270133,-42.106102701130006,,,
957,-20.669771850297447,,-54.512891953531,-37.04454967743433,-18.104988485061998,,,
958,-34.22231343115182,,-39.813532355585,-9.060322967266666,-0.6960873624680005,,,
959,-19.100383641824273,,-4.609780752859999,-58.44993805598667,-48.150613120431,,,
960,-37.01350502857337,,-12.842253997509472,-12.979473617965667,-34.465953586588,,,
961,-23.864820559543638,,-40.30858111543675,-78.93582202500001,-74.10143080671666,,,
962,-10.105193877598628,,-22.777470830072502,-43.81254134036334,-23.247111299799997,,,
963,-17.257533951586808,,-12.528040011480002,-6.708896653363333,14.664785627569001,,,
964,-23.26265204555609,,-53.896168537558495,-42.831742681508,-4.355872124030001,,,
965,-25.149307404538455,,-28.47372729571697,-17.750476454446666,-7.112756387933334,,,
966,-7.6084300830956275,,-3.8472393239874982,-26.615769410949998,-38.463022275633335,,,
967,-16.615525932092627,,-4.294394971233724,3.97876445674,15.664828043928368,,,
968,-10.123066834953908,,-32.23402551598525,-29.903850793726665,-9.465803797391333,,,
969,-30.098578002943363,,-12.322605695308251,-27.872550811220005,11.199439791430999,,,
970,-38.947919202735825,,-19.708724894596223,-30.242239920839996,-75.32704675212,,,
971,-23.469470967050725,,-7.3050639097775,-4.950990296103335,11.602845332572997,,,
972,-26.911745700948714,,3.441795831733778,-54.46793179620334,-26.793538787292334,,,
973,-27.017808717921454,,-43.8381432234875,-30.69394263140467,-51.26146877190467,,,
974,-14.12328372792918,,-35.69065291562222,-31.17572837628296,-46.63490418300467,,,
975,-24.22120022665891,,-28.739965395966,2.5597501813399988,-9.836379096824333,,,
976,-22.366470739337547,,-45.4228058894085,-6.660055839883334,-29.29210676355,,,
977,-10.659181252606636,,20.886372693014998,-50.37469417897,12.457339332120666,,,
978,-5.124570708726446,,-46.871392373480006,-7.078958125436668,-59.303938106240004,,,
979,-27.456957202884823,,-39.933169745266,4.155468389469999,-44.63639965511667,,,
980,-7.788889648649535,,-0.8007187462599998,-45.00858310922666,16.245441406055036,,,
981,-23.236128978107367,,-23.8674477440175,-48.23064920616162,-23.183722918354665,,,
982,-22.141486648012183,,-17.375585407270002,-33.20862357206334,-9.610273829892334,,,
983,-11.634754778451626,,-41.20405224845,-47.66666563769133,17.922263110655333,,,
984,-26.317357180535716,,-13.265609184316002,-38.89806734319767,-7.789520767714333,,,
985,-2.0732280821179097,,-24.36294973829,26.60977478475333,-73.39192366901666,,,
986,-9.116299847875183,,-7.583796718259999,-13.560009435405666,-11.818818387396668,,,
987,-33.49281797261154,,-14.9212028358125,-44.23305074637,-44.942521129730004,,,
988,-36.27506075235555,,-46.945078487515005,-33.20966416779667,-2.8246157126016294,,,
989,-34.94738056208309,,-16.903857783202504,-38.67297979195133,4.542703299578666,,,
990,-18.68687430025009,,-22.282804489795748,-28.967243452637664,-8.932977712379001,,,
991,-29.007774435841352,,-51.5150956393025,-4.35587212403,-31.676810575096667,,,
992,-19.556836667706726,,-30.5300959225125,-12.318307340761002,-14.751374892863332,,,
993,-24.805661105004546,,15.4829397336075,-11.044312746051332,-19.10450216514667,,,
994,-32.33253491922464,,-54.754974040185004,-0.9055956547980019,-18.219329723003337,,,
995,-29.619736669443807,,-4.500196798441001,6.378540636973335,16.148808345720997,,,
996,-26.661851911306634,,-15.309088026825,-9.853038707574964,-23.37493663009,,,
997,-25.940157312758455,,-39.60769100598047,-1.0994879340199997,-0.9538818505733341,,,
998,-41.54149143085882,,-20.70046235315575,-24.682208722450003,-34.33701508539567,,,
999,-24.643652427946094,,-43.51225675087122,-17.9599370195463,-25.486828249593334,,,
