,Breast,Cervical,Urothelial/bladder,Salivary gland,Endometrial,NSCLC,Rectal,Anal,Astrocytoma,Cholangio,Female genital tract,Gallbladder,Pancreas,Prostate,SCL
0,-8.456924830823304,-5.403235270337399,4.926511201074,-2.1869605964053327,,,,,,,,,,,
1,-12.60202330375597,9.9392622598934,-4.925141358266399,-14.622256015208334,,,,,,,,,,,
2,15.166110771538222,-11.6619307859756,-27.714325765894,-13.366653519789464,,,,,,,,,,,
3,-5.309870595209194,-12.487730888734399,-19.3114475273098,37.48525122918333,,,,,,,,,,,
4,-18.711012368016195,14.93752559761192,3.4342754855387994,-0.40014166061799966,,,,,,,,,,,
5,1.539602483246333,-1.7088663895796798,-11.850272044549799,-13.221774835011999,,,,,,,,,,,
6,2.7066698877851114,-2.5056910501352796,5.0568993645900004,-5.06035935166,,,,,,,,,,,
7,-6.356205516804266,5.404604228884801,0.05863646900299955,-18.002722798342333,,,,,,,,,,,
8,1.6039935829479175,-27.482523112540598,-16.225563374924597,-27.902665550703336,,,,,,,,,,,
9,0.6059498368811111,11.48944797556992,25.354198837759,-1.873061446320467,,,,,,,,,,,
10,2.867644075429585,0.6816084763473995,9.49014157937092,-16.336636345494664,,,,,,,,,,,
11,-6.380352209894265,3.9703202820163717,-15.732979531099,-20.224174840931667,,,,,,,,,,,
12,0.1471720020180006,-5.895816903513799,-20.3545634465836,-15.950297116134246,,,,,,,,,,,
13,7.94639568598489,2.0289656544828003,4.404952357177,-6.050352890009332,,,,,,,,,,,
14,-10.24374376661411,-13.139677454019,-16.1241488850874,-37.60944016214667,,,,,,,,,,,
15,-18.236137556517082,-3.6067569695500006,-3.1866134997529976,-4.601582253676667,,,,,,,,,,,
16,1.5717979102834438,-3.3604665950954002,9.171412599408802,-5.7605984679893325,,,,,,,,,,,
17,1.4591163719382223,-6.258010815298279,-13.458408202499479,-19.354911574872336,,,,,,,,,,,
18,9.314680456634251,7.041718039691119,-2.462227886832,-4.046218137702666,,,,,,,,,,,
19,4.775194020396179,-1.4336005729218801,-2.1724734648129997,2.1835019357326666,,,,,,,,,,,
20,-17.262240257915778,-5.8523546244691484,9.5915556270772,14.498064134707668,,,,,,,,,,,
21,-8.424730386298082,-12.545682657396227,-11.4011526904176,-23.918543721690668,,,,,,,,,,,
22,-5.808890871659887,17.458389069188,-11.0534473839926,26.909211877907,,,,,,,,,,,
23,-4.987921237408778,-3.461879758542999,14.358016753569922,-6.654008672769997,,,,,,,,,,,
24,-2.508910691090711,-9.3583840151754,-25.932336954733,17.78194905804,,,,,,,,,,,
25,-19.298569946002,26.122045845462203,1.6957480691560014,-31.790205519907577,,,,,,,,,,,
26,18.836332467950427,-8.74989884466975,-16.442879633569397,1.1210675812239999,,,,,,,,,,,
27,7.1334725750268895,4.5788050103874,3.8254426288745207,14.111725642231667,,,,,,,,,,,
28,-4.585483803272999,13.32938855539972,-12.386316841026,6.360794853190533,,,,,,,,,,,
29,-0.7945296239202233,-21.441143413417997,7.461861951622001,7.519811067502334,,,,,,,,,,,
30,2.022527011202778,1.4639440894104012,12.34422263626972,12.276615776537666,,,,,,,,,,,
31,-10.82325310191089,-1.3611615252857987,15.661911652661598,-0.5208741435600004,,,,,,,,,,,
32,4.0186130295649996,-8.373218980305799,18.47252954625865,8.171759990816666,,,,,,,,,,,
33,-7.136932709468711,-9.416334015316547,-16.370441028066,-2.259399201912667,,,,,,,,,,,
34,-4.963774789945333,-10.7347175197718,8.606390592209852,-11.121055275362998,,,,,,,,,,,
35,10.248332611743873,3.434275043410002,-10.923057009823399,-6.026206688175667,,,,,,,,,,,
36,8.002736823598669,-18.094479839083796,2.1303792600576004,-1.8972061743889987,,,,,,,,,,,
37,-1.1084307390324157,-1.926181321835599,3.6226158598514515,-3.0079321956809104,,,,,,,,,,,
38,-2.066229587231554,-1.795792716187399,-8.373218096045399,28.06822956599,,,,,,,,,,,
39,-11.45105434962011,-6.460839352844078,7.882005421419203,20.96924622649,,,,,,,,,,,
40,-19.72515284508722,-29.003733828147396,-5.79440462432748,-9.116920523059001,,,,,,,,,,,
41,-17.463458606539,1.1017532725384,-3.548807411539201,-11.603979312062334,,,,,,,,,,,
42,6.135430548358,17.60326628019732,-26.598772125378797,-9.310091611506,,,,,,,,,,,
43,9.065169704340331,-13.443919597138,-1.1148698244386,0.6622912201263335,,,,,,,,,,,
44,-3.6920748266347108,-14.80576714915468,1.2611164361284521,-13.487384528962915,,,,,,,,,,,
45,-8.819117858346488,10.721597872957801,-19.6012019493312,-2.162814394572666,,,,,,,,,,,
46,-3.6920740897517086,11.445984812268321,-22.5422102170954,-3.152808669806665,,,,,,,,,,,
47,-10.670326665699667,1.8406248380370003,-9.285944525409347,7.616397348611667,,,,,,,,,,,
48,0.5979011029366958,-24.80229382459068,-2.4477392814680003,-18.364917299636666,,,,,,,,,,,
49,6.07103993991354,4.5932931736222,-3.867536833629947,3.6081278439983344,,,,,,,,,,,
50,0.3000977013439183,-12.980313406168,-23.933031000661995,4.477391110057668,,,,,,,,,,,
51,-12.891777725777194,4.593292731490202,3.1879833425616,8.654684027514,,,,,,,,,,,
52,-14.646401725789556,-9.025166429852082,10.5042829407004,29.758463694441332,,,,,,,,,,,
53,-4.046218628957821,-20.8181705218136,-21.9627013730562,-8.633996486355334,,,,,,,,,,,
54,-4.1830473516504885,-11.18383598964088,-1.7378418317844002,15.150013794904666,,,,,,,,,,,
55,10.795646765631444,-4.8237273105592,-8.083463674026,-3.128662467972333,,,,,,,,,,,
56,11.906372786926987,11.735739676419799,-5.7364537399216,-24.111713336372663,,,,,,,,,,,
57,-14.936155656553106,-18.6739886831252,-21.107925828095798,44.7049633672,,,,,,,,,,,
58,-7.4991250001123335,3.8689062343092004,-8.11244000048788,-49.89985689617333,,,,,,,,,,,
59,-7.563514871672333,7.780591815842652,-45.302420066786,-39.34796669427,,,,,,,,,,,
60,-3.466709293661885,-17.8626754172094,-3.2300779894466,-2.3076901318133323,,,,,,,,,,,
61,9.692970215167001,-18.9637431051448,-29.11963559695448,-31.186550474032,,,,,,,,,,,
62,5.338605396547113,-18.572574635418547,-30.235190121732398,-19.354910101106668,,,,,,,,,,,
63,2.843498119221889,-3.896512275833228,8.794730966520401,-4.891335201926668,,,,,,,,,,,
64,-3.362076243634333,6.013089841518452,-3.3170025475333986,34.37038971869333,,,,,,,,,,,
65,14.192213472937778,22.2393379167818,-0.5498487014986001,4.9844613485946665,,,,,,,,,,,
66,-17.898090239570415,-1.1873075456831992,-7.982048742058,-5.664013660646667,,,,,,,,,,,
67,-2.903298408767556,-24.1068840960048,-4.80923870519708,-3.128663204856666,,,,,,,,,,,
68,9.878092078413443,-16.051709395320547,-17.5729218794486,23.818498043023997,,,,,,,,,,,
69,2.2398428277181117,-14.313184631720398,-5.997231835479401,-9.623990761591669,,,,,,,,,,,
70,3.374714559592222,-5.3452843859352,-12.19797646671375,6.553964467867668,,,,,,,,,,,
71,-0.13453442294241544,-5.330796664836,-2.056572580266028,-22.276600523143333,,,,,,,,,,,
72,-18.727109835906443,-3.795098228124,8.08483351683132,15.970984657294002,,,,,,,,,,,
73,-8.400584184463776,25.571513770015002,-1.8247672741296,10.175894743123665,,,,,,,,,,,
74,-2.919396367913333,-3.6647069696967995,-8.387705817146548,-31.621182107062335,,,,,,,,,,,
75,2.6664254811752226,8.881658619518,-4.374607514297398,22.418019810360004,,,,,,,,,,,
76,-9.18131088587422,-17.703310485096402,-25.063072804409998,-8.416682143610332,,,,,,,,,,,
77,-15.081033358818665,-20.209686235574548,-6.605716121721201,-22.638795024435336,,,,,,,,,,,
78,-6.7505932344809345,18.588430430806,-13.6322617399728,-15.129326253744999,,,,,,,,,,,
79,-13.575919619847417,-20.064809024562678,-27.873691582266805,8.992730116323335,,,,,,,,,,,
80,-1.1406264116948215,-8.8802883345818,-32.828492198812995,-3.104516266138333,,,,,,,,,,,
81,-3.2011015647324137,15.835764305873798,12.836807364356599,-13.487383055197801,,,,,,,,,,,
82,-7.048396390446222,24.16620482321677,-4.8382141473982,2.159355733897667,,,,,,,,,,,
83,-0.553068833709778,1.6233094636527998,4.9699734801162005,49.55834993604,,,,,,,,,,,
84,-6.75059323448111,-4.0703644869134,10.967890015932602,28.285546856270997,,,,,,,,,,,
85,2.280086006189139,0.13107507450785222,-6.6346924481844,-8.754728969300333,,,,,,,,,,,
86,-8.682288890026554,-3.302515710693079,-16.67468317118468,1.7730150307698664,,,,,,,,,,,
87,-6.098645784936192,10.851988689255053,0.2614654486766014,10.344918155966,,,,,,,,,,,
88,15.423669520894444,-22.542210217096482,19.09550155360292,-25.63292405197691,,,,,,,,,,,
89,18.313165252780447,-9.3873594573766,-11.241787758307598,-30.075823715853332,,,,,,,,,,,
90,-8.16717065443011,12.706416548056449,0.24697684331660028,2.376671550411333,,,,,,,,,,,
91,7.350789128426066,-5.041041800683999,14.227626379402121,7.688835954115,,,,,,,,,,,
92,-11.096910301669114,-28.713979406126803,6.0710402837946,-16.095172853380003,,,,,,,,,,,
93,7.552006248911332,-2.21593662811508,12.4601266157288,-15.22590958731667,,,,,,,,,,,
94,-9.80106364526622,-13.19762922268248,3.3908114379746004,29.758463694441332,,,,,,,,,,,
95,3.1252038072960002,-19.0506694317512,2.2607691920960002,10.658818779823998,,,,,,,,,,,
96,2.6342310366525847,2.507061335075,9.446678416068,-39.178943281422335,,,,,,,,,,,
97,2.4008175066192887,4.448415962611,-7.083810918054999,6.5056720641979995,,,,,,,,,,,
98,0.9600936392072903,-2.129011185770748,-5.968256393278398,7.882006305679998,,,,,,,,,,,
99,5.26616580852925,-7.4025407822782,-5.012065916351801,5.370799841073333,,,,,,,,,,,
100,-6.002061223223553,13.184510460128001,-14.110356536306199,4.501537311891666,,,,,,,,,,,
101,17.741704651429544,15.908202911379721,0.7830225240529998,11.528082045884332,,,,,,,,,,,
102,-6.404498166103112,5.361143276232001,-6.113134488549227,21.838513176973336,,,,,,,,,,,
103,-3.096468269076933,16.4877117554184,25.52805060671205,10.1276023394522,,,,,,,,,,,
104,-0.6657501264285565,-7.243175850166798,-10.256622281309998,3.632274045832002,,,,,,,,,,,
105,-11.628126250782664,-3.8240745545887997,-5.8813309509314005,-40.31381476767,,,,,,,,,,,
106,-16.53785469412011,-7.185224523633998,27.686721935022,-12.521536455563998,,,,,,,,,,,
107,-9.664235413829777,7.867518142450599,-10.140720070369799,31.617721235737665,,,,,,,,,,,
108,3.2378865737825846,-3.186614826144228,-0.8685785657216003,1.9661861192149994,,,,,,,,,,,
109,-5.398405440462934,-0.6947250282481988,11.460472533368801,5.370799104187753,,,,,,,,,,,
110,2.6986199256998895,-8.0834636740264,-10.8216438463768,27.657745608558667,,,,,,,,,,,
111,-8.650094445502933,-2.7664700299544798,-8.8658006134798,30.241389204909087,,,,,,,,,,,
112,-7.6842453895914895,3.7240290232993205,-21.962700488797402,-18.558086914317666,,,,,,,,,,,
113,-1.2291622394629047,5.708847256268,17.5308276746924,-2.549153623929333,,,,,,,,,,,
114,-0.6577021293670158,-9.633649831834399,-15.052058407873199,-37.392124345633334,,,,,,,,,,,
115,-6.002060486340304,1.9130638856717201,6.259381100235652,-36.136521850213335,,,,,,,,,,,
116,-1.6155014688232376,-0.5643373068609485,-15.964783952974347,12.20417643414667,,,,,,,,,,,
117,-6.058402115210001,9.750921443449453,20.863003527924597,20.148275364101334,,,,,,,,,,,
118,-16.55395216201078,2.7823262674719205,-9.9234051381152,-20.200028639099,,,,,,,,,,,
119,5.483482607555028,-19.181058037398998,1.913063001411852,-1.5108669450263328,,,,,,,,,,,
120,-5.382308463829822,-5.678502413386799,-15.83439534732575,-20.972705624049997,,,,,,,,,,,
121,-4.5854845401594435,-3.7950973438654003,-9.372871736275547,29.710172764537333,,,,,,,,,,,
122,10.425405495418401,-13.9075284408916,17.241073252672923,16.74366090536242,,,,,,,,,,,
123,-5.068407594347445,-8.416681259349799,11.9530554929344,-16.457367354669334,,,,,,,,,,,
124,4.984461348593334,0.16005007458200177,-6.2000608151551475,-18.437354431375667,,,,,,,,,,,
125,-18.517842753336527,11.3445712066894,-9.923404253853747,-4.698165587248333,,,,,,,,,,,
126,-14.348597096056665,18.8347225737848,-11.5460290171678,-12.956168088592,,,,,,,,,,,
127,8.147613788980998,-13.429433644558,-15.428738272237997,14.498066345358666,,,,,,,,,,,
128,-1.9052551539594436,24.716736898664,14.7491852232988,-20.031005226255665,,,,,,,,,,,
129,8.429319722685445,-15.457714598701198,-28.004081072177797,-39.951621740142336,,,,,,,,,,,
130,7.648591547506888,13.937871957382052,-1.8102808794181482,-17.906139464772,,,,,,,,,,,
131,3.2217878777534454,6.7374758965698,-0.9555040080674786,4.284222969146666,,,,,,,,,,,
132,-7.080591080598666,1.9130647699316001,3.3908132064962,-0.2552629758366661,,,,,,,,,,,
133,-1.7201347644818892,9.2438512049152,-22.020652257458,6.674694003278667,,,,,,,,,,,
134,-7.466931046843156,-18.137943002388397,16.8209288986128,-16.74712177669,,,,,,,,,,,
135,-10.453011340439637,8.678830081975,5.766797698540199,40.093041027363334,,,,,,,,,,,
136,12.936610486260252,-14.7623031015906,-26.989940595104677,25.146540617718667,,,,,,,,,,,
137,-1.1567231427017495,7.085181202992001,13.850946515036004,-19.234179091931328,,,,,,,,,,,
138,6.980547121327001,-16.732634055591,-15.921321231802546,18.916819070515334,,,,,,,,,,,
139,9.636629814436557,-2.3463261180252006,2.7533521516594517,-1.414282137687999,,,,,,,,,,,
140,-9.567649869604999,28.06340135726,-12.60363177328,1.4832620825155327,,,,,,,,,,,
141,-13.157385945962334,-13.2410923859868,-29.119635596954602,-6.847179024334333,,,,,,,,,,,
142,20.888759132669776,-2.6215937032056282,14.053775494710598,-23.194157666642,,,,,,,,,,,
143,-7.668149395467972,3.5646645333186013,-3.389442037298081,-23.580496896001332,,,,,,,,,,,
144,-15.089082092764666,-29.5108040666816,-17.25419201522468,12.614661128461998,,,,,,,,,,,
145,-1.4223308716309988,24.1662048232164,15.488059883710003,0.13107330598733333,,,,,,,,,,,
146,7.777371536254112,-10.923057894083481,-4.128314487057999,15.22245387418,,,,,,,,,,,
147,-4.69816607850549,6.853378107506602,3.9992957242191713,30.82089804894667,,,,,,,,,,,
148,11.367107612610845,-15.34181194563148,-9.1845313619644,-12.352513042716666,,,,,,,,,,,
149,7.986638864453695,-5.7799160189668,14.778161549760801,-13.728846547313665,,,,,,,,,,,
150,-1.3257463099193327,2.1883305865896516,14.83611154990252,2.135209532062753,,,,,,,,,,,
151,2.0547214557267783,4.129685656256202,-3.1866143840146806,0.46912013167753325,,,,,,,,,,,
152,-10.147159204902888,23.89093812229805,-13.588797692411399,19.496331598976667,,,,,,,,,,,
153,-11.298128650293444,-4.9975799637714005,-21.470117971362,2.352525348577334,,,,,,,,,,,
154,-18.260283267095776,-6.83751789082,-3.693684180418799,17.685362776931,,,,,,,,,,,
155,-9.945940856277112,-17.9351140227124,15.546009883854197,16.381470088488,,,,,,,,,,,
156,2.8274004057055557,1.6667735112159192,-4.2297298611554,-0.6416051527316666,,,,,,,,,,,
157,3.841540391520223,13.503243419263999,-7.228687244806549,4.598120645464999,,,,,,,,,,,
158,-5.8974279275671115,5.172801133400201,19.3273042069576,10.513943042580001,,,,,,,,,,,
159,-1.1486741631288884,10.605696988409601,-5.866842345570199,-7.571563605616333,,,,,,,,,,,
160,4.968364126330779,-9.213505919903948,-12.8354361951584,30.096511993897664,,,,,,,,,,,
161,3.9220287134830008,-15.950296231875402,-0.47741009599299994,-19.016864749182663,,,,,,,,,,,
162,-0.9877004667405563,-18.427696540148396,-12.835437079417,-10.879594730782578,,,,,,,,,,,
163,11.841983406624111,8.5339519867052,-17.48599466858195,-29.54460874924833,,,,,,,,,,,
164,-12.650315707426778,26.73053013170532,-16.2835138171974,6.553963730986669,,,,,,,,,,,
165,-2.380130456714445,-4.113828092349,16.05308012238992,-6.847179024332668,,,,,,,,,,,
166,-0.7220924921827782,-14.008942488600349,14.459430801278799,-2.1869620701743333,,,,,,,,,,,
167,-0.14258266563126654,18.76228396827812,-2.259398907157801,-15.781273703291665,,,,,,,,,,,
168,2.1352090408043995,-15.2548856190258,8.2152234488742,16.840245712705336,,,,,,,,,,,
169,-17.42321493681486,3.1445210635186536,13.14104729682632,30.072364318294333,,,,,,,,,,,
170,12.284663282342445,4.448415962609401,-4.01241404464028,7.954444174301667,,,,,,,,,,,
171,-8.666191913392332,-10.865106125420798,-12.8209484740558,1.8454551100410004,,,,,,,,,,,
172,-3.8047556280974444,-19.021693989550602,13.24246134453325,-2.98378673073,,,,,,,,,,,
173,9.676872992903558,-14.8057671491548,5.636407766502001,-31.017525587416667,,,,,,,,,,,
174,15.14196358719289,4.303538751598199,-3.925487718035948,4.477391110057668,,,,,,,,,,,
175,11.342961902033554,4.969972595854401,0.4932672177727994,-1.5833055505300007,,,,,,,,,,,
176,-12.280073945956222,0.11658602701600244,-15.341811061369999,34.70843654438733,,,,,,,,,,,
177,5.910065506642555,13.1555359021876,-18.340771097803003,-13.873723758321665,,,,,,,,,,,
178,-8.674240647337378,1.4349690893379197,-22.542209332837402,-4.118658216976001,,,,,,,,,,,
179,7.3990812864671796,5.665383650832401,-15.29834878232848,-8.537413152785,,,,,,,,,,,
180,1.410823231383586,1.4784331369023989,-32.2055201914698,-22.324894400581332,,,,,,,,,,,
181,6.3607941163055575,8.055857190369801,18.371115056421452,-19.258326767535,,,,,,,,,,,
182,-4.078413564739445,-12.212464187813598,-1.4335996886614013,0.10692857792133381,,,,,,,,,,,
183,-18.92832769327622,-3.6791964593168016,3.2459351112258004,-19.81368940974,,,,,,,,,,,
184,-7.788880404643668,2.014478817639001,-0.9844812187905478,-35.726036419016665,,,,,,,,,,,
185,-5.197187583095555,13.025146854407321,-6.808544217138399,-8.537413152785334,,,,,,,,,,,
186,6.135430057102096,-3.4908569692645997,-2.809932308997201,-16.457367354671998,,,,,,,,,,,
187,8.212003906169224,20.90646757549,-9.4453103417806,8.002736577972334,,,,,,,,,,,
188,10.151748786916222,9.229362599552601,24.789176830560454,15.198306198574668,,,,,,,,,,,
189,-6.549375377112667,-6.8809832647734,-15.660542694115199,7.326642189705002,,,,,,,,,,,
190,-6.798885638150779,-11.9661729290954,-15.008595244569799,18.144142085563335,,,,,,,,,,,
191,-0.8991639020892231,-5.750940576765199,-13.342505549431399,9.861994119266667,,,,,,,,,,,
192,-13.535676441377998,-13.241092385984999,-9.358384015174748,-17.302484418897798,,,,,,,,,,,
193,8.139564318152066,-20.3545643308426,-6.5912284006204,36.591840287517336,,,,,,,,,,,
194,-5.9698665330717775,23.7025964215934,-9.184531361963,2.7871555078407533,,,,,,,,,,,
195,-12.5859258358676,-14.8637180335594,-11.618468506932679,1.3625310733390872,,,,,,,,,,,
196,-0.5691653190883331,-7.880636020740001,-0.2311179530159997,-39.10650320215,,,,,,,,,,,
197,-10.573742349614934,-11.299738642711679,6.708499127976199,5.708847403645334,,,,,,,,,,,
198,-19.451495890957492,25.2817580216038,3.0865701791164,-12.20763435794,,,,,,,,,,,
199,15.166109297771223,4.361488751742,18.2262382875422,11.310767703135534,,,,,,,,,,,
200,-7.925708881707444,-19.398374738176,8.37458793885452,-18.775401257068,,,,,,,,,,,
201,7.439324710564332,-4.5629483307394,7.1286430399070015,-22.469771611592336,,,,,,,,,,,
202,8.397124786905778,-0.4194596537213998,-1.6509163894369998,2.280088216839998,,,,,,,,,,,
203,-17.568092639081044,2.8982280362813198,8.6788296398454,-29.761924565766332,,,,,,,,,,,
204,-14.429085909273665,-1.5639896207007995,-8.373218096046077,-14.404940198693247,,,,,,,,,,,
205,-16.795413934733,2.7098894304868004,6.607085522400203,-5.1327972202789995,,,,,,,,,,,
206,0.8715580570680018,13.488754371771202,-24.8022947088538,6.046894229335667,,,,,,,,,,,
207,-9.07667734458871,-12.690558984147,-22.2669435161764,-7.764734694063667,,,,,,,,,,,
208,-2.347935766562081,0.04414786364260017,21.181733392148598,-9.479113550582666,,,,,,,,,,,
209,8.847852905313,-2.4042774445603983,-3.2445657105487484,-14.984447568966665,,,,,,,,,,,
210,4.5337324933005565,-0.8975548921856802,-6.9823959860874,3.535689238496666,,,,,,,,,,,
211,-18.702963388443486,3.405300043336053,-19.2100343638636,-9.744721770766668,,,,,,,,,,,
212,-13.809332904252223,6.157965726139852,4.6802177317052,-7.0886395689159984,,,,,,,,,,,
213,-1.3418442690648884,-6.837519659337279,4.578804126128998,13.000999620937334,,,,,,,,,,,
214,-2.718178264917223,-4.418070235471079,3.4052991590758,-2.2835454037499994,,,,,,,,,,,
215,-3.2252477665686663,0.4353163333689999,7.708151883946121,-11.31422341627333,,,,,,,,,,,
216,3.2942277113983334,-4.5194838410446785,-9.503259457663,-33.84263267588566,,,,,,,,,,,
217,-5.881330459677488,-14.849230312459202,-15.559128646407398,-30.655332559893328,,,,,,,,,,,
218,-7.04034765650086,-11.459102690561947,0.4353163333708004,-20.779536009369327,,,,,,,,,,,
219,-12.875680257886934,21.1527579499466,-5.243869453967881,5.2983634462166656,,,,,,,,,,,
220,-1.3579407544433326,4.6802186159662,8.519465149864,-19.93441894515,,,,,,,,,,,
221,-15.869809776684598,14.705722944256602,-1.8537444848519484,-6.6057170059837995,,,,,,,,,,,
222,-2.2191562690708895,17.9799470288242,1.058288782844599,-3.8289023211875794,,,,,,,,,,,
223,-10.090817330402192,-9.517748063027799,-4.867190473861548,22.418022021013332,,,,,,,,,,,
224,-1.0681870693071933,21.3121237663188,-1.9116953692561995,10.489796103863332,,,,,,,,,,,
225,-0.6657508633118598,2.811303478195799,-5.156944011622,-30.848503648341666,,,,,,,,,,,
226,-1.3096481051449713,5.2742147389768,-7.098298639156799,19.544622528876666,,,,,,,,,,,
227,13.540265777762697,-4.331143908863079,-13.3714818758942,-14.501523532266665,,,,,,,,,,,
228,-3.0481753741496656,-7.909611020812399,4.926509432552601,-21.986847574888667,,,,,,,,,,,
229,3.0849601375729554,3.724029907559719,22.6305055022486,11.503937317815755,,,,,,,,,,,
230,15.69732647502578,21.804706283753454,-12.125537861206599,20.317298776946334,,,,,,,,,,,
231,-0.013802431255637466,22.789871318621,13.937872841641399,4.308367697214334,,,,,,,,,,,
232,3.7530050550083995,25.6149769333162,-9.271457688570598,1.4349696788466666,,,,,,,,,,,
233,10.111504625935066,-3.1721262207834,-0.5353600961389994,-12.086904822532668,,,,,,,,,,,
234,-12.932021395500778,-7.489466666753596,-28.177933725389202,-9.648138437196133,,,,,,,,,,,
235,-16.30444042720257,-6.1565958833306,8.504976544502398,-27.323158180428333,,,,,,,,,,,
236,4.8476326259018885,-17.3700937840348,1.826138001197401,11.262473825700667,,,,,,,,,,,
237,0.9359474373708454,-24.6719052189448,-17.32663062073175,18.240726892903336,,,,,,,,,,,
238,13.524168064245806,3.5791509280276004,10.678135593914,-2.790615642282333,,,,,,,,,,,
239,3.769103259782445,-10.5898403087606,9.417702973865573,-45.143055134673325,,,,,,,,,,,
240,-6.380351964267933,-10.140719186108798,-8.2862917694388,16.30903148298667,,,,,,,,,,,
241,2.545694226373763,6.491183311461401,6.0855293312844,5.22592263006,,,,,,,,,,,
242,-21.47172811115422,-6.823032380366598,14.734697502196203,6.916158969166666,,,,,,,,,,,
243,-14.123234019362888,-8.3152663273816,-21.890261883287195,-5.664013660649668,,,,,,,,,,,
244,-1.4062341406257106,-11.082421941936001,-5.1859185695614,-20.77953748314113,,,,,,,,,,,
245,10.84394064307011,-21.83231188314668,-12.820949358317,13.049292761488866,,,,,,,,,,,
246,3.511542791028585,0.1020978637852,2.7968157570949996,12.614660391577331,,,,,,,,,,,
247,-11.080812588150934,7.027230318591,-8.938239218985,4.235929828593335,,,,,,,,,,,
248,8.735171121338666,10.750574199417201,11.069303179379721,-5.664015134415666,,,,,,,,,,,
249,-5.462795557654554,12.720904711286401,13.488755256031999,23.770205639355336,,,,,,,,,,,
250,-6.211328060167223,-15.70400585741875,7.2590338562048,-24.23244434554833,,,,,,,,,,,
251,13.62880185115914,15.792301142571398,-2.3897892813286,-5.7605984679893325,,,,,,,,,,,
252,-5.181090360833221,-6.547765679446546,2.8257907571658025,-28.530468272180002,,,,,,,,,,,
253,-10.67032617444389,-27.989592466813995,-5.59157564465268,-5.688161336252333,,,,,,,,,,,
254,-7.161079156932193,-0.7237009125820009,-19.050668547490996,8.413222009168866,,,,,,,,,,,
255,-15.225910569828557,-22.09309086296355,-21.6005074612704,15.005136583894332,,,,,,,,,,,
256,10.489795858234364,-16.81955949793655,-21.730896951178003,12.276614302767667,,,,,,,,,,,
257,9.644678057125807,-16.573269123478678,-1.071406661136347,-8.223512528928667,,,,,,,,,,,
258,-8.75472798678797,2.6229617774919993,-18.529110587853,-21.407338730849332,,,,,,,,,,,
259,-0.5852625413504159,-2.5636419345401995,10.388380287634199,24.736055186523334,,,,,,,,,,,
260,-7.8291230918552195,-7.808196088843947,-3.2735398263587996,17.588780180241667,,,,,,,,,,,
261,-3.313783839964889,12.996170085817202,-9.0106778244906,24.929223327434997,,,,,,,,,,,
262,1.1774097013493998,-12.936851127122997,7.853030421346801,-1.3418435321813336,,,,,,,,,,,
263,4.855681605472873,14.502893964583402,-3.4908569692637483,3.753005055009087,,,,,,,,,,,
264,10.755403832790888,-2.2883747914895975,-9.1700431987308,-2.2594006756796667,,,,,,,,,,,
265,-2.6135449692597783,1.7536993956912006,-6.736104727370401,14.932695767738869,,,,,,,,,,,
266,7.061034460776779,-7.6922952042978,-15.370787387835401,-0.8106285655786666,,,,,,,,,,,
267,-5.945720085607667,-27.844716140064996,4.4629032415806,11.866130345343999,,,,,,,,,,,
268,-23.709276147866557,2.1014051442464003,8.968584946125599,1.2418015379333351,,,,,,,,,,,
269,-1.7362319867418603,-18.326282492438,-5.8233796243998,0.20351191149533351,,,,,,,,,,,
270,-23.564398936854573,-20.2386625620344,-15.9937602794394,20.848516691083336,,,,,,,,,,,
271,-12.263975495555558,-10.923057009823001,3.245933784834199,15.222450926643333,,,,,,,,,,,
272,-4.738409748229711,1.9420402121352005,-13.545335413366796,-6.098646767446669,,,,,,,,,,,
273,1.0244837563954001,-0.9410171712273996,-7.474979387783401,-4.022073409637,,,,,,,,,,,
274,12.236371124299446,23.528744210511253,-8.706435681369399,-32.3697143639478,,,,,,,,,,,
275,-3.160858386263571,-17.3845806208748,-17.210728851923,-6.605717005983666,,,,,,,,,,,
276,-4.706213829937636,22.572554617844798,-7.576392551227597,-12.15934195427,,,,,,,,,,,
277,-7.080590834970666,-24.382149912663397,-12.835437079418202,-18.50979451064758,,,,,,,,,,,
278,-8.497168500548712,-2.2738875125218003,12.344223962662,-7.933756633143333,,,,,,,,,,,
279,-19.37905728545242,-7.199711802603398,-24.744342055926,-0.4001431343850001,,,,,,,,,,,
280,13.524168801129113,3.303885995628053,-12.18348962987088,-3.8771947248566665,,,,,,,,,,,
281,-2.6940310805697774,-2.317348907300546,-16.9209735456434,-9.261799207836,,,,,,,,,,,
282,-14.976399326279044,-5.0120668006110005,-11.2128114318434,-0.37599619566666576,,,,,,,,,,,
283,4.083002901125778,7.809565931654599,-5.6785028555190795,-31.91093505531333,,,,,,,,,,,
284,14.055384750243068,7.244545250843453,23.9344021698626,-16.119320528979667,,,,,,,,,,,
285,-6.637910959250014,14.2566027058646,-17.399067457715798,12.687099733964999,,,,,,,,,,,
286,-20.586367377204414,-8.271803164077198,-10.517400818995203,-1.9696462536593335,,,,,,,,,,,
287,4.195685176356622,4.5498300103166,1.0582883407114003,2.4491094190343357,,,,,,,,,,,
288,-24.087566643280375,-24.396637633765547,-17.0513630355524,-4.746459464686667,,,,,,,,,,,
289,-4.319876074345526,18.5884313150656,9.924773654532519,-7.692296088557133,,,,,,,,,,,
290,-1.0279426626991115,-0.4339460484294797,-4.968603637308201,-9.817160376273334,,,,,,,,,,,
291,1.2659462660011402,-3.056225336236147,-16.93546215100568,5.129338559604999,,,,,,,,,,,
292,-24.715367890991224,-2.7664709142158803,-14.168306536452201,11.745399336167333,,,,,,,,,,,
293,-6.493033993869444,-3.1286630574792795,2.1158924232160006,-19.016864749184467,,,,,,,,,,,
294,1.6603339836782216,-26.85955110519608,-7.677808367458479,-8.754728969300333,,,,,,,,,,,
295,-11.306177138611446,-14.095868815206398,-0.15868023177299975,-24.498052565731665,,,,,,,,,,,
296,6.521769777717335,5.2887024600784,-18.5580869143174,-25.729507385549997,,,,,,,,,,,
297,9.644678794007,-2.5491533291813995,-33.3500501584494,19.399743107215667,,,,,,,,,,,
298,-4.826946558509377,14.633283454489199,0.8844356875030002,7.036888504571,,,,,,,,,,,
299,15.874399113071734,-13.487383644702598,13.141049065347199,15.584643954167333,,,,,,,,,,,
300,2.4893535800131406,-10.662278030004599,12.2572963096632,-19.837835611574246,,,,,,,,,,,
301,3.205691146745511,-12.835435310895999,-22.2089926317736,10.610527849919999,,,,,,,,,,,
302,1.7005778990318063,-11.1548614317006,-14.327671468558998,11.57637444955342,,,,,,,,,,,
303,18.610969145628665,-0.8685785657228797,-17.2252165730238,-21.67294695103467,,,,,,,,,,,
304,-4.271583670675349,6.447722358810201,-10.010330580458946,-2.5491550976998,,,,,,,,,,,
305,0.07473388776866703,-1.0134557767320005,2.666425825054799,8.389075070447333,,,,,,,,,,,
306,-10.549595656524305,2.3621841240630004,-16.5877559603188,27.899207626910666,,,,,,,,,,,
307,5.652506511656584,11.6488129076828,-3.0272481255125996,1.0969243269233335,,,,,,,,,,,
308,-2.4364713487026664,-22.947865523666,-15.138983850219399,45.50178802775554,,,,,,,,,,,
309,-20.063199670777156,-15.037569802510077,6.4332328691892,-6.436693593139,,,,,,,,,,,
310,-7.515222468000303,-1.5495023417300804,-19.123108037255797,-13.366652046022333,,,,,,,,,,,
311,7.463470421144066,-3.8675368336310805,14.300065427036401,-6.895471428004001,,,,,,,,,,,
312,-4.746458236546489,-19.1665712005596,-0.2600942794792802,-10.034477666556999,,,,,,,,,,,
313,-7.193273601458046,12.633977942551,9.330776647260452,-18.46150063321,,,,,,,,,,,
314,-3.2735401702395555,14.85059838674612,1.7392112324591196,7.640543550448332,,,,,,,,,,,
315,7.6244460825561395,-24.90370875656068,-11.372176363954802,5.950309421995667,,,,,,,,,,,
316,4.710803903208064,18.443554988318002,-0.40496972196799846,-25.24658334885,,,,,,,,,,,
317,-3.9335358624738586,-9.69160160049868,-10.242134118077798,16.236590666826668,,,,,,,,,,,
318,-17.50370227626466,8.418050217895852,-5.577087923552199,-23.918543721692583,,,,,,,,,,,
319,-4.078413810366712,-20.021346745518798,13.749532467329052,4.2842200216120006,,,,,,,,,,,
320,-14.155429200771778,-8.141415442691201,-37.91368230527,-13.366653519789466,,,,,,,,,,,
321,12.928561997944065,-12.313878235522798,-1.5929646207714,-0.9555057765873336,,,,,,,,,,,
322,6.006650313981779,-29.612217230128,-21.890261883286676,-16.312488669893337,,,,,,,,,,,
323,-2.0018404525558884,-14.458060958472197,8.867171340548401,7.350789128424999,,,,,,,,,,,
324,1.2981407105245562,-8.373217211785398,-20.4414906574492,-5.325968308725334,,,,,,,,,,,
325,-1.5108671906544429,6.5781109644586,-2.4332528867620793,-47.43694430899999,,,,,,,,,,,
326,-6.734496257846666,-4.490508840973001,-0.9555048923295999,-23.556350694167335,,,,,,,,,,,
327,-4.706214812449971,-9.7930152060736,10.4318443351978,8.340783403659334,,,,,,,,,,,
328,6.489574841938111,-1.9261822060955496,-31.133428829993598,-18.65467172165633,,,,,,,,,,,
329,-16.20785660237541,-26.0047755602356,-4.92514135826468,30.748459443441664,,,,,,,,,,,
330,-1.865011238607778,-23.8461042319256,-17.7033104850958,-9.310090137735333,,,,,,,,,,,
331,-13.197629615686777,-28.279347773095548,-24.0344446062398,-27.250719574924464,,,,,,,,,,,
332,15.42366952089511,-23.078255897832598,-6.200059046632998,15.150013794904666,,,,,,,,,,,
333,-8.762776966361553,5.824749467205,-0.7237013547103999,-13.632261739973247,,,,,,,,,,,
334,17.854387417915667,-10.372524492244999,-10.9954947310708,-18.461502106979665,,,,,,,,,,,
335,0.7991192059346672,-18.8913044996416,-8.040001394983799,2.1593542601283335,,,,,,,,,,,
336,-5.961817307871443,5.172801133398852,12.7353915481272,2.2800852693039997,,,,,,,,,,,
337,6.6827444566175584,12.3442226362704,6.462209195648919,-5.084504816609332,,,,,,,,,,,
338,-6.2596207094636656,0.10209874804660028,-5.142455406258998,-7.402541666539332,,,,,,,,,,,
339,-15.024691729947442,-9.7640393217428,4.3035378673386,-26.405602510697463,,,,,,,,,,,
340,-1.011845686063193,14.0682632158106,-9.546724389489347,18.313166235293334,,,,,,,,,,,
341,9.121510350698557,-4.4760211198744,-5.6640142501558,-3.0079329325650472,,,,,,,,,,,
342,-6.887421711545334,-11.09691010516595,4.20212470389172,-0.5208726697916668,,,,,,,,,,,
343,10.425405249788586,6.7954258967146,-7.605367993432,-20.006857550651336,,,,,,,,,,,
344,-0.3920929266707489,1.1741909937794532,-17.1382902464192,-22.035139978561133,,,,,,,,,,,
345,-4.158900904187904,0.7830216397925207,7.9254690268536,16.236590666826668,,,,,,,,,,,
346,-5.148895179425044,-3.05622533623608,5.882699909479602,-26.115848088675666,,,,,,,,,,,
347,9.87004260758411,-7.315614455671081,-26.6712107308848,-4.987920009272332,,,,,,,,,,,
348,2.2800860061874744,9.9682368178356,-18.4132088190474,14.401481538018869,,,,,,,,,,,
349,1.9500879144430003,-4.374606187904148,-1.2742351986827989,35.11892197558134,,,,,,,,,,,
350,-12.867631523942903,0.14556102708911994,-18.688476404226996,20.824369015484667,,,,,,,,,,,
351,-6.710350056011667,-0.4194574430694026,-5.736452855661001,-9.479113550581664,,,,,,,,,,,
352,3.4552016534152212,8.7947322929126,18.84921117914645,-13.390799721624,,,,,,,,,,,
353,-1.8408652823998892,-13.067239732773,17.371462742581603,23.094113461743333,,,,,,,,,,,
354,-12.199586606506998,-4.954116358338999,6.940303549854053,-15.370786798326664,,,,,,,,,,,
355,-1.8167193261931114,0.551218102177252,16.19795733339917,-6.364254987632333,,,,,,,,,,,
356,-6.3964494321568885,-7.8806355786124005,-18.87681589428,-7.5715650793850005,,,,,,,,,,,
357,2.376671550412178,-20.108273072124998,23.1955275094488,28.985786709486664,,,,,,,,,,,
358,-4.078414547250489,-18.311794771338,1.8985770488307996,23.721916920103336,,,,,,,,,,,
359,-17.592238349659777,-13.0527528959326,3.6371044652145996,12.252469574704334,,,,,,,,,,,
360,2.7388633497978887,8.0558571903706,-3.345979758254548,34.177220104015,,,,,,,,,,,
361,12.341003928701362,-19.456325622578145,21.659828188482,-16.143465257046667,,,,,,,,,,,
362,-11.773003707421303,-5.895818672034549,17.979947913084402,6.312502449521001,,,,,,,,,,,
363,-13.583968845048002,-30.423529611783998,-26.6277475675806,-21.91440749561666,,,,,,,,,,,
364,-4.134754947981524,3.4487632066390006,3.3908123222355995,-39.80674452913333,,,,,,,,,,,
365,4.670561707249444,-13.226602896364,-13.2266037806254,12.107590889924332,,,,,,,,,,,
366,-7.233517271181572,18.0378979132274,1.3915063681667994,5.153484761439999,,,,,,,,,,,
367,0.5657064127846669,-8.7209225182114,4.5932922893618,9.306630740177,,,,,,,,,,,
368,7.978590130507734,-8.923752382145079,9.837848212186199,-1.6557441560359993,,,,,,,,,,,
369,-0.27136265437911,9.533605626935401,-7.750245204440999,12.662953532128668,,,,,,,,,,,
370,2.111063084599669,15.140355903677001,3.8978825607704004,-27.685351207956,,,,,,,,,,,
371,-1.9052553995873776,-0.07175390516454776,-1.3176974777229986,-12.714706070243999,,,,,,,,,,,
372,-19.79759095933755,0.3049277277216003,-5.3018203383713995,-5.301820633125665,,,,,,,,,,,
373,10.505892097984475,-11.531542180327401,10.0696526340628,-9.020337189482667,,,,,,,,,,,
374,-14.147380712453,-9.387357688854,-4.591923330810797,-27.129988565750335,,,,,,,,,,,
375,-4.625727964255748,1.5943349057090004,2.4056468452382007,9.354923880731667,,,,,,,,,,,
376,-14.27615996431771,11.576374302176998,-2.9548112885292004,18.04755727822,,,,,,,,,,,
377,10.232235635109513,4.796121269033601,-20.8326582429154,-1.3901374096187133,,,,,,,,,,,
378,-3.6357339346475275,-10.676765751107,-13.356994154792798,3.6564202476686667,,,,,,,,,,,
379,3.5517862151264006,12.74987971136132,3.9992957242172005,-16.1434667308158,,,,,,,,,,,
380,-4.883286959237933,-5.533625644507801,14.14070005279525,13.725387886638336,,,,,,,,,,,
381,-11.418858922583887,-31.69844995293399,-10.5463771454582,10.272479550462,,,,,,,,,,,
382,-6.187182840842305,-13.806113508924799,-5.5915747603896,13.677095482967333,,,,,,,,,,,
383,8.952487183482553,-9.0831164299948,7.403909740825121,-14.163478180344997,,,,,,,,,,,
384,-5.31791834664211,19.5301331866334,-6.909958264843601,10.948573201842999,,,,,,,,,,,
385,-15.370787780839159,5.0713870856934,0.8554602452979196,0.7588745536991998,,,,,,,,,,,
386,7.4393249561931105,-29.336951413469194,1.999989770146999,-5.108651018444246,,,,,,,,,,,
387,-2.8711034729882217,-25.686045696015082,4.535342289215199,-13.608115538138998,,,,,,,,,,,
388,-11.201542860440776,9.171411715148597,11.8371537241274,-11.410811171150002,,,,,,,,,,,
389,7.664689997907956,-7.127274081356799,12.691929269084651,-7.7164415535099975,,,,,,,,,,,
390,-0.6174582140139985,-3.3459793161242004,2.7098889883580006,-10.831300853342334,,,,,,,,,,,
391,-11.579834092741557,2.4780850086114006,-1.535011967845999,-1.655745629806,,,,,,,,,,,
392,6.312502203892556,-11.2417859897838,-19.6446659968916,11.23832909763,,,,,,,,,,,
393,-10.549596393407377,8.5629287552942,-10.184182349412001,-58.44761234576999,,,,,,,,,,,
394,-12.738851535194222,-1.5495005732100793,5.766797256410453,-5.808892345429332,,,,,,,,,,,
395,-11.21764081958733,-12.458755888662001,-9.908915648491,26.377995437537333,,,,,,,,,,,
396,5.282264258930779,-14.385623237225403,20.355933289389853,18.38560410391,,,,,,,,,,,
397,-0.40014239749988906,16.0820577752446,27.730182887674204,9.379071556333665,,,,,,,,,,,
398,9.684920989965654,-4.7947518683556,5.056898922461198,-14.573963611538668,,,,,,,,,,,
399,5.483483098811844,-8.605021633661547,-10.082769185966601,-25.463900639133,,,,,,,,,,,
400,20.63120013768618,4.5498300103154525,6.462209637779997,35.046483370076665,,,,,,,,,,,
401,2.2800857605591403,10.953402294833399,-17.428042899916,-16.867852785866663,,,,,,,,,,,
402,-4.722312771595971,25.499074722378403,-14.689863611825398,-3.7323189876170004,,,,,,,,,,,
403,-10.131061982639666,-0.6077987016426013,-2.4912033290360003,2.159355733897533,,,,,,,,,,,
404,10.047114508745999,2.4780845664812015,-1.7668177161146787,19.906814819519997,,,,,,,,,,,
405,0.4288774444636666,11.5473979757152,-5.229382617127399,20.29315404888,,,,,,,,,,,
406,3.6000786187973324,14.778160665501,-4.838214589528802,23.649478314596667,,,,,,,,,,,
407,-5.527185674840194,0.5657058232779204,3.2169587847636003,8.437369684766665,,,,,,,,,,,
408,-15.322494885912887,8.215223448872653,11.0258404582082,0.25180431516241997,,,,,,,,,,,
409,-4.078413810366445,-6.171085372953347,-3.2011025472444006,6.529818266036,,,,,,,,,,,
410,3.245934079588428,2.0144779333806,-4.331143908863799,24.32556975532667,,,,,,,,,,,
411,-7.684246372102444,-15.3562996667334,-7.822684694206278,-5.736452266154248,,,,,,,,,,,
412,2.143257774749,15.41561950968512,4.303537867337999,-12.1110495506,,,,,,,,,,,
413,-3.6759758849782207,11.4459861386606,1.927550722512772,15.077572978749998,,,,,,,,,,,
414,-13.68860189507749,10.649161478105002,-22.846452360216144,-0.5450196085089966,,,,,,,,,,,
415,-10.992276514755112,5.0858752489226005,12.112419982913602,20.172423039706665,,,,,,,,,,,
416,-2.903298163139415,-12.357341398822001,-6.808545101396,-5.2776759050569995,,,,,,,,,,,
417,3.519591524974333,-6.634692448184748,-0.3180442796235473,30.362120214081,,,,,,,,,,,
418,-7.3220528533198905,-15.066545686842682,-16.2400515381552,-6.654007935885332,,,,,,,,,,,
419,7.294447745182446,-3.9110008811952,-9.720577042701027,36.181356330086665,,,,,,,,,,,
420,-8.287901909234458,-6.48981523717468,2.4780858928716,-24.01512852903066,,,,,,,,,,,
421,-8.094732294553573,18.921648900390853,9.3597538579824,26.571166525985003,,,,,,,,,,,
422,2.988375330232288,-7.3445898978722,-27.525986275843753,7.302496724756754,,,,,,,,,,,
423,-5.559380610620667,8.606391918598401,-1.1873084299445993,-5.181089623949334,,,,,,,,,,,
424,16.566590232342556,8.200734843511999,12.025493656307523,0.9278994403116668,,,,,,,,,,,
425,-9.293993652359555,6.4187447059562,-1.0424303346729986,-20.200028639099,,,,,,,,,,,
426,1.6442360245317778,-4.8527018684989995,-4.7657750997639985,-1.5833055505299998,,,,,,,,,,,
427,-0.8428222732193341,24.7746891094576,8.2441984489444,-7.813025623965001,,,,,,,,,,,
428,2.473256849008029,10.895450526168599,12.416662126037199,8.678830229351666,,,,,,,,,,,
429,-5.366210504685333,0.7685339186919198,-12.560170378498398,2.231794339401,,,,,,,,,,,
430,-15.121277028544045,22.224851079943,-11.763344833682801,-5.664015134416999,,,,,,,,,,,
431,8.276393532101558,10.823011920663722,-16.9499498721054,-14.211770584012998,,,,,,,,,,,
432,-9.607893293702194,18.950624342591254,-2.9258349620671993,-15.515665483105332,,,,,,,,,,,
433,-10.686424870472415,8.142784401237401,-27.931642466672194,5.539823990800087,,,,,,,,,,,
434,-8.642045711558776,23.238989346360654,-17.239704294123,-38.76845785022834,,,,,,,,,,,
435,-6.315961601451334,12.735393316647801,-6.084157277825401,-27.34730438226533,,,,,,,,,,,
436,4.0266615178824,-6.6346906796652005,14.097239984405201,14.787818556727332,,,,,,,,,,,
437,0.5496084536390003,1.5798471846100006,-7.532929387928,-15.201764859249332,,,,,,,,,,,
438,10.562233972483222,4.057247050751451,-4.7223123785918,2.328377672973333,,,,,,,,,,,
439,-2.1628153770829335,2.6954003829956013,-22.1800171895704,1.7488703027000003,,,,,,,,,,,
440,2.4008175066191786,19.747451213799998,1.3190673205315995,29.565295553526667,,,,,,,,,,,
441,-4.0059749592356,-5.1714317327214,-1.7523304371441477,15.005136583894334,,,,,,,,,,,
442,6.779328527074222,-17.2831665731688,-15.443225993339478,-0.1103872385966671,,,,,,,,,,,
443,-8.432778874616554,5.5060187187228,10.4897943353408,-5.060360088541333,,,,,,,,,,,
444,14.063432747306447,-2.7085195876800787,-13.472896807861598,-7.136933446352333,,,,,,,,,,,
445,-22.759525542355636,-13.632260855713003,2.34769640296332,18.337310226475335,,,,,,,,,,,
446,-8.907654914255444,0.7540470818505994,-11.285250037350398,-13.028606694096334,,,,,,,,,,,
447,-0.21502127113733327,-10.792668404175199,16.038592401287122,-15.443225403832669,,,,,,,,,,,
448,-12.932021395501083,18.7912594104818,17.139658320705202,-19.185888162027577,,,,,,,,,,,
449,-2.8872004496219708,4.318025588440521,-5.7074774134598,8.558099220174334,,,,,,,,,,,
450,4.9442174332412225,4.8106089901357185,-4.983091358409,16.719514703529086,,,,,,,,,,,
451,-1.4867217257025547,4.1296860983896,-20.0358344666202,20.462175987957668,,,,,,,,,,,
452,-4.923531120221555,-11.661930785975546,0.11658646914759974,25.243125425059088,,,,,,,,,,,
453,-5.728403532208333,-8.5325839124176,-5.2583571750676,5.757139807315333,,,,,,,,,,,
454,-8.086682578094887,6.433234195580002,-1.3466724777948,-7.354247789101333,,,,,,,,,,,
455,0.28400023345406644,12.300760799357601,19.588084071036597,-18.437355905141334,,,,,,,,,,,
456,-9.801063890896081,-17.109313919954804,-6.504302074016799,8.220052394487334,,,,,,,,,,,
457,3.205690901118445,20.703640364334,11.1127676690752,-6.871325226166667,,,,,,,,,,,
458,9.065169458711333,-17.2976542942696,19.138964716905,-14.598109813374002,,,,,,,,,,,
459,5.531774765597778,-10.213158675873,-8.5760461914594,-19.258326767535,,,,,,,,,,,
460,8.8237071947334,-12.2559273511158,20.0661788673708,20.027548039346666,,,,,,,,,,,
461,-2.492813714456126,-9.778527927105348,-13.487383644703602,16.57463749252,,,,,,,,,,,
462,-6.847179024332904,-17.77574997486208,0.7685343608244011,-11.45910210105267,,,,,,,,,,,
463,-17.447361629905966,-1.4191119675625998,-16.848535824398,-14.622254541441665,,,,,,,,,,,
464,-22.115626335498778,6.1724538893698,12.749879711359652,21.210710455493334,,,,,,,,,,,
465,2.199599403621067,-14.8637180335608,-20.224174398803598,1.9661861192176666,,,,,,,,,,,
466,1.0727759144380005,-2.3318392811854003,-3.3459797582560284,0.710585097563334,,,,,,,,,,,
467,-3.33793028742811,4.738168616109652,2.927204804871201,16.043421789030667,,,,,,,,,,,
468,-4.625727227372334,-1.143845708771201,-16.2255629327928,-4.649874657344667,,,,,,,,,,,
469,0.501316049969333,-12.444268609689999,-20.0792976299218,8.871999844031334,,,,,,,,,,,
470,2.9964233272941776,-15.964784837235001,-5.765428297864348,9.958578926608332,,,,,,,,,,,
471,-15.893954996008777,14.546356243623517,-19.03618171065,-22.010992302956662,,,,,,,,,,,
472,-7.684246372102223,8.43254014964732,6.694011849006801,-40.31381476767,,,,,,,,,,,
473,6.4895748419378885,-10.300085002481001,-11.86475976565168,14.425627739854333,,,,,,,,,,,
474,2.0788681488177776,-17.8481885803654,-0.9699926134299994,-3.901340926694465,,,,,,,,,,,
475,1.8293576421509188,7.3024956931184,-9.952380580315147,8.002735841085535,,,,,,,,,,,
476,-8.666191422136889,-8.880288334581797,14.198650937200721,1.7488703027009997,,,,,,,,,,,
477,1.5074080387219562,2.0434533755814,-11.777832112654,-10.686425116101333,,,,,,,,,,,
478,-7.354248525984711,-3.1141753363803475,-16.8050726610942,21.307296736603334,,,,,,,,,,,
479,-2.5330564016711117,25.035468089277202,3.9413457240737997,-4.8188980701913335,,,,,,,,,,,
480,-7.756684977608556,-4.287679861299201,-18.76091500973168,-18.558086914317666,,,,,,,,,,,
481,-3.8852444413146667,6.7664513387726,-20.963048617084347,-5.543282651474666,,,,,,,,,,,
482,-5.688160599368221,-16.225563817052144,3.753004465499372,-5.808892345427334,,,,,,,,,,,
483,-4.368167741132442,17.6467303277628,-5.214895338155547,11.455643440379086,,,,,,,,,,,
484,-0.2633134291780007,1.7681857904005198,-15.298348782327997,-14.791277954286665,,,,,,,,,,,
485,3.6403220428941108,28.3241816634666,12.865781480166998,0.058636174247333805,,,,,,,,,,,
486,2.3283786554865546,-35.4797451603,-7.388053061177199,-0.4725802661200002,,,,,,,,,,,
487,-5.994013226162555,-6.489815237175199,-10.923057894082799,1.4591144069133335,,,,,,,,,,,
488,8.847853887825334,-15.486690040902948,3.7530053497627995,4.453244908224668,,,,,,,,,,,
489,-5.833037073496711,16.73400301413805,-15.385275993196027,16.453910167763336,,,,,,,,,,,
490,-21.737335840082668,-12.4442686096912,-1.4915514573248798,-5.205237299552333,,,,,,,,,,,
491,15.28684128945789,4.187636982792599,-26.526333519875,10.803695253948668,,,,,,,,,,,
492,-14.839571340468776,9.330778857911321,21.732268562508,-13.101045299602333,,,,,,,,,,,
493,-9.696430103981445,-1.723354110680799,8.1717589591778,4.187636688038666,,,,,,,,,,,
494,2.0144785228873996,-3.5053438061047486,-0.5208737014269986,-9.430822620681132,,,,,,,,,,,
495,3.777151011215334,-18.210381607893403,6.404257426984399,-4.8913366756966665,,,,,,,,,,,
496,4.6464137860200685,7.824055863408799,4.6947072213284,18.796088061340665,,,,,,,,,,,
497,-11.137152743254333,2.0724297020452,13.937871957381052,-1.221112523006333,,,,,,,,,,,
498,-3.9496340672471106,11.532912465265401,-4.838213263139,-26.139994290512664,,,,,,,,,,,
499,-1.253307458785711,-6.547766121577799,-7.2866390134679495,-16.143466730815664,,,,,,,,,,,
500,4.4210502180716675,-3.5198306429455997,-3.3170043160531484,-1.6315994279689132,,,,,,,,,,,
501,8.389076052959915,6.882352665450119,-18.8768158942786,-17.254190541456666,,,,,,,,,,,
502,-24.820001432275557,-23.0782550135714,-22.875427802417597,-28.04754423548,,,,,,,,,,,
503,6.6264030733752906,-6.8375205436002275,-1.0858943822363998,-14.211769110249334,,,,,,,,,,,
504,-8.786923168196193,-19.267984364005397,3.1590074582287726,-5.2776759050569995,,,,,,,,,,,
505,-25.4558519051876,4.6512431737638,16.284882775744453,-14.573962137770001,,,,,,,,,,,
506,-9.43887037211389,-6.2724980942686805,6.331818379351601,-19.789543207902334,,,,,,,,,,,
507,2.6905721742673623,-16.355953306963595,7.664689604905201,-14.453232602364332,,,,,,,,,,,
508,-11.000324266188123,17.545315395795,11.764714676491522,-36.01579084103833,,,,,,,,,,,
509,4.066905433233334,0.16004963244999998,17.733656654368204,-21.45562966075333,,,,,,,,,,,
510,-7.644002211121555,-21.5425574611274,-4.157290371388998,-29.327292932735663,,,,,,,,,,,
511,-3.112565736966221,10.8664772946186,-36.9285172704008,-36.64359208874466,,,,,,,,,,,
512,-8.899605197797264,0.34839089102300014,-33.422487879694,-11.869589006016668,,,,,,,,,,,
513,-9.157164684039333,-11.966172929095597,9.635020116773,7.882005568796752,,,,,,,,,,,
514,20.34949543212234,-13.6032854135096,-4.867189589599799,-24.66707597857633,,,,,,,,,,,
515,1.2659457747448444,1.217652388563172,-22.846451918087002,5.926163220160667,,,,,,,,,,,
516,-16.159563216194,-26.1931159345504,23.7460609112876,20.993392428328,,,,,,,,,,,
517,-9.85740453725375,-21.991675930998,-29.62670583549155,-1.8489122969499985,,,,,,,,,,,
518,-4.770604684009377,-9.155555035499146,-1.1148689401772,-24.377320082790003,,,,,,,,,,,
519,12.711246427056002,-41.014053736624,-3.6791964593198,14.111725642231667,,,,,,,,,,,
520,-6.154986922551046,-18.471160587710397,3.144521063521,0.9037517647073331,,,,,,,,,,,
521,2.811302446558333,-30.119288352925004,-11.038959662893,20.148275364101334,,,,,,,,,,,
522,-5.760599450501459,4.7671458268330005,-3.867537275761747,-5.905477152767333,,,,,,,,,,,
523,8.49371033112811,-17.964089464914796,-1.0569180557735998,-6.7023003395556655,,,,,,,,,,,
524,-5.688160844996749,-23.1651813401766,24.977515878482603,12.638808804064332,,,,,,,,,,,
525,10.473697653460029,22.224849311419597,-15.298348782330601,4.453244908224086,,,,,,,,,,,
526,-8.851313531011554,-24.816781545694802,10.055163586571322,-29.448023941911668,,,,,,,,,,,
527,-3.917439131467333,16.705028456195002,9.3597529737224,-11.724710321238001,,,,,,,,,,,
528,6.916157495394779,-29.452853182278677,19.283841927915198,9.523946556692001,,,,,,,,,,,
529,-0.28745938538522253,10.446331614167002,4.7381695003702005,-25.63292405197691,,,,,,,,,,,
530,-5.881329722792156,6.0130885151276,-5.692989692358799,-15.85371230879558,,,,,,,,,,,
531,1.0003380458166664,0.9423861297750534,9.1279485518466,-36.95749271259999,,,,,,,,,,,
532,-7.26571269821771,-19.61568967043255,-4.1717789767519475,-11.121055275362332,,,,,,,,,,,
533,-10.203500096890082,-14.095867930944678,-15.848882184169202,4.815437198864002,,,,,,,,,,,
534,-3.1930530764161102,-0.10072846310847935,-9.5901866685306,20.48632218979333,,,,,,,,,,,
535,8.654683781888556,-12.777486195013799,31.815721122419717,-5.953766608903334,,,,,,,,,,,
536,-23.966835634104935,-0.44843465379154884,-27.6129126024504,-1.559159348698999,,,,,,,,,,,
537,2.247891807291029,-23.266596272145,-17.3266297364716,25.339710232399085,,,,,,,,,,,
538,0.5013165412263328,17.168634647168652,-12.44426772543,19.786082336575998,,,,,,,,,,,
539,-18.968571854256556,18.3856041039112,-12.791973916115799,3.390812027483,,,,,,,,,,,
540,-11.443005615675823,-3.230077105188026,12.141397635767998,-32.63532111036333,,,,,,,,,,,
541,1.9903320754244445,3.8978816765113207,-12.6036335418008,-8.223512528928667,,,,,,,,,,,
542,0.7508272935208888,-2.7230055402619966,-4.3890947932671995,3.2217871408689995,,,,,,,,,,,
543,-20.892219267113447,-20.9050977326814,3.9268571187134,17.371462153075534,,,,,,,,,,,
544,-4.287680892937552,-5.142456732649597,-9.850965648346799,-17.109314804215998,,,,,,,,,,,
545,5.354702864437778,-27.525985391583397,-17.41355694733768,-5.688161336252333,,,,,,,,,,,
546,-3.024028926686778,-27.714325765897,21.210709718610598,2.545696437026667,,,,,,,,,,,
547,-11.282029954264999,-14.371133747605802,11.3300830434612,-4.408412638996247,,,,,,,,,,,
548,1.0486292213451773,5.5060196029832,8.5629283131666,-5.253529703223333,,,,,,,,,,,
549,2.2961839653328067,3.3763246011346526,1.6377963004930518,25.532878373311664,,,,,,,,,,,
550,10.361014886973512,-4.635386051984801,-7.8371724153089986,2.5939858931593336,,,,,,,,,,,
551,7.592251392404362,0.7540470818533997,4.868559874539452,-15.660542694116002,,,,,,,,,,,
552,-7.386443707392488,9.156924878306802,-27.0044283162068,-11.024470468026664,,,,,,,,,,,
553,-2.1386696665043337,-0.7381890758123999,-14.1248442574074,3.9703208715240863,,,,,,,,,,,
554,6.151527033736475,5.766798140672998,-9.50326034192408,-2.4042764129216665,,,,,,,,,,,
555,-18.421257945996572,2.7243762673294003,-7.895124183973349,-20.103443831759666,,,,,,,,,,,
556,12.823927965402667,-3.6212455749141994,-10.908570172981799,27.223112501762998,,,,,,,,,,,
557,-5.253528229453332,-4.765774657631,-8.34424265384188,-10.155207201962666,,,,,,,,,,,
558,11.729301131392113,7.461861509490001,8.389076986345998,-31.597034431460003,,,,,,,,,,,
559,7.254204075457957,-11.4591026905606,7.447373788389402,-17.399067752468667,,,,,,,,,,,
560,-3.0401268858344883,-5.2583589435884,12.764366548198453,-18.002724272111667,,,,,,,,,,,
561,-11.531541689070268,12.7933442010516,5.01343620128892,-5.374259238626668,,,,,,,,,,,
562,-18.638573516882996,10.084140355163,-33.045808015328404,0.37253679810800006,,,,,,,,,,,
563,-0.4162396197606376,-10.575352587661202,-14.081380651973998,21.886803369990005,,,,,,,,,,,
564,4.968363880705733,10.880963689327919,1.1597023884205198,-8.464974547280333,,,,,,,,,,,
565,2.7308160896188887,-6.040695883043348,9.446679300329802,11.262473088813335,,,,,,,,,,,
566,15.68927774108,-22.484258448431795,-0.15868023177360016,-7.088641042683,,,,,,,,,,,
567,22.748017165223068,19.790911724321198,5.795773140742172,-17.640529770816666,,,,,,,,,,,
568,-3.7162195547025556,-9.4018471784774,-19.1231080372564,11.262474562583334,,,,,,,,,,,
569,8.397124541275112,16.4442485921172,-3.114176220638348,3.849589862347333,,,,,,,,,,,
570,1.0647266892358063,-20.586366099938,-19.673640554832797,-25.729507385549997,,,,,,,,,,,
571,-18.50979401939211,-17.630872763854,1.8116498379644,16.71951470352867,,,,,,,,,,,
572,-23.830007157040445,-5.1279685694186,-19.6012019493312,-10.155208675731332,,,,,,,,,,,
573,0.13912302244333397,-13.35699503905408,4.998949364448402,-34.10824089606667,,,,,,,,,,,
574,0.35643883895909595,-0.7671654022744002,-23.715713857754,-4.529143648169666,,,,,,,,,,,
575,-4.150851924616442,-10.4739376556932,-18.297307050236796,-12.593975061067999,,,,,,,,,,,
576,2.127161043744584,8.93960950392292,-14.458061842731002,1.6764302234284199,,,,,,,,,,,
577,6.771280775640224,23.861962237964605,-6.4753275160736,5.4673853852924195,,,,,,,,,,,
578,-0.9233098582963769,-5.200408059184627,-18.5725746354182,-11.217640082703,,,,,,,,,,,
579,4.831534666755001,-5.2728448961668,2.927204362744652,-32.224837152936665,,,,,,,,,,,
580,0.5898518777373343,19.921302540619998,-3.128663057480999,18.50633363932,,,,,,,,,,,
581,-5.994012489278109,16.6325885242996,-18.7609150097324,-6.654009409654133,,,,,,,,,,,
582,-5.969865550558666,8.157273006598,-17.8626754172086,17.612925645193332,,,,,,,,,,,
583,-16.682731659501776,-3.3025148264313993,-9.503260341923681,6.09518663300242,,,,,,,,,,,
584,-2.8952486923104157,-20.78919596387268,7.0996680398344,-12.062758620698,,,,,,,,,,,
585,0.638145018289888,-7.967561905218801,-14.385622352964797,-35.26725858415333,,,,,,,,,,,
586,-2.9837852569623324,7.534300114994001,23.7460600270254,-32.297275758445004,,,,,,,,,,,
587,13.80587448920503,-0.40497193262079845,-7.373565782206677,11.021011807347998,,,,,,,,,,,
588,-0.4001423974995547,-7.503955714245349,6.491185522112201,0.9279009140766661,,,,,,,,,,,
589,-4.722311543456668,-10.0972569070664,3.999295724216919,10.924426263123335,,,,,,,,,,,
590,2.7308146158521107,-17.558434158348348,-2.70851914555,-9.479113550581665,,,,,,,,,,,
591,-1.808671329130525,-1.1293584298017998,4.810607663743854,12.42149151378,,,,,,,,,,,
592,-11.161299190715265,-0.8251162866782,25.7453650968352,14.594651152699086,,,,,,,,,,,
593,-15.644445226225306,4.6512427316339995,6.3028442635381206,24.760199914591336,,,,,,,,,,,
594,-3.040127377088044,-6.924446428076399,-3.5488069694093483,-12.859583281253665,,,,,,,,,,,
595,-17.76126127125022,7.679177768136799,-14.84923031245808,-10.155208675731334,,,,,,,,,,,
596,-11.443005124419791,-10.865107009679202,-10.57535081913868,11.431497238542669,,,,,,,,,,,
597,-3.6357331977640825,21.312123766319,1.1017510618854514,-5.422551642298999,,,,,,,,,,,
598,-4.585484294530889,5.4480682764482,-2.5781296556418,-16.867851312098335,,,,,,,,,,,
599,-9.84130780624686,7.621226883731653,-10.12623323352948,-30.003386584115997,,,,,,,,,,,
600,16.824149227325584,20.964417575633203,15.603960768256801,-3.2011025472452466,,,,,,,,,,,
601,-3.7806096718901125,-20.180710793368547,-9.60467527389348,-11.990320015193333,,,,,,,,,,,
602,2.8998387655809177,6.433233753448,-5.895817787772548,3.994466336473335,,,,,,,,,,,
603,-10.509352478054108,-7.692295204297198,-19.4997879016224,-4.0220719358678,,,,,,,,,,,
604,-1.1728211018482373,-11.85027116028868,5.723335419500001,-19.66881219872933,,,,,,,,,,,
605,-5.350114019305889,-22.9768418501274,-28.2793477730958,31.762599920512002,,,,,,,,,,,
606,6.594208383222221,14.386992195773804,0.47877949667320047,-5.012067684870133,,,,,,,,,,,
607,-7.016201454664749,17.125171483865522,-13.110702896077228,-26.55047972171,,,,,,,,,,,
608,-12.215683091885303,0.0006847003376006632,-9.8075016007848,12.542223996724333,,,,,,,,,,,
609,-11.853491046872527,11.156230832378998,-2.2304234649548005,0.2276581133275335,,,,,,,,,,,
610,-19.451495890957666,4.057246166492402,15.125865971925055,-8.754728969300333,,,,,,,,,,,
611,1.5154580008070286,-10.966520173126547,-9.850966532609348,9.958578926608332,,,,,,,,,,,
612,16.24464013765714,6.418744705956401,8.0268817481704,11.745398599283336,,,,,,,,,,,
613,-11.579834092740777,-6.736105611630546,-5.142456290519,-19.789543207902334,,,,,,,,,,,
614,-1.8247680601385992,-18.630524635561997,22.876797645226453,-23.29074247398,,,,,,,,,,,
615,-4.569386826641445,-9.503261226185279,-9.51774806302428,1.0244827738809998,,,,,,,,,,,
616,3.2942272201432896,-16.254539259256596,-17.9496026280754,-14.139331978510333,,,,,,,,,,,
617,3.2700805270501405,6.491184195723451,-13.559823134468399,-9.285945409670667,,,,,,,,,,,
618,-2.6698851243631934,-22.136554026267948,-18.616037798722278,-0.7864823637431334,,,,,,,,,,,
619,-10.114964023493556,-4.707824215361397,-22.1945049106724,7.471520137601668,,,,,,,,,,,
620,-4.2796319133653045,12.851294643325204,15.357669509541399,-0.6416051527332467,,,,,,,,,,,
621,-6.847178287450332,-4.026902650003028,2.3621827976742003,11.648813055058334,,,,,,,,,,,
622,-3.6518314025381104,-15.964783952974347,1.3480427627331206,-17.278338217060913,,,,,,,,,,,
623,-3.7725621660843327,5.288702902208,-1.1728211509736788,2.2800852693053333,,,,,,,,,,,
624,15.649034071355,-6.142109930750548,-3.7661227859247988,24.373862158998335,,,,,,,,,,,
625,-1.4867209888178887,9.96823637570572,9.345265694751001,-11.797150400511,,,,,,,,,,,
626,12.872220369072112,-11.806807996984196,-1.9261826482270004,-23.483912088660333,,,,,,,,,,,
627,7.592250901147289,-17.196241130823,-4.809238705196748,10.344918155967088,,,,,,,,,,,
628,-7.338150812465888,-21.9771882098938,0.6671207552480005,-11.000324266186666,,,,,,,,,,,
629,-10.927886151939,-26.497358077671397,5.404605555278001,-16.264197739992333,,,,,,,,,,,
630,10.570282952057667,-0.36150832718759973,7.925468584721,-11.362518767482667,,,,,,,,,,,
631,5.77323702957678,-30.032362026319397,-11.99514837129863,-2.5491550977010005,,,,,,,,,,,
632,-6.637910959251446,23.224502951651452,17.255560089513004,7.543958006221668,,,,,,,,,,,
633,-8.279853420916266,-7.967561905217346,-16.05171116384368,13.483925868287669,,,,,,,,,,,
634,4.123246570848956,-0.4484346537919478,-13.429433644558548,13.701241684805334,,,,,,,,,,,
635,1.1452140286867778,-20.1082730721258,2.840277594007,11.721250923679088,,,,,,,,,,,
636,-7.627905234487445,-11.270763200509148,21.5294382564412,-32.1765432755,,,,,,,,,,,
637,1.8052114403170003,-5.533623875986679,2.0869165388849718,9.644678302752,,,,,,,,,,,
638,-2.7101290397168603,6.650549569962251,24.4994219664086,25.532878373311664,,,,,,,,,,,
639,-9.108872771623934,-3.447392921701399,6.9258162708828,-0.6174574771277995,,,,,,,,,,,
640,-2.7986643762278884,1.2611173203868014,10.402869777255319,-16.240051538154464,,,,,,,,,,,
641,-11.692516859226666,-2.737495472012,-12.560168609979403,4.284222969146666,,,,,,,,,,,
642,-3.869146236540778,-0.1441925106715999,14.937526481873002,-22.638795024435336,,,,,,,,,,,
643,-15.44322687759982,-9.213506804166078,16.574638082025,13.677094009198868,,,,,,,,,,,
644,-2.404276412922304,-2.8533963565590015,-20.340076609739747,-7.426686394605667,,,,,,,,,,,
645,-3.7967078766625275,10.7940378048514,-13.979967046397078,6.964449899063534,,,,,,,,,,,
646,-10.831301835854044,13.6626061407224,-34.29175203001479,-8.827166101035333,,,,,,,,,,,
647,-14.179575648234156,17.8785329811168,-1.1148707087006002,-0.03795010685780006,,,,,,,,,,,
648,-4.907432669818778,-8.793362892236079,4.549830010317001,-27.057549960244245,,,,,,,,,,,
649,12.212224676837584,28.411105779421597,7.2300570876134005,-4.263533954218666,,,,,,,,,,,
650,-1.9133043791605557,3.1734965057200006,9.287315694608,-0.2069720459359997,,,,,,,,,,,
651,-17.841748119444446,10.315942566387202,-2.447740165733401,1.3866772751743344,,,,,,,,,,,
652,-17.712969850090932,0.4353167754989983,-0.028290741862600298,-8.803018425433331,,,,,,,,,,,
653,-8.47302229871186,4.231100146095001,-11.6184685069336,14.546358749027666,,,,,,,,,,,
654,-5.639868195699001,-0.7237013547120015,-21.325241644612003,-16.940291391371332,,,,,,,,,,,
655,1.8776488176812225,10.4753074984996,-11.951685207996148,23.166550593479755,,,,,,,,,,,
656,-1.4706227840464154,-5.794404624327548,-9.879940206289799,-7.885465703237247,,,,,,,,,,,
657,-18.12345429877493,-19.630176507271,-15.704005857418,-16.843705110266665,,,,,,,,,,,
658,5.048850728897919,-6.258011699558549,-9.677112995135598,-8.899604706539998,,,,,,,,,,,
659,-2.605495498431332,-1.1003821033403995,-7.127274081358999,3.849589862347333,,,,,,,,,,,
660,-7.652052173206416,9.475654742530399,8.780243245422,6.940304434116669,,,,,,,,,,,
661,11.326863451631178,-6.084157277823748,5.7233363037604,34.00819669117333,,,,,,,,,,,
662,1.7327725891834438,18.2986777773066,-4.6208983308836,17.73365739125333,,,,,,,,,,,
663,-6.758642459682777,-14.950643475904476,-3.9399745548748,30.048219590226665,,,,,,,,,,,
664,-6.412546654419636,9.1134621571358,6.679525454294,-7.813025623965001,,,,,,,,,,,
665,-12.754948757456749,-0.8830671710836004,-17.877163138308,14.160019519667332,,,,,,,,,,,
666,-1.5108681731659999,-9.387358573116625,4.709194058167201,15.319037207746668,,,,,,,,,,,
667,-16.3044414097156,20.254519241682196,-0.30355744278339997,-0.03794863308780024,,,,,,,,,,,
668,4.155441015374667,2.4780850086117994,21.3990496507922,2.135209532064333,,,,,,,,,,,
669,-7.998147978469193,-1.1003821033379997,-19.659152833732996,-13.511530730800002,,,,,,,,,,,
670,6.851767132580002,-4.447046561932001,-24.164834980408997,29.927487107285,,,,,,,,,,,
671,-2.3962284158613327,-7.054835475853001,-14.008940720078002,-2.283545403745333,,,,,,,,,,,
672,3.672517224302334,-13.936503883095998,-5.417723875701148,29.975780984723333,,,,,,,,,,,
673,-7.998147732840461,-2.1290107436414005,-2.4912033290345987,2.1110633302273327,,,,,,,,,,,
674,4.694706680945445,-38.0875349584812,-1.1728198245826007,27.657745608558667,,,,,,,,,,,
675,-3.804757347492556,-2.476715165804997,-13.77713895098375,-33.045808015328994,,,,,,,,,,,
676,-8.73863101015386,-3.403930200529399,-16.1531234430296,14.691235960039087,,,,,,,,,,,
677,-17.455410363852042,-12.226951024655602,12.532563894843921,-5.012067684871666,,,,,,,,,,,
678,11.471741153897998,-6.4898143529146,-13.1251906171776,5.950309421993668,,,,,,,,,,,
679,-10.15520769321911,-18.4421842612502,-4.867189589602999,-22.059286180395002,,,,,,,,,,,
680,4.461292905284541,6.114503004965199,-5.156944895882348,-20.876120816710003,,,,,,,,,,,
681,-5.8088913629161105,-14.501525006034077,-10.372524492244803,-9.865454253709002,,,,,,,,,,,
682,-14.203721604440414,3.3618368800344003,9.533607837585999,-14.912008963463334,,,,,,,,,,,
683,16.703418709406666,12.32973491516892,-7.576393435489879,-7.5715636056163325,,,,,,,,,,,
684,10.304675223128333,-20.2966134464392,28.35315577928,14.642943556371,,,,,,,,,,,
685,-13.54372468406789,-7.880635578611679,-15.0810338500746,-18.533940712480913,,,,,,,,,,,
686,-0.30355734453033356,-2.346326118024999,-20.195198514471,-2.355985483019667,,,,,,,,,,,
687,-11.370567501427223,-7.7357592518619995,-21.180364433601,6.892009819793333,,,,,,,,,,,
688,-8.094731312042445,-14.052404767643399,3.0865688527230004,2.593987366928,,,,,,,,,,,
689,2.9642283915136223,-2.462227886833147,-0.7237009125814012,-15.974441844202332,,,,,,,,,,,
690,-0.35989848214811027,9.27282708924692,-0.057265299804999524,10.127602339452201,,,,,,,,,,,
691,-6.549375377113267,19.993742030386,2.492572287583373,-15.588104088610246,,,,,,,,,,,
692,-12.11104955059997,-31.1768919932992,-1.245260198609,-0.4967279417223332,,,,,,,,,,,
693,-8.521314702382668,-11.3576895271154,6.476696032491401,16.719514703528667,,,,,,,,,,,
694,3.7932492159892885,-13.646748576812746,-26.062724676120002,-17.809553183663336,,,,,,,,,,,
695,8.364929851124778,-1.8827190427917997,-9.242482246367599,12.445639189384002,,,,,,,,,,,
696,9.40321653003,7.085181202993452,-10.763692961972678,13.459779666453334,,,,,,,,,,,
697,15.970984411667224,-5.3887475492378005,1.0872637829142007,-12.40080544638658,,,,,,,,,,,
698,-11.781052932621376,-4.881677310702,5.5060196029818,-0.9796505046556665,,,,,,,,,,,
699,-3.209150298679155,-11.1258851052376,-23.1217190611366,-22.10757858406447,,,,,,,,,,,
700,-8.424729895041777,24.818153157022998,-2.9982726833086812,-7.112787244519667,,,,,,,,,,,
701,4.260074802287333,6.172453447240253,16.255908217804198,0.13107477975600013,,,,,,,,,,,
702,-12.875679766630775,12.373198962730601,-3.853049996789801,-8.223511055161334,,,,,,,,,,,
703,-8.199366327094332,14.79264750234152,12.315248078329201,-6.4608397949733325,,,,,,,,,,,
704,-1.6798908491275557,11.9675432140342,-1.2307715932464005,29.227248727835534,,,,,,,,,,,
705,6.0710399399148445,12.7064165480566,-5.765428297864481,-11.193495354636797,,,,,,,,,,,
706,5.169581738072984,-6.7361056116301485,8.910633177460799,18.458043446303332,,,,,,,,,,,
707,-11.63617424784411,-9.952380580316802,-5.1134808483198,-2.476713544660001,,,,,,,,,,,
708,-1.0762355576237768,10.605698314800202,-0.6947259125111988,23.094114198623334,,,,,,,,,,,
709,-0.8508714984201099,-2.5926173767428,4.1731479352994,10.972719403677422,,,,,,,,,,,
710,-2.2272045117599983,1.0872637829146,-16.4139041913672,-10.517401703255667,,,,,,,,,,,
711,-11.47520055145597,-14.3566477950254,5.100362085763452,-2.6698831593366683,,,,,,,,,,,
712,-11.700564610660445,-0.622288191265228,16.197957333401,13.339047183509086,,,,,,,,,,,
713,4.895924538314363,-12.4877300044728,-15.414251435396801,-17.930284192839334,,,,,,,,,,,
714,-3.015981175254332,14.256604032256599,3.8544176289467997,-18.871987538174665,,,,,,,,,,,
715,-19.346862840927553,-10.2131586758748,-5.5336252023768,5.129338559603334,,,,,,,,,,,
716,-11.282030445519192,4.433927799377452,-0.7671627494940004,-16.143465257046667,,,,,,,,,,,
717,-6.541325169399222,-2.6360805400469993,-23.947518279632,-11.386664232433331,,,,,,,,,,,
718,-19.78149447395722,-7.779221530904678,-8.387705817147198,-45.43280955669332,,,,,,,,,,,
719,-2.8550062507260825,-4.1283158134506,-7.721271530760601,-10.565694106926665,,,,,,,,,,,
720,-22.292698973544557,-6.533275747697999,-18.6015491933578,26.788482342500004,,,,,,,,,,,
721,-9.310090628993333,3.7240290232978004,-11.937196602633795,13.6046568774622,,,,,,,,,,,
722,-11.909831693229668,17.5163399535914,-8.894776055681,-26.912672749233334,,,,,,,,,,,
723,-9.302042140675931,-0.8396031235199478,15.9082029113786,-18.437355905141334,,,,,,,,,,,
724,7.849810633017558,-11.024471941791548,2.01447793337812,-5.084506290377667,,,,,,,,,,,
725,-6.911567913381332,-33.6687800226714,-5.5481124813500005,-26.88852654740113,,,,,,,,,,,
726,-0.617458214013888,-10.908569288720798,2.0724292599136005,-11.048618143626333,,,,,,,,,,,
727,-6.782787187749779,-19.108619431895484,21.80470628374992,12.011005345699088,,,,,,,,,,,
728,-0.07819254844244256,0.4932672177735995,3.8689062343074,-13.245922510611999,,,,,,,,,,,
729,-2.5250079133528236,0.7975093608941997,3.3618355536433997,-16.360781810446664,,,,,,,,,,,
730,-16.111271795035996,-3.0417367308754,4.433927357248719,-23.894397519856668,,,,,,,,,,,
731,-7.644002948004331,-6.084158162086401,-10.1552077914716,-18.099307605683332,,,,,,,,,,,
732,-8.392533976750379,-9.4308208521594,6.1724538893698,33.28381063612,,,,,,,,,,,
733,-8.432779611500488,-15.182446129262,-3.23007798944768,13.194169972499667,,,,,,,,,,,
734,-10.638131729920552,-7.938586463014799,21.1382711131068,-17.181751935953333,,,,,,,,,,,
735,-1.180868362024223,5.056900248852401,-3.2590516631288,-24.691222180412666,,,,,,,,,,,
736,4.163489749318696,21.7467553993494,1.1597015041591994,1.8213074344386666,,,,,,,,,,,
737,-10.372523509734414,4.694705894935918,-10.966519288864799,0.08278090231719985,,,,,,,,,,,
738,-7.273761432162904,-27.540473996943593,-0.3904842115177985,-4.601580779909333,,,,,,,,,,,
739,-2.025985917506823,-18.079991233722275,6.360794705813801,3.7771527306100006,,,,,,,,,,,
740,-3.8208545697541547,-4.02690088148268,-9.894428811653999,1.2900924678386676,,,,,,,,,,,
741,-15.990540294604333,-15.110009292276402,-15.138983850217596,26.933358079744,,,,,,,,,,,
742,-7.265712452589112,-10.966519288865403,2.2607700763576006,12.662955005899086,,,,,,,,,,,
743,-8.955946089784996,-2.5491550976996797,25.759854144327,-18.026870473949,,,,,,,,,,,
744,-3.273539187726223,2.3042332396594007,-6.1276204411274,14.425627739854333,,,,,,,,,,,
745,-9.849356294562932,-7.2866390134690295,-11.430128132618147,13.677094009198868,,,,,,,,,,,
746,-2.4123261293797933,-2.3608138391268,-1.1728207088424,-3.708172785782333,,,,,,,,,,,
747,-11.44300561567482,5.998601236155852,-0.3470206060874794,-9.189360602331332,,,,,,,,,,,
748,-5.680111865423349,-13.371482760155482,-10.9085701729826,-14.501525006034,,,,,,,,,,,
749,5.193727939908622,-2.129010301508148,-22.36835756388435,-7.305955385433332,,,,,,,,,,,
750,6.3688448152740005,-21.2817784813078,-6.866495543670197,-3.273539678981667,,,,,,,,,,,
751,5.386896817704333,-24.599466613438,-3.650221901377401,7.399081532096754,,,,,,,,,,,
752,-2.1869610876634438,-3.31700343179268,0.8554602452996001,12.131738565523333,,,,,,,,,,,
753,-5.768647201933526,11.909591003239573,3.2893978323982,-7.644002211121666,,,,,,,,,,,
754,-13.302263156973085,-17.71779909045988,3.5067132067846005,-27.685351207956,,,,,,,,,,,
755,8.525903793140333,-21.1079249438368,-20.151736235429404,-2.380131684854667,,,,,,,,,,,
756,-12.529584206995557,0.6091689865793718,10.156578076408,-15.177617183643335,,,,,,,,,,,
757,-1.2533077044144882,-17.312141131108,-7.909611905074202,-13.75299127538,,,,,,,,,,,
758,10.956621690160443,-12.907874800661748,9.91028725982,-37.995779391509,,,,,,,,,,,
759,0.9842408235548896,5.2597274600054,-2.3608129548670007,-4.335972559723333,,,,,,,,,,,
760,7.326642189706695,-5.635037923692548,-21.730896951178675,7.061033232639001,,,,,,,,,,,
761,-13.422993920519708,5.404604228885921,-4.2152430243172,-14.549817409706,,,,,,,,,,,
762,-3.7162200459585555,-7.779222415166079,23.644646421450602,-5.808890871661334,,,,,,,,,,,
763,-8.899605689054267,-7.866146973250797,1.217655041346001,-17.97857659650758,,,,,,,,,,,
764,13.636851813243668,25.238297068950597,4.042759329651321,-8.151072449656667,,,,,,,,,,,
765,7.535909763533557,-0.47741009599379947,-14.081380209842546,6.626403073376,,,,,,,,,,,
766,-9.865453762454667,-9.416334899579798,-10.31457360784288,7.10932711007342,,,,,,,,,,,
767,-15.38688475747282,5.998602120419401,-22.7305497071492,-18.63052551982233,,,,,,,,,,,
768,-2.8067136014275267,-2.3753024444875996,9.707458722277401,-2.8389095197193335,,,,,,,,,,,
769,3.2700815095638895,-6.3594248630062,12.155882261955998,-13.511530730796665,,,,,,,,,,,
770,-7.338150812466154,-31.669474510733483,19.428719138926404,-25.463900639133797,,,,,,,,,,,
771,-12.038611927607445,-6.055181835624,1.8261375590678,-12.207634357941332,,,,,,,,,,,
772,-8.255705990940555,1.2900927625880005,-13.443921365660401,-22.421479207921333,,,,,,,,,,,
773,-30.42192074925644,-4.6208983308822,15.053427366419204,10.344917419084332,,,,,,,,,,,
774,-2.042082648513333,-5.388746664976798,5.665384535094801,-9.913745183614667,,,,,,,,,,,
775,-3.490856478009304,-11.60397990157,7.664690047034519,-23.50805829049567,,,,,,,,,,,
776,-14.066892144863637,8.4615147075906,-12.45875544653,-27.637057330516665,,,,,,,,,,,
777,-11.829345336292485,-14.834741707096999,-6.040695883042399,-0.3035568532756668,,,,,,,,,,,
778,9.467605664706667,-2.824420030098149,-22.440796169389603,9.185900467885,,,,,,,,,,,
779,-3.217198541368666,3.4632509277400003,-11.6619307859754,-13.680554143645999,,,,,,,,,,,
780,-2.5250076677256645,-19.992369534798,24.4124969661964,-4.480851244501666,,,,,,,,,,,
781,-8.110829762443554,-10.981007894227,5.969625351824453,-35.17067377681,,,,,,,,,,,
782,7.101278130503112,-16.312490143661,-13.0672406170338,-2.9837852569642465,,,,,,,,,,,
783,9.765408820671333,-7.27215217663008,13.9378741680324,1.7488703027009997,,,,,,,,,,,
784,-4.778653417954112,-0.9989680556301999,3.7095417443286025,4.47739111006,,,,,,,,,,,
785,0.17131771259495712,9.475653858269254,7.389423346114521,-7.5232712019446675,,,,,,,,,,,
786,-3.1689073658366826,5.955138957113,15.053428250680003,10.972719403677422,,,,,,,,,,,
787,7.793469495400665,5.2742160653656,-22.9188900814616,-16.022734247872666,,,,,,,,,,,
788,-12.28812267990375,-31.510109578620803,12.7498801534884,0.7347298256316664,,,,,,,,,,,
789,-13.044703179475778,5.940650793885999,2.1158915389558017,-24.039274730867664,,,,,,,,,,,
790,-9.664235413829111,-3.5632942483799988,-1.4915514573258277,-31.138258070363335,,,,,,,,,,,
791,-1.9776944963485548,-17.81921313816535,2.0289660966124017,2.183500461963,,,,,,,,,,,
792,9.008828075468958,12.662954269013452,-27.163793248318797,6.916157495397667,,,,,,,,,,,
793,3.8898332864448886,5.0279239223884,-5.142457174782,11.721250923679088,,,,,,,,,,,
794,1.0083865341328897,-1.752329552882599,22.702944107754398,11.817836467903001,,,,,,,,,,,
795,-26.035360749228527,-25.425265831937,-1.9841330904981997,11.890276547178866,,,,,,,,,,,
796,-0.4081916227008889,1.7826752800234005,3.4197873223065995,9.789555513764666,,,,,,,,,,,
797,5.821528696363511,3.825443071005972,-7.228688129065401,14.498064134707333,,,,,,,,,,,
798,0.5254620061765556,-15.6895172520564,-1.0569180557745477,-4.625726981743333,,,,,,,,,,,
799,5.137387539176223,-10.560864424429948,0.31941456456040046,-26.985111354739,,,,,,,,,,,
800,0.29204945865462306,-3.9254877180351997,-10.1696963968312,8.654684764400002,,,,,,,,,,,
801,-0.5933117665508882,-0.31804604814320037,-25.251414062984,11.528082045882869,,,,,,,,,,,
802,1.3947257634940007,-1.81028043728708,-18.442185145508397,-6.750594216992667,,,,,,,,,,,
803,-5.173041135631416,-1.9986212537319474,6.8388890600145995,-1.7040365597053333,,,,,,,,,,,
804,-12.127147018490668,-13.791626672085147,-4.54845972537748,25.146540617718667,,,,,,,,,,,
805,-4.416460390430082,11.4314984175566,5.187288854500801,-21.866116565715334,,,,,,,,,,,
806,-13.648358716608081,-30.4380182171462,3.2459342269656006,17.443902969231,,,,,,,,,,,
807,-17.75321351981597,-13.371481875894801,9.577069232368,-34.68774974010933,,,,,,,,,,,
808,-0.6255067023318593,-15.573615483246801,-12.0820755821642,-16.553952162009914,,,,,,,,,,,
809,-3.869146973426126,-12.5311931677756,-8.865801497739998,-8.851313776641666,,,,,,,,,,,
810,-10.324231597319667,-0.7092127493507988,-9.764040206002,-9.937892859216332,,,,,,,,,,,
811,-6.058402360838778,-4.070365371176001,-10.22764639697468,2.0144785228857542,,,,,,,,,,,
812,-19.942468661602714,-7.228689013326999,11.619837907611322,17.081707731054,,,,,,,,,,,
813,-12.336414837943444,18.8926734581892,-13.371482760156146,-12.304220639048333,,,,,,,,,,,
814,-21.994895817579224,-6.634692448186199,0.14556191135012025,2.159355733897533,,,,,,,,,,,
815,-9.897648206978111,14.6043080122888,8.591904197499122,-26.8885265474,,,,,,,,,,,
816,-17.294435193696525,-0.8540908446211997,-20.32558800438,5.757138333547334,,,,,,,,,,,
817,7.560056702252,-3.5488069694101996,-17.02238847761068,-7.571565079384999,,,,,,,,,,,
818,7.729079623841222,-16.949948987847,-25.5121930428028,-18.79954893266567,,,,,,,,,,,
819,8.847853396568333,-7.1127854759966,7.519811951764251,-1.7523289633786652,,,,,,,,,,,
820,-2.372082459654155,-5.9827441143778,-5.9682572775396,-32.828492198812334,,,,,,,,,,,
821,9.459557176389334,-0.5933118648036,1.9275520489034528,4.332513899049086,,,,,,,,,,,
822,3.8254441517680005,-17.529457831885,-19.16657120055828,3.1252023335290864,,,,,,,,,,,
823,-5.366211241567999,-29.800557604442,-2.6360805400450005,6.215916905296669,,,,,,,,,,,
824,-19.274423252911,-2.4187647235299985,-21.04997494369123,9.016877055042867,,,,,,,,,,,
825,-10.791057674874265,2.5939876616816,-1.7957931583181463,-11.338372565648,,,,,,,,,,,
826,-13.946161872573047,3.9848097716360007,6.157966168268052,-3.611586504674245,,,,,,,,,,,
827,-3.539149127308682,0.5077553810022006,-15.081033850073947,-29.761924565766332,,,,,,,,,,,
828,-0.0942900163337761,-7.214200407964201,-7.4749785035228005,1.2176531254466691,,,,,,,,,,,
829,9.153705532107399,0.5222422178458024,14.198650937201,-3.877194724856666,,,,,,,,,,,
830,-0.11038674734022279,-14.4580600742108,4.361489636004121,-11.893735207853332,,,,,,,,,,,
831,-13.052752159048822,14.1117246105938,-11.198323710743228,-4.649874657347667,,,,,,,,,,,
832,3.479346872737251,-5.258358059327,14.691235223156,1.5798454160886666,,,,,,,,,,,
833,-6.074499337472888,-1.2162829878853998,-26.1061891658138,0.5415587371819998,,,,,,,,,,,
834,-6.388400452584711,4.24558698293452,-1.2452588722186775,2.811303183443,,,,,,,,,,,
835,2.7791092301741114,2.1593551443891994,-3.8095868334876015,-17.495654033576667,,,,,,,,,,,
836,-10.251792009303001,7.809566815916002,-2.8678840776614,16.405616290325,,,,,,,,,,,
837,-13.53567644137678,-16.211076095952,-20.586367868458602,-10.372524492244333,,,,,,,,,,,
838,2.9883753302333336,-17.616385042751197,-20.2821257253374,0.08278090231719985,,,,,,,,,,,
839,-18.364916317125083,14.966501039813801,-12.994802011528199,-7.668148412956334,,,,,,,,,,,
840,3.688615674703585,-4.88167731070008,1.8261375590655207,-6.002060486337999,,,,,,,,,,,
841,-9.157164192782444,-13.61777401887328,5.679871814065519,8.389075807328666,,,,,,,,,,,
842,-8.601802041833334,-15.863370789530197,-8.0400005107218,5.419092981622001,,,,,,,,,,,
843,8.260295327326778,-21.803336440944598,-8.21385404819388,17.90267859344442,,,,,,,,,,,
844,-13.294214423027126,-4.070364929045347,-7.619856598794199,-9.382528743242666,,,,,,,,,,,
845,-1.913304133532,2.4346227295672005,-14.5304995639756,7.688835954117,,,,,,,,,,,
846,1.1049713414721778,4.8106098743962,-1.636426899815001,13.145878305713333,,,,,,,,,,,
847,0.9681428644084727,-6.620203842825227,21.312123766318052,10.006871330276669,,,,,,,,,,,
848,-3.015980192743082,26.904384111309202,12.358711241630001,-29.786069293833336,,,,,,,,,,,
849,2.199599403621556,-17.312142015372398,1.6957471848960002,5.757139807315333,,,,,,,,,,,
850,-13.785186702416777,-16.08068572178255,9.968238586357451,5.250069568779867,,,,,,,,,,,
851,0.3483898593862236,-10.097257349198,13.1555359021892,-23.24245007031013,,,,,,,,,,,
852,-0.4162403566443047,3.2024719479224,-9.662625716165598,-15.008595244568667,,,,,,,,,,,
853,-23.178060198751997,10.402868008734051,7.4473742305196,1.6039916179233333,,,,,,,,,,,
854,-7.780831670698556,-2.7374941456245474,-2.8533945880400013,-24.739514584082997,,,,,,,,,,,
855,-1.6074519979935984,-1.5060382941674804,8.823708177244402,-8.295951134434999,,,,,,,,,,,
856,-5.108651509700445,15.256255461835451,-11.343200037491599,-19.258326767530914,,,,,,,,,,,
857,-7.998147732840906,-0.6512627492074798,-19.57222650713,7.688835954116754,,,,,,,,,,,
858,-9.59984480538575,11.083793111134202,-23.281083993246803,-13.825429880883334,,,,,,,,,,,
859,-4.110608500519888,1.7826752800251995,-23.0927436189344,-10.420815422148,,,,,,,,,,,
860,10.06321369603111,1.0438015038718003,-3.4908560850047485,-9.406674945079665,,,,,,,,,,,
861,6.521769777718585,-12.024123813502001,23.977864448903805,6.722989354483333,,,,,,,,,,,
862,-1.5189166614826664,-7.0548345915934,-24.26624902811468,-28.409737263004462,,,,,,,,,,,
863,-0.2713633912636,-6.953421428147199,-13.7916266720832,8.364929605495535,,,,,,,,,,,
864,-7.0564451243913044,22.7753822711296,-5.113480848319148,5.926164693926668,,,,,,,,,,,
865,14.441724225230956,-11.632955343773947,-3.4763683639039997,15.512206822428666,,,,,,,,,,,
866,-2.9274451018597114,-0.08624162626707968,-14.356647795024799,-20.876122290479,,,,,,,,,,,
867,-3.1367107106615553,-16.4428787493094,16.6470762454014,18.50633363932,,,,,,,,,,,
868,-7.466930555587556,-0.4339469326921991,15.3286940673392,-0.49672794172400003,,,,,,,,,,,
869,-9.430821638167599,-17.38458062087668,-18.022040349319802,4.549829715561667,,,,,,,,,,,
870,-23.821958423095666,13.227973623431922,33.003714252704796,10.924427000009333,,,,,,,,,,,
871,-0.6335549450205554,-6.373911699844797,-16.761609497792076,7.833711691359667,,,,,,,,,,,
872,-0.5047759387845707,0.6381453130433201,3.2314469479953205,27.44042979204367,,,,,,,,,,,
873,-9.543504404653888,13.995824610305998,-0.3759960482868799,6.143480510443333,,,,,,,,,,,
874,8.091272160110002,2.3621841240649997,2.6664244986643197,-16.674681697418333,,,,,,,,,,,
875,-1.559159348696778,3.6515895335325994,-4.099339486986398,-24.015127055266664,,,,,,,,,,,
876,0.13107404287077806,-2.013108090573998,-8.981702382286802,29.975780984721002,,,,,,,,,,,
877,-9.519357711562527,19.21140332241192,-4.910651868644001,-22.880257042784464,,,,,,,,,,,
878,-2.46061804179197,3.897881676511451,11.982029608746252,-3.1769563454103333,,,,,,,,,,,
879,-3.1850048337269996,7.5053246727916,-9.025165545589198,-5.953768082669999,,,,,,,,,,,
880,6.248112332331251,11.445984812268401,-3.5632946905113996,-24.2082981437128,,,,,,,,,,,
881,-4.939628588110334,-13.7481626245194,-12.574657215338998,19.327305975476666,,,,,,,,,,,
882,-1.0842842915680002,-10.473937655693199,-11.2128123161052,-0.7381899600746671,,,,,,,,,,,
883,-16.175661175339332,-25.787459743721946,-0.5643364225998002,-1.1728215931036667,,,,,,,,,,,
884,-0.3277033007377924,-2.5926173767419995,-24.005469164035997,15.294891005914666,,,,,,,,,,,
885,13.073438963323445,9.504630626863053,7.3024961352474005,8.871999844032201,,,,,,,,,,,
886,-10.332279348752555,8.664341476613922,19.38525597562405,-15.25005726292,,,,,,,,,,,
887,2.4813048460694445,17.762632096569995,13.37285083444112,26.474581718643336,,,,,,,,,,,
888,13.902458314032112,15.154842298388601,7.4039110672156,9.379071556333665,,,,,,,,,,,
889,-6.074499583100001,10.837500526025,-1.3032093144914,-18.292477220364464,,,,,,,,,,,
890,2.3042331905352236,-14.64640221704408,-5.2728466646902,5.443237709690753,,,,,,,,,,,
891,-4.955726547256222,-7.561905714390948,5.94065123601532,-7.281809183594998,,,,,,,,,,,
892,14.675137509638335,-14.023429325440201,-2.215937070247347,3.7288588531734193,,,,,,,,,,,
893,13.701239719779402,-18.7029641253258,9.041024878022,4.042759477029,,,,,,,,,,,
894,-8.835215326238602,-14.8202539859958,-8.489119864851679,-36.30554526305758,,,,,,,,,,,
895,-6.106694027625112,-17.819212696037,11.764713792229,-17.3507768225678,,,,,,,,,,,
896,3.0849601375715556,-12.35734228308628,-3.0852003363079983,-37.48870915297091,,,,,,,,,,,
897,-7.1127857707524145,25.9192199606984,-12.45875544653,11.262473088813335,,,,,,,,,,,
898,-12.441048133602001,-18.4566728666096,-18.7029636831968,11.721250923678866,,,,,,,,,,,
899,7.8095669632910285,-8.5180961913168,-18.036528954681348,-5.205237299551913,,,,,,,,,,,
900,1.177409946978224,2.4201341242080003,-32.379371960420805,10.079309198899999,,,,,,,,,,,
901,-4.464753530982999,-14.950642591643595,-32.08961842266175,17.033419011806668,,,,,,,,,,,
902,-2.3237903016112207,-6.852006496179001,-8.8658006134784,7.954445648066667,,,,,,,,,,,
903,2.771059513717889,-13.3714827601558,9.99721226003712,-18.389062027703332,,,,,,,,,,,
904,-8.851313531011822,-4.3746061879058,-14.1972819786522,-3.4908569692656664,,,,,,,,,,,
905,1.8052109490605106,-2.2159366281168,4.7236826635304,-8.4891192753478,,,,,,,,,,,
906,9.024925052102253,-5.6640142501558,12.445638452498,-15.660542694116002,,,,,,,,,,,
907,-12.497389762472778,-15.3707882720962,2.0724283756540003,9.64467830275242,,,,,,,,,,,
908,3.777151256842223,-8.44565670155028,12.358710357370601,1.2176523885625332,,,,,,,,,,,
909,13.226365153909665,-12.878898474198,13.445290324207999,-8.295949660664666,,,,,,,,,,,
910,9.781506288562447,7.490837835951322,5.969626678215599,18.40974883197987,,,,,,,,,,,
911,2.280086006188733,0.18902507465192145,21.500463256369123,-12.328366840881666,,,,,,,,,,,
912,17.154146582187668,-8.967214661186599,14.6332834544906,-12.304220639048333,,,,,,,,,,,
913,-11.402761945950934,-18.456672866610397,1.521896300206,-12.014466217026914,,,,,,,,,,,
914,5.105192112140333,-4.5339728885388,-8.503608470214948,4.356658627117086,,,,,,,,,,,
915,7.906151525003444,-0.057265299803599845,-16.211075211692997,-0.2794106514426649,,,,,,,,,,,
916,-11.555686908395222,3.3618355536422,11.648812023422801,17.612927855846664,,,,,,,,,,,
917,-1.9776940050918885,11.5329120231366,-3.577782853739999,-26.55047824794333,,,,,,,,,,,
918,-9.84130706936478,-10.618814866702397,9.1714117151476,16.960978932531333,,,,,,,,,,,
919,-9.994233014319194,-5.9682563932788,-17.9496026280752,-13.439092125293664,,,,,,,,,,,
920,4.807388464919999,1.8116498379651993,-17.036875314450402,33.283810636121,,,,,,,,,,,
921,-13.455189101926793,3.1300333424184514,5.477043276521121,-22.300748198745,,,,,,,,,,,
922,-4.553289113121999,12.677442432245801,-8.590534796821,-18.871987538173666,,,,,,,,,,,
923,-4.287680647311193,-18.8333536152356,6.8099145020732,24.977517204873337,,,,,,,,,,,
924,-10.002282730775638,-18.702962356807998,-23.701227020915002,13.532216798190667,,,,,,,,,,,
925,-0.07014406012608197,-9.879941090551,9.7219464433798,5.781286009150001,,,,,,,,,,,
926,-18.372966033582333,-6.649180169286799,-21.600507461269746,7.882005568796999,,,,,,,,,,,
927,-3.434514603509444,-0.6367750281055997,-32.104106143763,10.99686707928,,,,,,,,,,,
928,-14.791278445543222,-2.3463261180248005,-8.909264661042199,12.204176434146667,,,,,,,,,,,
929,-2.0823275463787763,-9.546723505228801,-7.6633197620964015,-6.678154137719001,,,,,,,,,,,
930,-0.8428225188471935,-27.902666140207998,-20.427002936347797,0.32424439443666664,,,,,,,,,,,
931,-13.680553652388777,-24.6139543345406,-2.8533972408198798,-7.933756633140913,,,,,,,,,,,
932,2.3605738368934457,-5.113479964054998,-17.1817534097218,-1.9213538499891334,,,,,,,,,,,
933,0.9761915983533336,0.029660142541199086,-7.3880535033073995,-1.1003815138313335,,,,,,,,,,,
934,-4.834994555569999,-1.7378409475225993,-12.183489629872401,16.429762492161,,,,,,,,,,,
935,2.2881354770158886,2.4056472873694,4.1296860983874,-4.794751868355,,,,,,,,,,,
936,17.910728555528113,0.1020996323069987,9.95374953886332,-22.880257042784468,,,,,,,,,,,
937,-9.905697186551999,-18.210381607893403,-15.428736503718,22.393872134759203,,,,,,,,,,,
938,2.6583774841140317,-11.763345275812998,6.201429773700599,32.583572256673335,,,,,,,,,,,
939,-9.970086812483862,-13.6032854135114,-5.012066800611679,16.453906483345,,,,,,,,,,,
940,-3.917438640210332,4.202124703891999,11.6633019551752,1.0969213793880002,,,,,,,,,,,
941,20.429982280316807,1.31906820479352,-2.4912024447747987,-29.66533975842333,,,,,,,,,,,
942,-16.513708492286042,-2.636078771524,9.012046783037372,-7.474978798276666,,,,,,,,,,,
943,-3.1528091610644142,6.9403031077246,9.185900762641001,0.7105836237976663,,,,,,,,,,,
944,2.408866486191733,-2.9258345199352007,0.8699479664004001,-5.181089623949332,,,,,,,,,,,
945,17.242683146838107,-23.063767292472,-0.8106267970561987,-8.730582767464332,,,,,,,,,,,
946,-3.4184181181331104,-25.150000015276998,0.1890250746507732,8.992730116323335,,,,,,,,,,,
947,-4.352070027613223,2.9416925259760007,-6.431861699989997,2.6181335687613347,,,,,,,,,,,
948,-1.6396466881467784,-18.9057922207424,-27.612912602448198,9.958578189723667,,,,,,,,,,,
949,-10.171305897992555,-14.37113551612635,-16.2835147014592,-22.107577110296663,,,,,,,,,,,
950,-5.816940096861112,-5.6350379236958,18.226238287542603,27.537014599387003,,,,,,,,,,,
951,6.384940809397333,3.7385163022685206,13.010659133308,12.493930119282,,,,,,,,,,,
952,-5.470845028481111,-2.8533967986903477,-1.1873088720746,1.3142386696676667,,,,,,,,,,,
953,-13.970308565664379,-9.112091872197402,-7.866146973247998,-16.022735721640668,,,,,,,,,,,
954,7.560056947881222,11.1996935535514,-16.109661163986544,-12.473244051893,,,,,,,,,,,
955,-1.044041113099822,-12.9658265693262,4.245588751457199,13.459779666453334,,,,,,,,,,,
956,-10.04252590924549,2.5650113352177994,-13.820602114284279,-7.740588492228667,,,,,,,,,,,
957,-6.605716023471666,-2.7230068666524,3.3183728324720008,-12.062758620695,,,,,,,,,,,
958,7.036888750197763,0.13107463237840022,13.677095188216,17.323169749404666,,,,,,,,,,,
959,-7.136932463841526,-24.599466613436995,30.1930954748472,-3.225248749080334,,,,,,,,,,,
960,-7.7405882466011535,15.6763984895032,10.576722430468601,1.2417985903983335,,,,,,,,,,,
961,7.1656680020623185,13.097584133524,-16.1820997694912,29.130663920494,,,,,,,,,,,
962,-1.5752575534701931,6.05655212056012,-3.6212464591762,-13.028606694097668,,,,,,,,,,,
963,3.9059302630782233,10.446333382689001,-2.8244209143585493,-3.7806099175166668,,,,,,,,,,,
964,-11.25788375242911,-1.6219400629740004,3.173494737200572,0.6864374219600003,,,,,,,,,,,
965,-9.535454688199195,-7.330101292512801,-8.040000510722,-0.7140422844683335,,,,,,,,,,,
966,-0.5933125034345991,-6.808544217137199,-5.2728457804276,-28.506322070344467,,,,,,,,,,,
967,-0.4323378245347107,7.925468142592,-27.439059064976004,-23.942689923527666,,,,,,,,,,,
968,-14.404939707439379,7.968932190154919,0.8699488506606,23.528743621003333,,,,,,,,,,,
969,-5.317919083524639,5.578459092751452,19.008574342736452,-11.338371091879997,,,,,,,,,,,
970,-14.276159964318444,-1.7668172739849486,-8.0255127896212,-4.8671904738598,,,,,,,,,,,
971,-11.09691054729646,-8.561559354619348,-6.2290353730974,-1.8247660951133327,,,,,,,,,,,
972,13.29075477984089,-4.9686036373087985,-6.852008264700001,-14.573962137771133,,,,,,,,,,,
973,-12.280072963443303,-24.208298143710547,-7.127274965618599,-36.11237564837666,,,,,,,,,,,
974,-10.195451854199156,-27.8592038611658,-9.7495516006418,0.1069271041524195,,,,,,,,,,,
975,1.571798155910556,-1.1003829875986004,-12.7774861950142,16.30903148298667,,,,,,,,,,,
976,10.964670915361,-11.227298268684796,-6.880982822640748,1.9903308472836667,,,,,,,,,,,
977,-1.6798908491273337,-6.2000608151546,4.955484874753601,21.210708244842998,,,,,,,,,,,
978,5.0327535066356655,6.172453447239201,4.825096711234601,-1.0279429083259999,,,,,,,,,,,
979,13.459778192686334,-29.9164602575108,-2.2304225806958002,-26.8885265474,,,,,,,,,,,
980,-5.398405440465,-8.677460239167601,10.851987362866401,-5.688159862483334,,,,,,,,,,,
981,1.8856980428822077,-5.3163089437306,-13.414944154937999,4.308369170976668,,,,,,,,,,,
982,1.9661853823332893,-9.59018755279015,6.2159174948038,-21.33490012534358,,,,,,,,,,,
983,-0.8106283199504882,0.5801935443785199,-16.9064867088034,-23.918543721692583,,,,,,,,,,,
984,-3.9174383945843334,3.7819799077033722,-9.7640393217428,5.974454150063333,,,,,,,,,,,
985,-1.9213528674761104,18.09584879763225,-2.4767156079339996,-1.8247660951133327,,,,,,,,,,,
986,0.31619541486166725,0.2324882379538007,-11.922709765793547,0.22765958709766684,,,,,,,,,,,
987,-3.1689066289534153,-0.5498487015013993,14.5753316858268,24.084106263209332,,,,,,,,,,,
988,13.500021371154224,-1.5350137363675997,14.111724610593921,-9.430821146911134,,,,,,,,,,,
989,-8.030342422992083,2.3332073554706,8.43254014964732,-5.446697844134667,,,,,,,,,,,
990,6.401038768542334,2.1738437497518,5.0134366434184,1.6522840215949997,,,,,,,,,,,
991,-4.907433406704,14.271092195488,-22.151040863105997,-11.31422341627333,,,,,,,,,,,
992,1.5959436208624291,-10.879593846521349,11.431496206905999,4.4532449082242,,,,,,,,,,,
993,-3.056224844979223,-8.025513673883399,-21.064461780532397,-5.494990247803,,,,,,,,,,,
994,-2.903299145651555,-9.8509656483486,-26.1206764447848,-8.199364853325,,,,,,,,,,,
995,-9.487162775783442,4.752657663600201,-19.746080044600802,3.728857379406333,,,,,,,,,,,
996,3.18959245071754,16.09654240143197,-12.487730888730798,5.467385385295334,,,,,,,,,,,
997,-1.0037967064898874,-9.7350638795404,-23.527375251964195,1.3625310733406664,,,,,,,,,,,
998,-2.7664696860744438,3.6950535810957197,-1.7668172739834005,27.126527694422,,,,,,,,,,,
999,-2.838907554696778,-15.7909321840226,-10.691254356467999,3.0286175261876664,,,,,,,,,,,
