,Breast carcinoma,Gynecologic,Other
0,-35.17246384787293,-34.7154965858101,
1,-27.004615423345047,-37.12010841562347,
2,-27.643076917010845,-30.722372869968304,
3,-28.852278864611048,-35.2285256485814,
4,-35.358218884795,-31.9576409335792,
5,-31.68090522801121,-22.95476572881811,
6,-38.31217102889893,-36.17607576469356,
7,-34.381848627690374,-32.47323189474756,
8,-43.58971820794739,-43.02279751040909,
9,-29.524063895785,-26.998586907957115,
10,-38.07720500113551,-36.6923369527914,
11,-38.4283258455356,-26.994670322515105,
12,-37.5148271143519,-37.685695760757405,
13,-37.71431382844784,-51.244437022667455,
14,-42.58356290551478,-44.80166763795901,
15,-39.47556539114791,-41.7886334899914,
16,-38.585833601363035,-29.850796323085,
17,-28.491761749027475,-30.599252613690403,
18,-36.1361777821476,-29.802540514546557,
19,-31.292803468343596,-32.1570972610791,
20,-43.94280332020432,-33.6569650980652,
21,-37.97468974859339,-33.6587947618481,
22,-36.975031730996974,-32.1319546290041,
23,-36.30442826517521,-45.58221263973781,
24,-29.163836658637518,-30.03152395498366,
25,-32.7885749549756,-30.87503116356181,
26,-27.79285345765844,-45.37455364027946,
27,-36.002946407541046,-44.523371272758,
28,-42.06342733954001,-20.817237176498207,
29,-33.82045002915545,-39.16871242591576,
30,-28.254862123277405,-28.699723963892502,
31,-32.6765316733098,-34.33528262341211,
32,-36.53867708640893,-30.19533940950427,
33,-33.300556899720924,-39.800901992447095,
34,-38.864211822682805,-39.73822728081081,
35,-27.41000058423881,-52.099835932005,
36,-19.534519317243713,-33.673163583091096,
37,-43.807897145643516,-21.76199775392137,
38,-31.932458631848075,-39.837626446667294,
39,-42.4897199475034,-37.8481192919563,
40,-31.89066964368347,-34.5393791536545,
41,-35.62751681791659,-41.867066023060104,
42,-46.15816303220074,-48.36237130254871,
43,-36.482249142516544,-26.291541510257172,
44,-34.6156463218577,-22.1742240346914,
45,-36.171190531554316,-26.256928135594496,
46,-28.02879487556631,-42.42044516929681,
47,-40.88106580000946,-37.29652149638617,
48,-44.53969138819848,-41.7525952660813,
49,-30.570130595699645,-27.10988539168727,
50,-30.825450260856996,-26.457830544485212,
51,-39.72059684138334,-29.59152790752186,
52,-22.068640801008442,-39.733250886695,
53,-25.351629443700844,-37.095628627593705,
54,-31.21046332045825,-38.0011130081214,
55,-35.87787009030493,-33.11940654912481,
56,-38.084155360899906,-35.97126923287381,
57,-22.465617543163116,-28.320281394450273,
58,-31.320871447346246,-32.70042329124527,
59,-30.075902154949176,-40.76941035554971,
60,-33.63589799590231,-34.3122279151934,
61,-40.35067550927457,-38.94081141235971,
62,-29.446350981258846,-28.175936561339096,
63,-37.48052182722777,-32.3954421253804,
64,-34.644660457134734,-21.52115515240257,
65,-39.661790275958204,-29.855097027309398,
66,-37.294970658629445,-31.82118074084956,
67,-41.50921646000922,-47.542957994602105,
68,-25.99027049550947,-25.70213075612711,
69,-32.85461668108254,-40.49354118069919,
70,-37.22871311316461,-20.45910720024776,
71,-25.199441816845717,-41.28456396062909,
72,-35.88486409683704,-37.647915576013105,
73,-44.864462442404474,-62.38624985826001,
74,-23.41273071559797,-32.750131259820556,
75,-41.38274014248759,-40.451136562576096,
76,-36.7827713562479,-28.800895093346963,
77,-41.77899670335571,-29.955164497702803,
78,-33.004405684326564,-24.779763045520397,
79,-32.553844747577045,-39.571561513365296,
80,-29.119432458881242,-49.077386201387,
81,-31.823024714620132,-33.98533816530086,
82,-39.02431037718638,-20.74201007435881,
83,-25.142292870162997,-43.150587203477656,
84,-34.26424965208341,-34.691672022925914,
85,-34.32138403372381,-47.4558206497684,
86,-33.619085312790375,-35.20264301252356,
87,-39.24413903535794,-23.8882806754084,
88,-22.323021593442146,-35.872933800747006,
89,-33.41674094992837,-28.8603328342211,
90,-45.765475633858536,-21.634523787837114,
91,-39.486334634503876,-43.235952200195996,
92,-39.47791400939454,-39.775642656619404,
93,-32.24065451696254,-25.1959772271961,
94,-23.53010217912578,-21.43293553392466,
95,-42.35793001403384,-44.658064963813004,
96,-31.942992054422746,-38.730156228825116,
97,-27.72543239973085,-38.604500232423405,
98,-29.45902653694971,-40.45579315313276,
99,-33.49282455728744,-40.403245179109106,
100,-26.66956641111724,-17.41644622825656,
101,-44.135779876609845,-17.70340901672391,
102,-29.533451858387046,-55.0581771002951,
103,-38.99885684033858,-30.861743999624714,
104,-30.538674391182848,-40.640506848501,
105,-33.73572802915134,-29.954813690020096,
106,-44.833238674487006,-25.045819825142473,
107,-39.242240518990926,-46.86428381519046,
108,-38.09907860495078,-15.439546624108862,
109,-23.731001869569116,-46.3735603018181,
110,-39.8307565307454,-26.71820908224256,
111,-25.636738052328067,-36.618575627004475,
112,-35.803473592082604,-41.149884116398404,
113,-28.1295953235619,-31.984300809627108,
114,-29.498401310062913,-14.684165485630501,
115,-38.21856532721244,-30.241810790232762,
116,-28.28128012599264,-25.436827829424267,
117,-39.42103570769418,-30.585935831182912,
118,-29.731489079924735,-42.07810124791045,
119,-39.806287204307516,-32.4825966264433,
120,-33.67138756662845,-33.51946571205666,
121,-34.24770346045584,-31.92020163329517,
122,-24.05980008640474,-51.004619534269,
123,-44.59659020504886,-33.29121566038976,
124,-31.44545976259864,-25.096566753214272,
125,-41.875294193302736,-24.213084272474305,
126,-39.55284020673951,-38.275819055462996,
127,-25.97950166370054,-20.97786612538527,
128,-37.58273709842285,-33.07914670579156,
129,-28.96004864965838,-31.04860523916646,
130,-41.58220931654807,-20.15951970489917,
131,-27.44147314882171,-21.97545901496566,
132,-34.08664746643698,-34.47537060242046,
133,-29.355848493067576,-29.40038135029501,
134,-27.190869643925115,-37.96364601145417,
135,-43.50642918658721,-25.17006281835886,
136,-31.327122654401876,-29.464437676321808,
137,-35.060392767883144,-38.42738984522045,
138,-35.47419245098078,-27.9807643996882,
139,-25.049908892669116,-35.74766930785292,
140,-42.810840184139,-41.287428122310004,
141,-36.573465708868746,-44.53563347705246,
142,-33.60228042517044,-21.57154350380886,
143,-34.979968677571705,-22.236892515901562,
144,-43.72505781509293,-19.052755564943208,
145,-24.80556998065438,-25.1444787542191,
146,-49.64972944743582,-24.752764439877105,
147,-33.88690985267367,-39.16905661814671,
148,-30.421991670465,-44.98708664163699,
149,-39.40257592015788,-32.73962740370011,
150,-33.76957957311638,-43.865637798815996,
151,-29.439371386691906,-50.94131375175371,
152,-37.05688828704114,-35.3195893501811,
153,-34.70202260714287,-34.67838001278081,
154,-33.34257170737964,-33.1176577398312,
155,-42.55020233860552,-43.6132526875611,
156,-45.31977292870618,-32.4343357412791,
157,-31.0491868410117,-46.51217604157699,
158,-37.62213407893413,-28.544955360734008,
159,-42.086224994452074,-39.5992449625761,
160,-40.15600533023154,-38.481024322698865,
161,-34.61826804722745,-25.12393739919566,
162,-27.76188489798705,-30.256179612993456,
163,-28.085912229211395,-32.31158229487727,
164,-41.24785581713627,-41.877538338846,
165,-45.2100739573034,-25.95095416690686,
166,-34.44979666688657,-45.4428693590504,
167,-30.444354867840865,-40.315353212583304,
168,-30.782256348164072,-28.366764853382172,
169,-39.49306994480614,-30.697200619384308,
170,-38.47874712262638,-31.124195612398097,
171,-34.93773338349227,-27.060180347223913,
172,-44.35250296156248,-35.6303464681121,
173,-36.18655787544571,-25.17077574396076,
174,-33.508674210909334,-36.563530685666,
175,-31.024936051784334,-38.30208250193581,
176,-27.233088577246146,-30.59820234458146,
177,-29.831565704798063,-55.889852228283,
178,-42.83557548861484,-34.68921190626746,
179,-28.53186609055534,-29.551588869495863,
180,-34.21575417611778,-30.233809132242907,
181,-40.79421879672971,-43.980472826584304,
182,-31.067656116465937,-47.3413535861803,
183,-38.293188927555136,-23.952044661727662,
184,-45.712230865560976,-26.819359363295565,
185,-31.830694231433036,-37.71055151469101,
186,-37.92546901342626,-20.236896890894762,
187,-31.821590043906372,-42.794185341091,
188,-36.045863314947475,-30.63815461484857,
189,-35.987578396252246,-26.64399347583717,
190,-38.91510397273152,-28.544254128995107,
191,-31.026613313583045,-17.51581423651271,
192,-39.01805865815084,-40.340922276012996,
193,-26.895419788800645,-41.8166903662847,
194,-38.24326657666521,-33.695160021194106,
195,-35.56539875987807,-33.16731370329681,
196,-35.34792533570904,-26.441669295139455,
197,-30.421540441913713,-41.36375757736401,
198,-39.14169471392426,-25.991245166949113,
199,-29.885314990283238,-36.62686608570681,
200,-23.193133211737518,-25.790030723570275,
201,-23.269214357312375,-30.3062249250744,
202,-38.940782817271604,-23.00445831130156,
203,-30.648331410248566,-25.76228588262601,
204,-35.49027530951124,-29.4000293888143,
205,-37.890699110856005,-27.840376695768402,
206,-34.16438571726566,-32.814565089234556,
207,-41.112729669285706,-28.78614215305596,
208,-32.2579371494077,-22.528849855928858,
209,-25.06552544356324,-27.3748016609104,
210,-40.979030294339346,-44.86114161243646,
211,-29.62586117206394,-26.114764543850402,
212,-22.608202056169045,-32.753625722834116,
213,-33.971900292282434,-27.828800720328502,
214,-35.223358202665246,-36.72843910659756,
215,-38.60382851769898,-19.518997750746863,
216,-46.26712802570247,-41.18590403051671,
217,-29.027745532840243,-40.90695143859676,
218,-38.2351307525738,-34.7388666372361,
219,-35.08702930709493,-46.12371623978517,
220,-37.12744348521524,-44.08269053291511,
221,-30.11118734449987,-37.20547164277009,
222,-37.2452919243099,-25.87709383079511,
223,-30.772207953868264,-41.85340351053971,
224,-35.52292400395504,-33.11516546578317,
225,-36.96013746446885,-40.266776599897995,
226,-38.017658353832275,-46.649711277915,
227,-40.44473038856011,-29.628660867590764,
228,-31.320395908216607,-37.197161488512556,
229,-37.23617799200038,-43.5649606447063,
230,-34.206182500982386,-42.470848522098706,
231,-32.14920874604534,-24.136736507568394,
232,-38.884101100957,-41.60319186911417,
233,-28.743771870441662,-37.2968679958572,
234,-33.516621757961644,-28.67345136234701,
235,-30.028129733084608,-43.34829941554546,
236,-44.16095666568826,-32.28314499319356,
237,-36.47049763709026,-37.120106261176204,
238,-39.71339650464418,-24.97056948815766,
239,-30.194485341263047,-36.89684606684982,
240,-35.63331705241104,-44.0189904767001,
241,-39.73763416437457,-32.4951938680754,
242,-26.367364729653467,-40.834896224057175,
243,-36.28690396574693,-37.47328284505981,
244,-26.61888279685214,-28.194260358307268,
245,-28.707571964399204,-24.982454189838098,
246,-38.71441697222461,-26.40172987190956,
247,-35.86782482479411,-24.33980069340791,
248,-35.48979120521401,-28.848072783331855,
249,-39.84662839216171,-51.658856621404446,
250,-44.82343092234335,-30.64254564371256,
251,-25.324981980151904,-29.2120777216811,
252,-31.84051706276024,-32.2960803483221,
253,-40.793037487247844,-52.4677716874981,
254,-32.33521299058473,-40.51875905156801,
255,-33.85573080792971,-41.47539886777001,
256,-34.64299878679721,-39.2432225261481,
257,-33.56653046661991,-34.915309567609754,
258,-39.527881698941904,-25.17109831806676,
259,-39.352873286153205,-36.501593055417096,
260,-31.70896033396178,-33.83308953135157,
261,-49.431784381468674,-39.32488056837781,
262,-32.93742339293074,-42.152598885416104,
263,-37.51197336410651,-31.982875960767764,
264,-30.682655263132915,-46.56045816025646,
265,-25.258962204579472,-33.78300290600817,
266,-36.842757282696844,-26.994324207741307,
267,-28.45696066413013,-41.0984199542154,
268,-46.057363096939135,-30.373177954927172,
269,-35.99476770675334,-39.10963857232041,
270,-29.757154025709536,-31.276475634010097,
271,-27.828807542028738,-35.88378731155431,
272,-31.218870713635337,-33.771122666491266,
273,-23.285548371973512,-34.09767837978676,
274,-38.234413801260274,-49.4302310560321,
275,-32.08486182143505,-26.01394752982056,
276,-40.21527640874487,-39.62448268161471,
277,-47.92038880460006,-30.88801760235401,
278,-34.18359040775305,-27.137929035651815,
279,-39.369703098766436,-42.3707518180741,
280,-35.09661929192194,-22.36291862920586,
281,-35.21421893482704,-40.44532183865272,
282,-31.99800599683784,-47.00114589962446,
283,-34.39380943804147,-17.591759340882113,
284,-21.961301217266143,-45.66683001547939,
285,-32.26588782488717,-43.41521405654446,
286,-30.444604331030845,-18.73883279064086,
287,-26.812133896107305,-31.74561313793557,
288,-37.92405147251123,-38.538623629327,
289,-40.3499394794085,-16.5214082356892,
290,-32.25142037518618,-38.518093352513404,
291,-34.149270042318854,-33.2274926014161,
292,-35.551191287049,-33.318204109776865,
293,-20.936681050295267,-29.781299851725272,
294,-34.28130984951231,-26.367476074917114,
295,-38.16838428096594,-29.57753289645317,
296,-23.31095385286493,-33.53205926223171,
297,-27.961809198344607,-43.21501695569571,
298,-23.245195234137668,-41.196701612345,
299,-33.64143173855631,-33.8323386024291,
300,-43.42362544925791,-40.55695181971382,
301,-31.82299445522377,-24.605136546599198,
302,-37.847988534509405,-26.22960464815656,
303,-29.495559355948735,-50.112124514357,
304,-34.46682711729704,-39.51429255048066,
305,-45.813732160198064,-40.9573021699821,
306,-42.919819999723714,-29.99408288527776,
307,-38.8812670967203,-28.75665788970871,
308,-32.03446223841425,-47.821244436878715,
309,-33.51729337045658,-30.170827078168504,
310,-31.67948496896437,-33.47844170836102,
311,-32.67051628751073,-36.79068954087985,
312,-35.153037901984,-33.32757507302871,
313,-36.98081765509026,-34.19844531163471,
314,-33.256683835624315,-41.61184406086009,
315,-39.796933553470375,-51.08272818473701,
316,-38.974154411251405,-27.966028615092558,
317,-42.42489214934171,-50.41384239809871,
318,-33.95626399565613,-35.657687496359706,
319,-23.387986333460244,-27.91630641448881,
320,-34.48124533166401,-28.681049744802397,
321,-33.51107021811311,-32.7738527356254,
322,-22.79181301128091,-29.2250232321162,
323,-38.96575081368324,-24.400687438628104,
324,-35.65968802406044,-25.902696589126112,
325,-37.08473213925345,-41.9653911472973,
326,-35.55770831759818,-44.67601025653781,
327,-33.416026974027034,-33.2922776229444,
328,-27.87782363915808,-22.729400687145272,
329,-34.817495296904674,-40.634677891299006,
330,-25.31081594740358,-35.78548595876181,
331,-35.38176103222474,-32.47603974319681,
332,-35.13745422647784,-29.74240077476827,
333,-35.05510120560105,-37.43549465993355,
334,-27.8196980204374,-56.908754172451005,
335,-36.0610323807292,-36.0371505295934,
336,-31.990520192319305,-24.1658929662612,
337,-34.61756643126498,-25.0559060199271,
338,-33.82020056554934,-34.70323184263627,
339,-26.970323009430178,-43.43722511146246,
340,-38.44346270257188,-41.26366125836371,
341,-37.31274272878064,-39.547807111786,
342,-30.361285819336004,-37.04417538892547,
343,-24.066778757585272,-35.30625756615981,
344,-42.40619341224104,-45.17790770055456,
345,-32.00784011063151,-38.35143343133146,
346,-27.928465146043713,-24.643310236746572,
347,-32.922526921540076,-35.16446155276946,
348,-37.88183905287031,-28.519019718827302,
349,-33.444576595877116,-30.6741306774782,
350,-30.11119539633797,-22.163054796717912,
351,-31.813888832012932,-42.0903375263731,
352,-38.56276427633917,-37.306962038946,
353,-36.588345563153396,-31.49323195120486,
354,-30.889574237597802,-34.362623266573195,
355,-39.86221493994667,-42.61991688253399,
356,-33.21609005573464,-49.8989702090614,
357,-30.102775028091664,-41.53662649751,
358,-32.07668896716748,-51.34771107648201,
359,-40.18240840866584,-30.68637341970047,
360,-29.83253406811364,-38.80470864145546,
361,-39.484662450184935,-25.872855671121464,
362,-27.89532260299797,-46.234240407607096,
363,-32.418726395653465,-33.152969422597394,
364,-26.123744204991404,-23.989833616937908,
365,-22.978762488450382,-32.5740009800915,
366,-32.57882469393018,-43.0991072706827,
367,-28.166747744893783,-41.4721396631101,
368,-24.182970347117518,-38.67868468164481,
369,-37.865967448553874,-46.73684200676176,
370,-29.648430032667203,-44.09352942681856,
371,-35.499157318429205,-29.477076230115472,
372,-30.788987761353404,-35.2551559057031,
373,-36.29508164140451,-39.23529710736346,
374,-37.8314314177722,-32.66079298032281,
375,-29.850526111416983,-19.47003601842421,
376,-26.745373525625475,-28.53307942916056,
377,-35.80062322712753,-30.784676694262014,
378,-22.94135619332905,-29.325500747627814,
379,-37.24459692422618,-30.13265731278371,
380,-33.685310751291404,-30.708413323850458,
381,-39.54442035134493,-33.7549347217981,
382,-32.45235565944571,-40.154790732832296,
383,-29.748282529997912,-32.145633913590764,
384,-33.97910673204681,-37.9024216893945,
385,-28.859006790491037,-26.7577509234074,
386,-35.41371888089721,-44.469756642912095,
387,-37.9922304090377,-18.43425151282991,
388,-29.382469184770073,-34.56318794610001,
389,-31.955041391840673,-30.4192536765201,
390,-27.868941373594847,-25.789613447171213,
391,-32.28479755933874,-25.008010558993657,
392,-32.72883977406637,-33.690163931940305,
393,-33.74579847657772,-29.035678488902562,
394,-30.53700271989305,-28.593921938996402,
395,-31.319225522953637,-31.479517201756856,
396,-30.19351969683237,-48.723862117531,
397,-33.46854571352747,-39.940933658014764,
398,-32.74636017586693,-29.239793328814805,
399,-38.88174196896927,-20.42769533243721,
400,-29.624165856365476,-33.19326042219291,
401,-34.15601991877377,-22.80607664176096,
402,-31.333403094613644,-39.9527631994554,
403,-38.30305760926238,-21.88334719888586,
404,-29.328738619648846,-26.44490511254737,
405,-20.526496637222447,-37.8236124236124,
406,-34.70204142928892,-44.863584805040304,
407,-31.89908001145613,-12.88438057805591,
408,-24.13541815487081,-28.306256764009277,
409,-35.50778494140078,-33.05144279219256,
410,-43.522750070939466,-38.89359556497972,
411,-36.6294198059198,-40.2916151977803,
412,-37.69002600962054,-32.86491505220417,
413,-35.307604150270386,-41.2607879413721,
414,-32.74539858309124,-38.91989663138556,
415,-37.0494392561118,-20.410092078270303,
416,-43.53885698393741,-33.124172542944095,
417,-34.45026389784971,-38.41622253014601,
418,-41.188072836478,-26.9204730258971,
419,-37.764468102789216,-39.24719019507846,
420,-34.83476921033286,-19.71990777630501,
421,-24.20985609341038,-43.677332016349,
422,-22.153336951918142,-32.424604814734856,
423,-36.09560220965171,-33.49323265292656,
424,-32.30930340304032,-35.596822367747805,
425,-25.65237188734685,-37.3209804365801,
426,-38.059406157967466,-28.67165908676891,
427,-37.648529361260316,-35.68181570814271,
428,-27.430657029600198,-26.68359670813886,
429,-38.95037813574551,-38.99550885304281,
430,-34.2726346833756,-40.29124469558146,
431,-29.742732682912806,-38.6167287414584,
432,-33.408843664748844,-32.243898030612016,
433,-33.75183258286211,-27.225798384351272,
434,-28.80212289828014,-33.331497120956115,
435,-38.09349121577074,-19.858532670333272,
436,-32.77758912369953,-37.20797407209356,
437,-29.816684157630178,-39.80339957636356,
438,-29.354162666220574,-19.69686999214366,
439,-37.386188917051044,-30.32240371534786,
440,-23.639798689339045,-41.01957191452401,
441,-35.203942002390505,-7.774142804498671,
442,-44.872162218751996,-34.9678573102654,
443,-35.97869782329521,-22.614925622043863,
444,-31.149545291848508,-49.228945681532096,
445,-25.763692884051938,-39.13234424334876,
446,-42.59099957608581,-27.411918234384814,
447,-29.785233287811476,-38.628993869568305,
448,-37.438965685901245,-25.8879184924031,
449,-35.75140741519324,-33.654463053499995,
450,-35.322958364427464,-33.31389871264302,
451,-26.040205720381906,-34.841473387192494,
452,-38.72473821707911,-49.834523148178,
453,-35.50009347323858,-42.02698966381346,
454,-26.66138550453407,-33.6325346224934,
455,-32.29176038283074,-40.050756594334004,
456,-30.98268296120273,-25.524987210531812,
457,-32.04093003273657,-37.698667197621,
458,-38.6061691854906,-34.23770004257291,
459,-44.90670850663248,-50.626227465006004,
460,-32.96525970564124,-31.517717201870163,
461,-36.09440074330951,-39.7911231391498,
462,-27.803155982307114,-44.483411001129,
463,-44.36977949040637,-40.16703208916976,
464,-30.966867875395906,-33.1302319792968,
465,-41.350570783552854,-25.080751233527103,
466,-44.10982623253874,-37.29401144950411,
467,-31.49754009457158,-49.054704687186806,
468,-32.056569714494536,-27.352487725478113,
469,-34.691726441786734,-47.634729158902005,
470,-33.91981878061654,-37.157894447880295,
471,-39.056977124577905,-23.204664951356403,
472,-28.35761514553245,-43.20101394364946,
473,-30.127019970580072,-32.7158562306502,
474,-27.02262890532238,-31.32796572190346,
475,-34.188876893012505,-26.572676881330114,
476,-32.92926587407473,-29.676492398892712,
477,-46.29304217823006,-30.119001031758756,
478,-32.24234372876237,-39.561822201860096,
479,-40.7358765902254,-38.7694228855624,
480,-25.37681767002724,-39.1092749176013,
481,-28.281288588664317,-33.41860815582639,
482,-31.77907436010187,-38.2646597408611,
483,-32.26774515746194,-48.12578709312321,
484,-31.309625639791705,-15.10073670716837,
485,-38.112687443012916,-32.90127700348256,
486,-35.205117208845174,-41.929022963390466,
487,-42.491381873533236,-37.67314044730129,
488,-30.21919151448437,-18.836065332480096,
489,-31.881341585593773,-23.21039404328167,
490,-30.193536724075706,-24.69050485061017,
491,-37.907499177045466,-29.918455430109496,
492,-32.712274348863666,-40.01332506342046,
493,-29.822937569251394,-34.53873015893011,
494,-35.66017356477474,-25.033194118116562,
495,-30.680502974522792,-20.22325714958556,
496,-44.296325506286934,-30.645717379234004,
497,-39.8118073052062,-27.26071286885881,
498,-36.849040184594934,-25.02061734001056,
499,-42.9622989099771,-17.806379422530274,
500,-37.29710694494815,-29.349995153456558,
501,-22.784127390253047,-24.86903116371186,
502,-31.026610851976475,-27.3982761848524,
503,-34.49059482789177,-24.705973254696566,
504,-32.09062943593607,-42.33118774366481,
505,-37.33695310345454,-40.79672507287717,
506,-45.53698663246734,-34.38354450988001,
507,-38.563207709339466,-27.21210179181246,
508,-33.937105053825945,-37.961174353633396,
509,-34.8868492859771,-29.145845617723303,
510,-41.5528959130193,-36.41482013386766,
511,-32.74849959085112,-37.36093193801311,
512,-31.528054707618313,-36.66469112273809,
513,-33.59411587942547,-36.39103634571747,
514,-35.715653301617245,-41.726688627062195,
515,-34.61778886580581,-31.613144622046995,
516,-33.45132375467684,-29.50117928617871,
517,-32.20080420400564,-32.77458358515756,
518,-31.092177038656576,-40.54367227288945,
519,-28.952361335926735,-35.8704679899921,
520,-36.994198468142066,-47.69380885914276,
521,-30.27103305127657,-28.356996692915402,
522,-28.383293477162244,-40.4658581152051,
523,-33.74674904275794,-26.03771847120156,
524,-31.89696244490764,-28.66265278013567,
525,-24.023820409801242,-27.95238771935876,
526,-20.69235916540418,-42.317126110701,
527,-34.13080389541098,-38.5887036380311,
528,-31.529703760975462,-35.20334093565886,
529,-33.56866285501433,-38.240478523049504,
530,-45.75682918955314,-36.79107212214317,
531,-42.111679968193805,-26.2796016494111,
532,-37.506405565914335,-43.552398484576706,
533,-40.71978398637853,-31.65347324166317,
534,-44.95926919948086,-39.7022245226544,
535,-40.00091814807444,-22.2728703483991,
536,-37.82420379585637,-27.85621521824627,
537,-36.38769923404231,-51.20661006238072,
538,-37.74718818835654,-35.74945358200681,
539,-28.88684361599438,-41.300040365782465,
540,-36.782055430877406,-29.3607935043844,
541,-41.013338042911336,-35.82224764708817,
542,-25.241928266661716,-42.86115044914956,
543,-34.48624162540225,-39.62804553570957,
544,-37.28706234643698,-22.21488007551621,
545,-35.2648679810378,-39.78973198668076,
546,-31.36145209732124,-14.218659611993662,
547,-26.45090439453151,-27.714019468133266,
548,-30.723465630645713,-23.43503000582681,
549,-32.6194192425419,-34.23951355071427,
550,-37.92668786518065,-26.408143040059503,
551,-28.036007931447045,-35.44523657588166,
552,-32.98040800022411,-36.072056244261,
553,-34.811229267865514,-34.1973936564353,
554,-36.53264754544638,-39.94059531356076,
555,-47.77638300707933,-44.59794607154256,
556,-44.68251705575365,-26.26847410723027,
557,-39.630089942771875,-29.41087743698717,
558,-33.23214850172614,-45.592656874885996,
559,-30.657230549382334,-25.45770814508771,
560,-30.689879756321908,-33.3710601944192,
561,-41.7866825801752,-22.96954344182647,
562,-35.57567594872033,-25.27372237683686,
563,-31.562809787689705,-17.693286356253203,
564,-42.63301581988437,-38.78411658859691,
565,-36.48849747642027,-40.479927981172295,
566,-36.83435224880941,-33.65987972698366,
567,-38.02583720898585,-38.50623750021247,
568,-28.666038542726575,-30.445886857397397,
569,-32.19357047948208,-24.0849466948513,
570,-27.090771068179475,-42.38188305212881,
571,-34.0285625192114,-33.846379618510106,
572,-26.190981139494642,-28.2817810529994,
573,-37.23546247758097,-42.2174248343524,
574,-34.22108523077631,-19.470431061788368,
575,-38.78067528623388,-28.45781916871586,
576,-33.40183016895054,-57.866065602267994,
577,-33.6267770365854,-22.110162862367766,
578,-30.875148740531408,-31.344841434098505,
579,-29.706788343601644,-32.660781287264705,
580,-32.29225802781298,-45.078192423727174,
581,-36.43739043109693,-26.72243554796491,
582,-42.77655141186351,-29.300281722603103,
583,-27.909992228773902,-39.91467428873946,
584,-39.70450475070673,-22.57958609117357,
585,-45.25352461604478,-39.5211665460603,
586,-43.59019738930898,-49.3445337931203,
587,-35.833729509773136,-28.84775120937001,
588,-32.36835358475837,-37.66091778506456,
589,-39.257140632138665,-39.849845800480104,
590,-37.98407432600432,-52.617210935421994,
591,-36.3296059778774,-33.545740468497556,
592,-27.473635892116373,-37.05496420064671,
593,-32.09087720665911,-36.5814572844664,
594,-49.19633501783381,-17.20044299380871,
595,-36.47195102822873,-30.560040347939815,
596,-21.878031428588383,-44.949260835506095,
597,-34.49392555394281,-33.55761678447182,
598,-31.410188061368174,-36.46561776153017,
599,-35.34842190291911,-40.478454972761,
600,-24.149855858029305,-15.036311263519213,
601,-37.623060488901665,-53.171281542878,
602,-31.125032422032998,-28.4707584479224,
603,-34.35712814553679,-25.6142724849535,
604,-20.333971207824806,-29.439990428591962,
605,-33.5439491428853,-37.04307657512076,
606,-27.7937869968326,-18.73954063741396,
607,-19.651630546619046,-36.8410804313433,
608,-35.7418215850942,-39.813484233543555,
609,-26.392341958291908,-30.3198702814542,
610,-25.998919812729408,-22.8269836525943,
611,-37.84006591249134,-32.219438321230164,
612,-28.15551270695464,-38.869838624405006,
613,-30.923405010603606,-39.055635747392,
614,-43.162008726724004,-29.034612601585565,
615,-37.48841003486437,-38.730869153565095,
616,-30.88768818319211,-42.5328077708311,
617,-31.193676896976072,-43.107099543654996,
618,-33.17622389493044,-28.74725615450647,
619,-29.841672668952377,-28.98600014005576,
620,-24.521851217827308,-45.9688782442731,
621,-38.79653078683093,-31.13965955423156,
622,-23.321298843257782,-26.80746435354746,
623,-32.39496909660211,-38.16666634613101,
624,-30.094146379870914,-25.054830208794396,
625,-40.317987477474574,-28.7472840030584,
626,-34.44880219842627,-40.406437762406014,
627,-44.97582657242718,-30.761632294260274,
628,-20.180644480707578,-39.88733949178046,
629,-44.77277772186048,-53.07120414831002,
630,-35.42423383951213,-33.894605808093004,
631,-41.19167277121191,-28.862143803187468,
632,-32.7557216225528,-40.10190910646027,
633,-39.2683886452688,-23.698931239194913,
634,-35.82675017153371,-34.03183293268518,
635,-33.292166277382144,-25.40838898891611,
636,-33.61907310634344,-50.148866123678,
637,-30.85716331310587,-55.27494103362077,
638,-28.867429877028847,-30.812398533309107,
639,-42.71003194053391,-34.1991907778061,
640,-35.069758881395046,-35.420768865490274,
641,-31.418816709350075,-29.1843650377061,
642,-31.370554079588917,-25.010147563730197,
643,-40.156490101826535,-44.1698376491593,
644,-41.60067156551061,-42.143584192840095,
645,-27.93636294467207,-48.262264674706714,
646,-29.397116859970538,-38.40330840710548,
647,-27.281356540656535,-39.97728683971971,
648,-32.771074298489594,-33.94643908762881,
649,-36.071554878252805,-40.0504069408084,
650,-31.200900364341052,-20.879204041359664,
651,-30.747490600498676,-33.833410720614815,
652,-19.795643627136844,-44.01860420371081,
653,-43.90943367527564,-32.003751583522,
654,-39.07636824549299,-36.188332506590406,
655,-23.724244864325474,-26.644705015733763,
656,-31.20953485912121,-33.93275865049371,
657,-38.201765363341465,-34.435756061577464,
658,-32.21783670572511,-40.125306853379,
659,-46.26809392717412,-52.06099901489929,
660,-29.037081541442934,-45.694186044882706,
661,-31.4255551485568,-32.80369734621991,
662,-35.264641750791775,-24.969853640288115,
663,-28.15383636854257,-40.16416538780681,
664,-34.83407682594384,-28.9449552866771,
665,-34.686188800970996,-47.16455246264999,
666,-38.203655726146266,-35.26776853333931,
667,-35.45594027578413,-36.5019303999934,
668,-35.618176809667936,-30.435108969902757,
669,-25.948509715904844,-41.62660423320476,
670,-36.32938651775626,-28.896000786233166,
671,-23.667360459201475,-28.46830687006056,
672,-31.681148588116073,-18.0310329246654,
673,-25.52873854911064,-18.36185503079596,
674,-28.564046886163105,-31.995804700534556,
675,-30.136369211057303,-48.4246546639423,
676,-28.825876453119275,-41.51212586080946,
677,-34.21244099097699,-36.21284037686417,
678,-38.07600563811211,-25.586950383133168,
679,-36.4155153905668,-36.614297308786405,
680,-42.34619410018648,-31.38019558309427,
681,-27.239382660283706,-32.309068941326004,
682,-38.83946769681359,-37.1179417924984,
683,-41.105034303615604,-34.62298934080176,
684,-27.97765716043227,-24.191804066908862,
685,-38.697374725902264,-39.7112275215464,
686,-31.176168445117,-33.366468688689096,
687,-43.60604586307781,-37.79876720920856,
688,-34.662183320899516,-22.58139682894637,
689,-34.9418456880602,-23.19632556337786,
690,-31.361912045465715,-22.96987124719667,
691,-34.020407974515905,-40.819050317386,
692,-31.249129605803397,-40.56991410239429,
693,-31.90604596379273,-25.78926733248681,
694,-35.078165351005715,-26.15292284745771,
695,-42.90132436279764,-43.792870813960995,
696,-33.334156518870074,-25.029617647529,
697,-35.187370987253644,-34.4865022204612,
698,-27.164221154315463,-19.805642659059473,
699,-37.002620272925654,-44.3952381571823,
700,-26.291763022025513,-37.963307281529396,
701,-36.24563949682771,-40.8089317327721,
702,-34.27405909726934,-39.8743208961354,
703,-33.6440379743252,-30.230984744437556,
704,-38.745915128860844,-25.308639785011014,
705,-35.62397483846651,-36.89151417184376,
706,-38.6798750948236,-35.69658580430617,
707,-32.105759010750205,-32.31085144561186,
708,-31.387370660387514,-28.0272453202491,
709,-25.160517503204137,-24.405322027282864,
710,-33.96467656869013,-30.387900891950572,
711,-28.71114579434645,-31.64046810921471,
712,-29.37144606780461,-31.619597564069473,
713,-24.687712977226006,-30.43685285402366,
714,-40.66727812020698,-46.66444960103409,
715,-31.59568040352427,-49.54756405116781,
716,-39.6461681349514,-40.39381790304111,
717,-36.22881876199571,-27.73054752768247,
718,-34.943526591039166,-31.025502755084396,
719,-41.51114277493843,-42.7441565685454,
720,-33.720113785477714,-41.044476365737005,
721,-29.06158307579274,-41.72670424506271,
722,-40.299295099726265,-45.4922148257231,
723,-34.660248287387866,-40.5296071000101,
724,-27.072305946818137,-30.80956106593381,
725,-30.20407804416264,-38.60666531734846,
726,-39.41723918705764,-25.142685557105303,
727,-35.045034245207404,-34.2103586306992,
728,-32.99718975682027,-42.380520747820306,
729,-29.59009290316741,-31.29018530584846,
730,-35.81716875139684,-39.711240985188,
731,-19.99725662701751,-40.744857866620805,
732,-31.48723069716218,-42.3916822161863,
733,-40.242384333767205,-43.588400473277,
734,-37.55442524563141,-30.724203302047176,
735,-29.22118270421324,-35.84741189604066,
736,-31.512411127936314,-35.4571158162354,
737,-30.56337758976633,-33.214892051688395,
738,-40.44163743240031,-30.397625970893806,
739,-39.40185481499,-29.276508627278496,
740,-39.30177234391407,-37.78367046093847,
741,-35.717572744382856,-23.44299989157376,
742,-42.96830234579428,-38.46879465924157,
743,-41.7528584234039,-21.62264708689691,
744,-47.26703796821293,-37.936331679090856,
745,-43.67086925034334,-33.2043959648462,
746,-40.34010131350251,-15.9557840401695,
747,-39.594345573978934,-36.891497015525,
748,-43.55540656133165,-20.171402637066866,
749,-24.883531076795272,-38.943643416475396,
750,-32.418504216985106,-36.4627290580851,
751,-28.366477665363778,-33.54538789049967,
752,-32.23226533127944,-23.66078232140801,
753,-32.63808874601171,-32.95095281440271,
754,-37.75794378906448,-24.314613441785102,
755,-34.777873778256385,-47.70640979363,
756,-32.679386346783645,-42.21813191270946,
757,-41.558453299666375,-32.118252189934466,
758,-36.5912077763674,-34.525409299376165,
759,-30.44485261448684,-43.233082576503996,
760,-41.442012246586806,-25.383892813487563,
761,-41.06233049685914,-45.4403852386831,
762,-34.669850375928675,-36.389614572217205,
763,-36.3480808442596,-34.63701727880371,
764,-37.111338932041704,-27.5336590299173,
765,-30.22088462379304,-33.983891082336804,
766,-31.712354918333467,-39.662286484862,
767,-35.44872747664684,-29.365451479338113,
768,-34.25395492344297,-38.63081183826786,
769,-36.32770899943227,-16.420989573062467,
770,-29.28070401545305,-17.22633770875501,
771,-35.69909449316674,-36.62977232954527,
772,-40.650932668237594,-39.119354111968,
773,-45.31184005042294,-37.2309929301862,
774,-23.025374628082382,-34.778871375204474,
775,-34.451236415081055,-46.2090286151743,
776,-40.95404865563934,-33.34307563476917,
777,-27.17428396097191,-28.394122420838272,
778,-37.00909950475411,-19.077980436497562,
779,-32.65274744751057,-29.36186408470017,
780,-43.56475995578231,-28.406317618954013,
781,-30.908513205622178,-37.053520810804464,
782,-29.45331016287493,-41.168302314312996,
783,-37.26207316769827,-21.78504392369917,
784,-32.535173295114575,-32.3497074411324,
785,-33.78517104494873,-39.031905501389765,
786,-34.45794926259037,-49.3042080966323,
787,-40.922851813597916,-30.2064614886951,
788,-38.65278783945631,-45.20310079924211,
789,-41.65321979604058,-26.88338530207081,
790,-39.251360810355415,-30.153935363453098,
791,-34.031651577564915,-42.92310600535146,
792,-30.656278700675305,-32.916395369254204,
793,-47.49364235211258,-24.450720904886303,
794,-40.95314122172717,-35.33079990040717,
795,-33.62793249756597,-30.029024449654173,
796,-33.62365043613799,-33.40389221859581,
797,-37.12600907114518,-43.2895383652721,
798,-36.78398097625091,-31.41902003714727,
799,-31.471125477404335,-31.631091299166194,
800,-21.867725262579714,-30.511420653014113,
801,-30.29385773442074,-48.91680987323356,
802,-33.04037223155274,-42.16700940405871,
803,-33.628424295810504,-42.924140888989015,
804,-33.89247749647959,-41.913898135555705,
805,-33.03990761664114,-35.4074425435981,
806,-42.75924682878426,-40.17927344550917,
807,-37.56261199865391,-41.263307911266395,
808,-41.93669960918341,-25.117872500090463,
809,-31.748101235465267,-18.05693387030491,
810,-35.298728500347046,-25.621883946350856,
811,-38.16001653377878,-17.8084651912862,
812,-31.956956423016074,-29.27580116449166,
813,-39.788522417450196,-49.391360058996,
814,-38.62107878725121,-42.378342815768995,
815,-34.76945366606027,-25.419918189646562,
816,-33.02286819023194,-30.117950914967558,
817,-31.219367691498544,-27.653126875759106,
818,-28.46536856970194,-40.83413983339171,
819,-32.626591268937595,-31.340909847496267,
820,-33.57706660684991,-33.0132884122171,
821,-25.971353221673972,-44.2962106476761,
822,-29.916780271532065,-29.6019853745832,
823,-31.974442513469004,-30.899535493474097,
824,-28.892869002744373,-27.905886335451562,
825,-40.8112358613136,-27.186887612817504,
826,-26.264896764821206,-28.27023685069481,
827,-30.46141193654364,-30.99821765694971,
828,-26.03181458558838,-35.5579558320742,
829,-26.140079655674576,-30.874299160498005,
830,-40.66172996566903,-33.092782138264496,
831,-25.712346889161477,-28.59784614092711,
832,-37.15169960886504,-40.961608337018404,
833,-36.35670610716924,-29.529588122379202,
834,-27.147439911283772,-48.070431118304,
835,-29.086077482186177,-30.45957021837727,
836,-23.92588786733445,-35.87366288050071,
837,-42.52260133310924,-47.011913862768,
838,-27.34835375675111,-22.62645990070946,
839,-29.79290331731833,-36.21177041252871,
840,-38.23582677760657,-11.235081109810908,
841,-29.709166040873786,-21.770322908266373,
842,-29.329455314159038,-30.4235327635094,
843,-31.77164938360165,-30.7479859367861,
844,-35.210889234183334,-39.0833250429538,
845,-25.56836591525031,-28.354494263858005,
846,-27.18316740632778,-24.07698988804847,
847,-32.35826764777171,-40.59476223983971,
848,-35.92829408606291,-40.062305105684,
849,-39.01709275644081,-40.66964984292481,
850,-28.961737861577713,-47.2286643331657,
851,-38.33545930184638,-33.50292149737271,
852,-33.38503164133794,-22.412200935615502,
853,-34.399388262589646,-38.389959466945456,
854,-30.050713261979602,-25.0955096366305,
855,-28.012473836491715,-37.62309782555227,
856,-35.01983822326934,-32.0335975796443,
857,-26.2840501156648,-36.51846838335921,
858,-28.960550294347584,-25.510267196638303,
859,-43.135846802838,-30.50925072220871,
860,-43.48889319344455,-53.397738012556,
861,-41.84404355074493,-41.071438120726995,
862,-30.286636216048738,-28.844143735193,
863,-40.499006198464265,-49.2671577606531,
864,-29.3896734195126,-30.256162071797707,
865,-34.59162032675601,-31.42626861292671,
866,-35.37410218357965,-29.52923731520081,
867,-32.310712224541575,-41.01128299414046,
868,-36.483204888672915,-37.43335434647576,
869,-38.63740008267407,-20.57499172909446,
870,-26.37551927446787,-34.839710961910264,
871,-32.73605544564053,-35.0787574423801,
872,-37.62138856126781,-49.5227250690353,
873,-36.84950156881987,-28.00097310322346,
874,-32.24135028553187,-36.3258728209851,
875,-40.872181072602544,-34.370243113737004,
876,-36.35552895160304,-37.252651639549306,
877,-33.551882278388376,-31.40461536539441,
878,-32.511389737088365,-33.949298940652916,
879,-22.76681967862794,-31.95763216442411,
880,-33.2751116708214,-42.30635599352776,
881,-35.244715596412064,-33.0629394512831,
882,-39.39996629951384,-38.6296834068484,
883,-38.623216509947476,-42.43091456105846,
884,-38.201997953316535,-42.709184616650994,
885,-39.6855777323263,-31.930660869958565,
886,-24.23548231694941,-41.9902213595011,
887,-25.780522338298976,-34.9040958625842,
888,-35.591050832273396,-35.52195676632666,
889,-35.188803195826175,-42.62172354266371,
890,-35.843090032477264,-28.9597089966045,
891,-33.97308811560038,-29.10916170727746,
892,-34.242641615532236,-24.394519367428963,
893,-37.57030074864466,-24.60514900902691,
894,-34.894284674080936,-12.758403392271658,
895,-33.8218615693828,-28.580619388608405,
896,-33.7366670039346,-28.328589009115102,
897,-33.87757671645195,-35.278577424066,
898,-41.187841682047875,-38.8824292506724,
899,-37.20139301070231,-39.551023234324376,
900,-25.594972195184933,-35.5575436326564,
901,-24.000546548521708,-34.89011508321756,
902,-31.822780585593712,-38.31506678628056,
903,-33.883832488016665,-42.70953657759611,
904,-32.504626986769274,-34.486870569252105,
905,-33.090542353283304,-36.31009376653946,
906,-31.86357146383984,-38.50515584281847,
907,-38.10168212294664,-37.1802485408161,
908,-32.06758257400323,-39.7987441399331,
909,-38.52099528993458,-35.00173437231471,
910,-39.34378689540478,-29.693433964062372,
911,-26.811149172190074,-30.093441892057097,
912,-44.06904263738851,-33.0528653340791,
913,-24.378068778174384,-35.2565796004954,
914,-37.136087724896306,-45.07640407299976,
915,-36.23743884516838,-24.00104555245276,
916,-37.312263291012435,-32.16902950656676,
917,-41.50035368406878,-26.982078774204762,
918,-40.80333688295341,-27.345362016843012,
919,-22.681396832139402,-32.511712541624505,
920,-27.42442413282965,-51.58426758979,
921,-33.407625582014674,-39.41205107190376,
922,-35.15591011614807,-34.3615558416513,
923,-29.97771286641347,-41.53981223386671,
924,-27.18944589760772,-36.677991518560006,
925,-36.0014786048736,-47.456164457212004,
926,-37.93198968557273,-34.20999382182246,
927,-46.84654662017184,-41.848413268084,
928,-31.99848061305704,-30.635626258651662,
929,-38.95569021311854,-35.548566943641504,
930,-25.041024934105312,-29.776629029021013,
931,-35.00110973956559,-35.633183165852095,
932,-36.53264195529311,-33.227136331604804,
933,-29.32317513003567,-29.902606215341713,
934,-34.558515838141275,-42.0805378244371,
935,-35.78454385563118,-26.84453261435001,
936,-35.7321978011754,-28.660105346031116,
937,-34.9801944972434,-23.696449273842102,
938,-38.82053965308667,-27.9757540783761,
939,-38.503716555653035,-41.900585661618706,
940,-36.39874896902291,-17.881587830657196,
941,-33.43499348325505,-36.73268895986756,
942,-38.4187722235457,-34.1239279785418,
943,-29.00347981885541,-27.38528643867671,
944,-24.302253200639306,-37.67132540024381,
945,-36.64788492781693,-43.022410468409,
946,-41.8778832993337,-19.81785147352111,
947,-36.337783498753,-31.32724656552046,
948,-33.12198712007587,-28.92154761662776,
949,-30.355061487097977,-41.373544816694455,
950,-37.637005625152725,-25.371673690719465,
951,-34.188888175954574,-27.310050718865206,
952,-32.81403433862093,-28.952118230547466,
953,-33.01494741584011,-38.074552759230095,
954,-31.200848256490072,-23.8091334486234,
955,-33.608786942392975,-44.347330617806094,
956,-47.08247008687479,-38.74384020599671,
957,-43.019890778216,-32.70040205844166,
958,-42.74244050544073,-29.96634212057986,
959,-31.14423762543238,-44.495311088812,
960,-27.485117007717783,-35.5582967160294,
961,-26.728129616139046,-44.89891810512846,
962,-39.5617124712334,-50.56540734132546,
963,-29.606670534639402,-29.98181891034249,
964,-30.528120197409404,-46.155402291286094,
965,-30.763575664128442,-34.14521795524976,
966,-28.565715172735104,-20.2628249156005,
967,-38.311667947672994,-44.923386970269995,
968,-33.662025606911605,-30.94053611048427,
969,-33.568416777133905,-26.127315011099405,
970,-30.965429306875173,-47.153035340571996,
971,-33.95247578334584,-25.25932139811811,
972,-39.63850472138218,-24.388798659927172,
973,-46.29280907526381,-32.15785188202511,
974,-42.4481923723896,-56.33162162540401,
975,-41.53463999474026,-35.43123533358447,
976,-38.007598676653814,-29.23767055664276,
977,-36.9939899322977,-36.46097871101046,
978,-39.04086775036981,-20.75249485188686,
979,-39.67766408648717,-30.409522366348103,
980,-25.731057063055108,-46.649720047397764,
981,-29.11009101473018,-36.56244864375046,
982,-37.58105516902485,-20.5490593943941,
983,-39.023587836533274,-37.67276994483547,
984,-24.991106481853972,-32.0231285718665,
985,-23.740345262891303,-37.009223285198274,
986,-24.019708875009776,-31.57752482913956,
987,-36.24053205755394,-33.091727176307266,
988,-38.45616138916564,-36.100110196176296,
989,-30.823803156135842,-42.189345187738994,
990,-26.401921429493715,-47.98366873717646,
991,-33.576351604707604,-47.92096263710456,
992,-39.32722341907632,-37.33148898605576,
993,-34.42480866811987,-34.16209836062281,
994,-32.368564325701776,-31.037079115401106,
995,-40.265935969175715,-31.376240224543757,
996,-33.92751896755801,-30.70766454922446,
997,-23.65611854909685,-21.0310894042155,
998,-39.627459653247406,-42.897865748059004,
999,-23.505390672257047,-32.851599038351466,
