,Colorectal adenocarcinoma,Gynecologic tumor,Cholangiocarcinoma,Head and neck tumor,Unknown primary site,Respiratory tract tumor,Urinary tract carcinoma
0,6.181777044011959,8.372709047478716,22.15376805137555,-8.177366263614825,,,
1,11.8445992703738,8.860896464138573,3.6725001076668833,-21.363610219319327,,,
2,13.669239464152449,7.3550996358412855,19.061045436829165,0.06308232942425018,,,
3,4.156479195295615,22.565852723810714,17.887273443174504,4.45320982123725,,,
4,5.119280971017831,5.047556263708428,9.081755482077382,4.2558705922685744,,,
5,4.978922832451896,8.877471366356858,-1.5839667454445159,2.3993698208330017,,,
6,4.415024159095786,6.903816610028857,3.6820340205463165,-6.063070331036701,,,
7,8.417977247749882,11.838695804176387,-6.996735858758833,-11.0847840862045,,,
8,11.427922230466145,9.835462407435271,5.109771767700117,6.337773211325475,,,
9,0.09368058593694953,15.741885634880571,4.84952692054205,-2.175322946465,,,
10,9.074897898324688,24.565548398356857,20.28164048229015,10.4940360891225,,,
11,4.611426312323731,23.6922377180177,9.35215966853865,-10.739993742534502,,,
12,4.681851709688614,-7.029369851056144,14.923988120838166,-20.741644766990753,,,
13,6.586522505382979,-10.255404597967303,8.014689065943534,32.492593165475675,,,
14,2.669849200472995,-1.3240394252138574,14.290896814395,2.1830000079262506,,,
15,1.6794749797524133,10.566729134988142,5.814285844092832,0.9424510168877509,,,
16,9.646067244481728,14.191327653004901,-5.1512237966097345,-10.821542747959999,,,
17,5.61501961537686,-7.483132626464,11.093847371789167,23.849214384741725,,,
18,6.208859670067599,11.250974863845416,-3.814891730363334,-6.866760038201001,,,
19,-1.43994968429712,2.769054438958714,-8.571476044707333,-12.05662960099125,,,
20,9.888262682508543,-6.839667480822387,13.27594179190465,0.44363371340274993,,,
21,6.639093451855435,18.213746117860556,8.386396988827668,11.913860239444324,,,
22,10.257866382032796,6.056117173334285,6.258054968380166,11.972051512433751,,,
23,7.6122204410185805,5.939258843340572,11.185867838526834,24.94383740356775,,,
24,9.93970963456705,10.068528475150856,7.037759743204049,-8.0014783390065,,,
25,18.622946413570332,1.2557393177480003,-14.054681905092018,-3.5691558339219993,,,
26,5.14154343796588,4.491030310579572,5.025783717212982,-16.18202076048725,,,
27,1.7611247153411096,7.548567739585715,25.65661562295382,30.751529706812498,,,
28,8.406680199444564,10.133940360011712,14.681581527629668,-4.7200725653080005,,,
29,5.243342786399799,-1.1478961276085864,0.8280872152284506,12.53563593586825,,,
30,7.6949271357016,3.228962372780129,23.2775804023866,-18.511367080825,,,
31,11.024536273901937,16.153583870396428,19.023135600916003,11.001527196646727,,,
32,5.927338614604665,1.7376934116638576,-22.270051365472018,-3.58666482254,,,
33,-0.7325634931458211,-0.3888657294136716,0.5945891081092665,-0.9242114583230254,,,
34,7.595420821047448,-5.808832399457573,1.9274121649109983,-7.290816993239998,,,
35,10.630221367337759,-3.358603603042571,12.987708809820283,13.455323357013324,,,
36,4.53166065950955,13.242821882378612,10.52919712211,-11.400392781629751,,,
37,8.483695275719814,-6.1326023802980005,-10.327738906382502,-17.715014017907276,,,
38,5.1653803484119365,10.526483618800658,16.851107119865283,12.1530078757265,,,
39,5.376808700180545,10.531644781369815,-4.539242114893001,16.7712008940025,,,
40,2.2046204961557505,30.224715147565718,5.094199946245833,10.954451727999,,,
41,6.265271492400714,13.640622575222244,-3.5601787754150003,15.220308495593574,,,
42,7.228941889885301,2.7118094127349566,22.37673794707533,9.877711889444502,,,
43,7.238282854470166,1.6272933753182863,-0.5597189957433333,4.7537515293984995,,,
44,10.949590425519995,1.6509629762981706,11.276509765861983,33.4377079009235,,,
45,10.798489610245694,3.4708489313598574,17.839077763592883,16.263711560011224,,,
46,-1.970100859716321,19.974443377246853,33.205645674041335,-2.723100865399075,,,
47,2.0426021446206994,17.214983614432857,6.298859027763499,12.22927563205225,,,
48,-3.1954810685487702,12.384243772587142,2.229077040163667,-1.4716116387281755,,,
49,7.905068338317679,-3.694649712470714,14.3924582877165,16.84331352454275,,,
50,8.540600463845665,5.869212755420471,10.036962758366666,-2.1107260752892496,,,
51,8.505462603518179,-2.992429599176858,19.88506446362467,-2.2583580787512494,,,
52,7.567480923073082,-3.2157013143747144,18.382150204824168,3.335429467200325,,,
53,7.98875289750211,2.3331606564673852,16.08858679741115,-10.298991746749753,,,
54,10.902735215937813,8.536576216349427,2.5169245986070004,3.5178950118287498,,,
55,10.074008347080134,14.382110289949571,23.135964435308836,-14.940521216153,,,
56,-1.23627827713494,-1.4406879849612437,-4.129108881651833,-0.6082463051015756,,,
57,5.790742612077899,7.223070953205285,16.579694447637834,-2.822522410779749,,,
58,11.151377395186099,2.608946923521985,-1.0060063782815003,20.922755337901503,,,
59,10.547444090485683,0.3323867413552851,-3.405264513201049,18.733904773822974,,,
60,11.249447593242802,10.969807529661272,-1.6919338167767164,11.152922399777747,,,
61,5.72344162828483,-0.2328330293684715,3.304803663355333,-16.879869137105526,,,
62,3.809357512361615,3.1247966721747567,16.24200074518033,6.32797683202025,,,
63,13.043317863418853,9.708383090292555,5.181954743963884,11.85550758496925,,,
64,10.499349259397901,5.629578948130957,8.009299047389499,25.26621524826525,,,
65,6.569645564148599,6.1315514218841445,19.563317365521332,1.14752945652475,,,
66,5.004910548328916,10.321503477215142,11.645082279927166,-8.75733709989575,,,
67,14.69708572232598,12.322156799490143,-3.073093244536184,1.6435110599115008,,,
68,7.352170906593416,7.448829511951858,12.259707541926481,12.535086175039499,,,
69,15.331898902881516,10.908468433885572,11.2981041261216,16.436004759903252,,,
70,8.06426553130838,1.0764798656364285,6.170179578057817,13.730249767744425,,,
71,11.884034839899734,17.74965493647743,19.370749822202118,14.552012411435502,,,
72,0.8578630771001494,-3.3453617192823857,16.780670372712983,4.14100432091675,,,
73,8.773681935188709,20.298012707732703,-1.3271280496517166,20.498122020856,,,
74,12.968669595186615,-14.830043149218,23.88215982352605,-1.9348541114697504,,,
75,5.394436153404195,8.527220658815287,3.435481167934666,-12.5599673558615,,,
76,4.057130360505637,-2.2590074043317143,17.463462402557333,-6.18621847966425,,,
77,8.76721178488513,3.1376078676481436,19.174162523589498,-2.65587223739925,,,
78,-0.16252381643821484,21.31045082304857,2.2908393928090494,8.382953595821474,,,
79,2.7147047002894458,29.248315993284855,-4.610537198354,25.25471283785075,,,
80,8.925153395556515,1.1688031651993855,11.313667671562529,26.2186559874275,,,
81,8.573630081021385,-12.09703371191743,2.457176852715833,6.0715081901431756,,,
82,4.054983101918316,12.671114429537997,13.44553880039665,-2.830623399257001,,,
83,7.325846950147434,13.367741679004956,-11.129535781454999,14.299878011018176,,,
84,9.0494805148347,-14.300095207792575,9.556276914110882,-4.703503489957999,,,
85,5.896007580483659,12.591703663725815,19.8618361912285,-1.2322813402309252,,,
86,2.464334499319295,3.958720172228,11.104666424018,22.308494330855723,,,
87,11.433341096566044,8.897481638921287,-6.153269494156049,7.6214464881231745,,,
88,7.049790869744764,8.207417061690284,6.0333518481945,6.841855802935999,,,
89,6.976575525850484,-0.4647266124873854,-6.450913432052182,-2.8470027184152507,,,
90,6.269641911852351,4.862914731229701,16.399033654747836,-7.9431061767874995,,,
91,11.59709527306178,14.393739880284272,1.4682012702334992,-1.9179055239590248,,,
92,11.089198761502704,4.816428798789429,10.937437524153532,7.2904001596195,,,
93,5.535781732773316,-3.4160553596072853,21.420634501943166,5.458381469494222,,,
94,8.281605051134834,8.955691406434571,-0.20345047855833265,36.91626314769083,,,
95,8.10422035863605,1.6433261170688584,17.907990550863484,-0.13559760606975146,,,
96,7.289540405166815,14.541472968528856,5.778000461686166,3.2188713522229744,,,
97,3.1552587299240353,9.215880686386384,-8.004295714038884,26.18476058592525,,,
98,7.151396915222149,17.07583996544714,7.298116906998999,19.29541784081575,,,
99,14.0948878876853,-4.405364007329999,0.28602325952133256,3.029815773622,,,
100,6.451504138471513,-2.221990528126329,14.357059616296786,18.603778212063325,,,
101,9.820771942726001,2.3032475993990005,-8.379026729258667,-3.578938025713325,,,
102,2.33647188736375,14.523614109449841,-3.7489878479047163,13.01563901313775,,,
103,11.43726142175948,-4.2577312442957576,19.214708846082335,21.922092430152503,,,
104,7.056714306454245,3.3916509760463853,1.6827521441771165,3.0299966627062496,,,
105,3.663840136708445,5.776246970249145,14.021245740620481,-4.711978670370749,,,
106,-0.4567340559974003,9.261393770797715,-3.362319342641616,-3.466719472601925,,,
107,0.09808824722804994,-4.586343171508156,16.8780997744505,7.213580869403425,,,
108,8.04121885743858,9.9797540448581,10.751266120084168,8.223648933678248,,,
109,1.2902121957683943,13.760593006519,18.430354160613437,1.6531212297979998,,,
110,16.221417590042897,5.010327590327329,-1.6880476595125,0.8078199653764999,,,
111,2.6237906117314798,-10.073994745916872,-3.592315534054834,8.19352205222225,,,
112,11.75810454780721,3.9599068442621426,5.710207294489,18.957417927799227,,,
113,8.65979920336565,-5.445877915335829,5.912458900499167,-15.321656055426576,,,
114,6.866644331415233,8.844863722201271,22.71203871320745,1.4211258015799997,,,
115,4.902016644349365,5.663789765254285,-12.361941812548233,-0.782993920117675,,,
116,2.10184860356406,0.5969943739701428,13.422558807294784,12.21269768992175,,,
117,11.940149082125432,27.785028580406713,1.8711722461590001,1.1507233883435,,,
118,9.803037020227979,-3.0180428695051424,11.403679442967167,24.253694542247,,,
119,1.31947506602893,4.177479290415699,1.0215355578829997,4.015020471761076,,,
120,1.451402004890865,0.6003365133155716,4.0099384373085,-13.945138853627249,,,
121,6.4005870847368955,11.039100673580572,-2.747574670777,20.82089001850025,,,
122,-2.315226024892019,-4.940577489937715,6.091845194495334,2.3828007453776747,,,
123,14.546029242549846,26.793143911528862,8.729870862385217,-1.149435963921325,,,
124,12.689115973212111,6.210961174495572,15.838886713196999,19.37563145960775,,,
125,2.21290804870785,19.46592140521786,2.125123812265334,16.487224714022002,,,
126,11.053570372847943,9.890763763747998,21.462691779484047,7.772089760468,,,
127,10.5060907432156,-6.206204431053629,5.826333286093217,-0.602019822829325,,,
128,0.46317468787179994,6.965686719093285,0.33560811924410006,4.329492404471974,,,
129,9.618122735655696,8.6192125819949,20.59460205127712,17.07605910976875,,,
130,12.0198406058852,8.311482437194856,12.810817128457165,18.215120519560674,,,
131,6.08028059597215,4.336509579086569,18.9469446926035,4.74452796539825,,,
132,5.082227106353559,6.9269501310757,35.42765626105,16.21700318933025,,,
133,13.77454131962025,7.605921197879957,7.766997676979116,9.734231465836224,,,
134,12.662487342978695,4.845060938780428,1.329738446309783,21.91549707627943,,,
135,4.51083111696228,22.310943172414614,5.204556407395617,8.251895988185925,,,
136,1.3368021014892497,-2.5968836845555714,5.667158083451999,7.2565136255536755,,,
137,10.995080455518265,15.927390570179572,10.440935126347666,-8.598598158869175,,,
138,5.881618749352614,12.967565615035856,-5.499852414895167,3.72448085938375,,,
139,8.459101823811816,10.299117833737856,9.513345930921666,-9.633902008553502,,,
140,8.436430760456865,4.588629285415286,8.39707771426555,19.00807216022375,,,
141,8.988239666236044,-0.029146978813385665,-1.625533376320183,12.187660527699247,,,
142,8.622097330472835,-1.385699763869999,9.755255966597998,15.140667691521724,,,
143,5.987670052683714,5.569650482222428,4.85430688218005,20.18272258882325,,,
144,5.497930537899545,-1.5929488710101012,4.365459753043215,17.415759733700753,,,
145,9.56799343557081,14.977050575436,-12.748583125258667,8.572386912803676,,,
146,4.430726740694714,-4.641440837886428,14.640387315163336,3.7585606965914997,,,
147,5.16402651862335,12.169147022826431,14.904902560991616,-14.8222818975345,,,
148,8.585831219433965,19.748699005788428,1.3693909643236666,-17.292276488049502,,,
149,6.958577073129045,6.337175061751141,3.0038930835568336,8.790634778831299,,,
150,2.20620309744126,8.7893404345389,15.806005117667667,-2.732510638856,,,
151,10.181303528113979,9.223409113237242,-8.997301692268834,25.68008744468775,,,
152,11.1919745557222,6.385387799940285,-9.736460144729516,-15.0890984528625,,,
153,9.262524808211,-3.8187071197775717,-8.6372534230615,-10.52873138314225,,,
154,7.6913778102932,4.621443659747672,4.3526615624780005,5.0079537392125,,,
155,-1.0128332226426497,3.7459896729485576,3.782718241616333,3.0211614778705,,,
156,10.637344136684309,7.667152875263715,5.860732930208833,2.6398439759845,,,
157,2.69334632347945,-6.906277184870859,10.430397456728668,0.19639218204199982,,,
158,4.210598338585886,7.326913384230143,6.812049320182601,12.943717912027425,,,
159,4.034985648634315,16.93252218959314,13.6358576455805,-7.331109125529499,,,
160,7.1488023998234365,32.795449441787845,21.568891340567664,-7.86854622502475,,,
161,8.903730820944542,19.434393014703858,7.3592597444351675,-6.826460812189751,,,
162,4.458217963018714,14.485518993014285,-3.437650732964167,33.1761442196295,,,
163,8.908665897675185,16.31874715660814,17.669223018059117,8.091653185836252,,,
164,10.052467307850113,19.43450448689984,10.325200469693167,-21.21579378025475,,,
165,2.0282204072026007,12.089304555633431,-6.0135380827443505,-1.561254538982749,,,
166,2.536757123821185,15.221422964053144,8.203878832734334,14.724878426312749,,,
167,5.003594315093015,-0.2518907214136133,3.7165589864615,14.84859939013625,,,
168,-5.481392399650305,7.492948180436571,-3.4222113270395513,-10.349835735439076,,,
169,16.677420602059094,6.4356273056358555,11.505110865734501,24.26968370871175,,,
170,0.6675260248014449,16.77348075368867,0.36486129467000045,-0.29527291334332517,,,
171,0.7732396686665851,9.616270574401286,-6.702612753307334,-15.678113737695998,,,
172,7.887785993028795,15.093583609013143,19.98349407501783,7.17252616608275,,,
173,8.886067190012248,17.3077234148527,26.022308100986283,33.948015201566974,,,
174,-1.0076346153327052,18.815466952854997,15.838514294715997,16.789080527317747,,,
175,-0.8139092642751999,5.881366264756957,14.36785029395245,-8.202578994513999,,,
176,2.4353731107166454,4.009614323413714,23.9552247811865,9.0399565330925,,,
177,5.2149811688545995,-3.463724924073286,2.5129166665563347,21.563370089122998,,,
178,5.4838485086655995,-6.090638165469572,0.35205128149799975,-3.9928439176830004,,,
179,6.40420557349765,10.966904185695142,16.1098004631755,8.53077180827125,,,
180,12.531499608034546,3.441474994109143,-3.162721957343549,11.007175543564676,,,
181,2.6232610681660438,2.865474848310143,13.7076528336405,22.3546298861915,,,
182,-1.3479410402158993,11.985462124504698,-12.671259591853833,22.406415561499827,,,
183,16.826254984918997,19.443865111170616,14.59080600235445,-19.9213806643235,,,
184,5.805133925971265,22.349351424079384,4.936152639939717,14.667463911721251,,,
185,10.28792090751256,18.384836684821,11.647972956578649,-9.91597530755375,,,
186,0.08547141867914516,17.952703568984184,7.094133259624933,-0.5436618481967495,,,
187,5.6939946769185505,8.268759197643858,18.446676730360952,7.31356636240775,,,
188,8.1902018530264,-10.113913952680587,27.209389030355336,12.030031748897997,,,
189,2.7221963412090444,6.102714578155243,-0.12875752004173258,4.785752917023749,,,
190,0.6115994105806448,14.275480040603457,13.221329874150834,11.69918227048425,,,
191,1.4866902514291804,15.508492244129956,23.69159033469,6.789135534769724,,,
192,6.904457220477811,5.511000906116714,9.925608452527834,14.049807872953,,,
193,7.426851805807596,24.796249228954572,-11.142098697924666,-7.180662702522,,,
194,7.21304706935603,6.066234795165572,25.175942783694,7.77114807406425,,,
195,11.104827568729416,4.594873755010428,14.1121465873725,6.78970834964225,,,
196,7.731152103264582,3.8015089070357564,-1.7246995488498331,3.8996008928815,,,
197,3.4334986011696857,22.22163874222039,-1.1803798012488826,17.57281569809775,,,
198,14.119061393498797,14.712459157101714,7.5060115396321665,18.269729481783,,,
199,6.876623018364901,1.2221659190038139,27.82212500734967,4.0899741230965,,,
200,4.590372609211959,6.129291576387714,10.473822633111551,-4.97674160390225,,,
201,5.173441612330995,20.818605091661674,14.412294596244669,6.320457526030675,,,
202,1.6995483355059953,20.192552916553527,4.04270062239495,-0.9172472329927499,,,
203,8.7133902217596,7.89978724156053,3.3799967270301003,5.040164390554001,,,
204,5.1990129286749305,4.855047834291,12.540292348959667,15.894822194292749,,,
205,15.943329523480987,0.8664267258999432,-7.746951002050667,22.77228301715057,,,
206,9.000931333166363,2.3679328879287147,-9.040104988907,-6.668470255184,,,
207,3.6004569952896803,7.076305646258857,6.274254580671834,5.472116617298504,,,
208,6.72059173721171,21.440326065485717,13.850395514360335,-0.3702194709578248,,,
209,2.6806198974420505,-2.9092520862218576,-4.432406486619667,13.2050705564105,,,
210,0.7886070736392002,7.428267958701572,22.939511916935487,7.3734406121715,,,
211,12.450645074527447,2.7178400584897,5.866126495532048,-9.63614361301025,,,
212,12.276834535306708,-5.381001096984713,24.950105856618112,19.36434717998375,,,
213,10.488163227145685,0.21252778265228583,13.882403404241666,-2.9473694972235,,,
214,12.537000406163246,12.89449964392657,12.977032813432666,3.435611809974425,,,
215,0.6134803011996357,7.8437299009375705,34.48159865652167,15.23537725624325,,,
216,-3.2407501300809853,7.516833631943858,0.8813170468885015,8.831113120180675,,,
217,10.992408973567695,11.892612878695429,-21.329779843449,-0.486039843096,,,
218,1.8934272648722108,5.496265295232569,11.121595503691665,-8.633052188085676,,,
219,5.110810756205349,9.41893134533143,15.89487953524145,-11.4747753916935,,,
220,4.535803371602249,4.394409251148,13.777578835543002,20.350683320426498,,,
221,9.1941697027689,7.950576001014815,-11.119629450000517,-13.647624375465501,,,
222,9.41727745271171,11.975790391403285,0.6995366338763335,10.428891231081252,,,
223,7.633613222238745,-6.194903177340428,6.273373781557166,29.0046245982685,,,
224,1.1465774841678806,-4.835771331008858,-17.546225689444515,21.0715223309075,,,
225,10.551099111834233,8.026964857036571,3.158918480391666,28.54685490413,,,
226,4.26735278577606,4.925537784405284,17.943648142117283,3.21247107465775,,,
227,3.278678921473144,-5.461702913508757,18.50139623579417,6.350018685755726,,,
228,8.960181658503803,8.898775729761956,30.577164559575994,-1.158090259779675,,,
229,1.759583612258444,6.254215426797813,13.850524382980334,2.7469834507245,,,
230,12.754306230977186,15.955700454507953,15.275737960556834,7.28210941502475,,,
231,1.2697252781738448,-1.2530194754672856,21.575418713263833,5.5706088898665,,,
232,-1.7587867161214699,7.599471011285041,8.140732029384715,-0.30357429857600005,,,
233,6.947278960656396,20.55787466500043,19.180303290608048,6.004096899634,,,
234,4.69673177847106,0.947885539776986,5.816789914724502,-10.813631515528,,,
235,4.5741035968392305,1.6380555090902849,3.8105881485483324,10.455432254050748,,,
236,2.711649804712945,26.368973963964432,4.059277382533333,21.578804174639746,,,
237,11.895746514213497,-3.7198252012605715,-3.326800078667999,9.27269679772775,,,
238,7.48748827239436,5.957450092309385,12.759477764113283,-3.1944283658610004,,,
239,-4.05249542599717,12.045296345853714,-2.5547564836943835,8.840526440156498,,,
240,3.0466118471200008,4.181992900873842,0.39661381202166685,8.9373162282465,,,
241,7.077092336029516,7.543938603211286,4.916064505653499,1.7299405205554992,,,
242,9.74217710260315,7.131612069747713,16.926665507902168,-0.24405650606874918,,,
243,13.274440058827,15.865426216355413,-13.900007645822832,-12.414037836659176,,,
244,10.788887597960793,9.511570820836,7.069144571032283,-4.89483082052575,,,
245,4.806170671126845,8.57242162088057,14.059798737408165,14.101965966744,,,
246,9.110110951731434,8.591684016394286,17.259217470794667,-18.14886557890075,,,
247,1.2652016350908448,0.0896519808077146,16.049294874995834,12.95273753246575,,,
248,8.10878053417045,0.054245371139857515,-6.32386552985455,-0.47830949953324997,,,
249,3.8642314236917947,-7.564478955029571,-2.742682392407783,32.890504570467755,,,
250,7.868614954123065,-3.9647215094010013,-2.1110961293431667,9.083823882546499,,,
251,-1.2328498991770496,10.484945024926386,-3.6318675581935005,20.221509086069,,,
252,3.817495033375336,17.93311486396457,12.883625531236667,-2.605783726413,,,
253,5.825353766378336,17.229829684213843,-3.4494498961213345,18.68343320350525,,,
254,7.8796119396537305,-5.410155129909901,6.942606231897167,12.992112806180499,,,
255,12.850304008899112,4.347600049109571,13.193461149571334,2.084333939958825,,,
256,8.378770094992644,14.074577754771571,14.556785870475451,8.191071184375499,,,
257,7.709419534516759,0.9278732406928576,2.939487150887666,-4.413513638481999,,,
258,2.9210841216335455,-1.1425201278967143,3.8418476547480007,-7.909960932621501,,,
259,3.07229205155611,2.6609172881729575,-5.102148500237517,2.9384934440152506,,,
260,9.158694537781095,26.254487964863717,2.423906286751333,6.188257834625999,,,
261,14.914091129594297,7.524363072303386,-0.40970410536545154,3.4508667800792505,,,
262,6.568143830998236,8.202153547191044,0.710083761718117,15.0480117487125,,,
263,0.18105953635264385,5.593210637504429,-2.759362010911167,15.196970271044501,,,
264,11.331584310361198,17.84413370335,0.7176089791941664,12.717922364655,,,
265,3.6918555823377495,19.743960424083244,1.6116899703388163,-2.8225206371054252,,,
266,14.298293281691048,7.555245937582572,11.5900967613395,5.41622192472025,,,
267,-4.110939943747904,-2.7889543323525716,2.769631223177001,2.648308516050001,,,
268,7.9979058795009,13.661498277443714,0.21358018139038318,16.399291392185248,,,
269,5.396249299347845,4.238379591234286,8.264262645959484,17.847165747004254,,,
270,6.902081899890393,19.33646874395243,-1.279680753560217,6.409891162455724,,,
271,9.3520052628588,3.0006186723197135,1.9476220742752162,-11.294563865252826,,,
272,8.797602905768551,1.2309894498938434,19.52515452135388,9.492636508151575,,,
273,10.640618227044396,8.816776782166858,6.806778712000168,-5.551071186732675,,,
274,8.948397983291546,-2.7519273221275284,14.13648147440133,22.79582163802,,,
275,7.924166667071814,4.996244598472998,-2.4929905845888323,-7.281964074044749,,,
276,-0.4703294584082198,30.888938442818574,5.111779280824149,2.7878430777344265,,,
277,-3.3591919734277,26.82186928314057,-2.3339265161115006,15.031632429482325,,,
278,8.681147648996344,-14.300417463783571,-2.6592015402969005,-11.889048381447001,,,
279,7.007120579762335,-7.023876298476428,-3.346514612064999,4.362073700403251,,,
280,7.405644879135194,-6.821268488026855,10.2793658050755,-18.27352645603225,,,
281,3.5885931614271,10.589649845534842,-0.7807925131851668,29.949159425154253,,,
282,6.054635150491215,6.3935617521971855,19.619186048075164,26.384919554596248,,,
283,6.750117428435334,10.224234865733246,15.49141200127105,27.06903101025175,,,
284,5.869042709508645,3.4194176867950996,3.2027373562888166,9.204710918926748,,,
285,5.666987243955345,14.923033175542145,13.415160093483783,-17.408648394006,,,
286,7.985099649610545,10.500117404109671,-6.367566177756667,9.786024234828325,,,
287,3.707036068730485,8.201504981675857,6.7339667624490005,-3.4774522184764995,,,
288,5.2932748819031845,1.4706202168880007,-3.2065420154481163,7.385881162944,,,
289,11.50361717199133,8.169006783134128,-10.6340513273245,3.7338959531032505,,,
290,7.33013650163611,-0.5082058358251009,-6.3947952884502826,20.45651578343,,,
291,5.4670495979984,2.058345210938857,13.442531077882334,-2.8219673299742496,,,
292,7.602280059933159,8.477186870300145,6.4636902621067165,31.04228744986775,,,
293,4.173803393413479,2.2594623339309,7.105181674274367,-11.40056125665625,,,
294,10.4752119313475,-1.9955925241714716,20.513375808749817,0.2668111955015,,,
295,2.2063549023227957,11.199545645863955,4.839619406683718,5.755528849438999,,,
296,8.513826058431281,4.352220065155243,3.9874644603811187,1.6935977975835002,,,
297,2.928429987391295,15.112838910842427,21.77904531209933,40.107290051719,,,
298,7.965629257174743,15.814520917846142,13.536179545497832,0.411994103621,,,
299,2.822940149291895,14.964027582660572,-8.4353943343485,0.2782976452275001,,,
300,-5.725134615750771,-6.412687420445287,-2.0627786747318506,15.06119181600525,,,
301,11.275167877140166,10.75955678032743,1.7934692005906665,2.0127799373525015,,,
302,2.8633113759433497,-0.2935245734718578,7.823873662561501,0.7091485775450019,,,
303,12.236236310878565,0.5581493538831284,9.359065371189216,29.7729097224525,,,
304,15.333784404329094,15.53528914673557,-2.2838427339278335,7.7176776483505005,,,
305,9.4451442855958,-1.198900737791871,35.17218309946612,33.5988959368555,,,
306,9.421417682052759,11.5023375726136,3.8714767955678346,7.622191324866501,,,
307,8.750825726726095,15.731021149382142,-4.157228249781333,7.8018353562275,,,
308,12.956280119180445,10.603737904247241,7.210879948620168,-9.717321973269,,,
309,17.782280517769387,22.206781525486043,-1.0239557663385004,9.183068085540251,,,
310,2.7992139002712646,-3.897256509331728,-12.1958526316275,11.874132055387502,,,
311,6.231566556403715,-1.0725713244882995,-4.810015173399165,7.487948652628999,,,
312,2.5698229186915347,25.8532367008739,8.587642473706,-3.990579258535499,,,
313,6.918583230536794,19.832530151010996,1.0812998556573332,31.68044601233025,,,
314,12.5504085352968,9.026391126753456,18.0984323532675,-12.36205353816475,,,
315,2.8917471224334097,-2.369510805682157,3.3138445653453332,0.782591274013225,,,
316,3.7150966232582503,0.12117023768028672,16.490051547628383,16.331878328004002,,,
317,5.708869070753146,13.355577022239,12.844458930380618,30.9586741822305,,,
318,8.200788468873002,12.57739063364443,13.975049297812168,14.575744335198,,,
319,2.5106541356588497,-5.892007885585043,1.0309453313660504,-11.391350106712501,,,
320,10.661143095826647,-3.2363611657755285,6.867034838699333,29.3040348638375,,,
321,6.720855977028646,-7.0773576179771425,26.978775688461337,46.9297783605125,,,
322,4.48296109172433,1.441791480292571,6.040747015452502,-2.9741180104900007,,,
323,-0.8986124766905395,13.090769753027715,-2.3754884180326665,-3.2524156955422496,,,
324,-2.0284411003361047,6.095068598804413,15.121700950856,18.841611743175477,,,
325,7.538587633716965,20.289406040813855,0.6849792097834992,24.21413837988425,,,
326,11.240101308372596,23.73700292516943,25.76270759662117,11.48414606998475,,,
327,1.089289946345195,4.547308569120985,-1.7678882691293332,8.97253637525975,,,
328,0.9723509003027295,10.077890112927713,15.871670179555283,28.422772162388746,,,
329,10.831219519064131,7.9174424107794295,13.134212325783883,0.7432248678405005,,,
330,6.491428462859299,16.03640328428857,-4.078517900893167,14.190097912128177,,,
331,10.32524610569315,21.925932393905573,-0.6532421416097834,-12.97726402876825,,,
332,0.6058382742067645,26.159795374231432,-11.594918182136333,1.3938186605942509,,,
333,2.5560785489524354,2.6621090272455707,15.763821336168283,31.581022693778074,,,
334,4.193614637459609,6.275089101915571,8.064900534462119,11.927050947227,,,
335,2.0742382073387953,1.4534109366041432,37.586631179041454,-2.1244718643100002,,,
336,3.9161653572179502,7.316907234658529,12.654403733978,11.325591565102425,,,
337,14.338856392499213,-11.647368046237428,-0.8364117341815008,-3.7165998546860024,,,
338,3.783447827198065,12.49626015610053,10.983636331308167,-12.5279695149735,,,
339,5.845164655760945,15.45179951201666,3.8834036449425007,25.59517071265925,,,
340,2.0610553026075653,4.878080016686285,2.8600165955100008,25.383140461566754,,,
341,5.661451331930644,-4.2700002791988725,4.157829951328817,17.90480016616275,,,
342,5.386114196636766,-5.892325074719899,4.828192662077667,7.5602510390025,,,
343,8.211402395410602,16.214702048941383,3.535415822947334,18.15392152359425,,,
344,7.280464744305301,12.387481533298,13.150030061566833,1.67007336393825,,,
345,2.9159638996362838,-8.554637831649,11.159513615642835,9.809176250137424,,,
346,6.113424066673881,7.543188699290715,-2.7647733103744994,-6.6850269164744995,,,
347,7.851254578267399,15.700673350569817,-8.544243387100334,40.65581812787675,,,
348,3.518350071746666,9.339410120600999,13.955343040273668,-3.4516595790224995,,,
349,6.158691709512799,1.662041285634427,21.181603320358168,22.37347248736525,,,
350,0.8052896480063453,-4.9558562743190135,21.38222337871783,-10.24230433469225,,,
351,-2.3137586961579055,2.7885397788488433,7.397808012124,33.400419944814,,,
352,12.410917245201949,8.84572408479157,15.603007492385165,-8.045732293940425,,,
353,4.2743588639987,2.5709713863522716,0.634630596609449,-8.81533329667975,,,
354,-1.1366251232158555,-5.257466595770871,-10.229812946287849,19.555472340630224,,,
355,2.4069363001214805,10.592232960281859,-0.3104031530321662,15.42067318114,,,
356,6.636268036954552,-4.870639833895285,20.153976611751002,7.580015819625825,,,
357,9.47997747220396,1.4027295958544148,-18.677817448739948,-10.9855540704715,,,
358,4.553957176198,7.8848307131504285,10.009858969497667,41.51111084806,,,
359,7.5861536305853985,11.459397469216144,17.534396890058833,-13.5641919968005,,,
360,11.129872888492946,19.646913743430144,15.293690895433334,17.19469390148972,,,
361,7.714539401858765,4.739703499410999,32.76902816678034,3.3109580266367504,,,
362,3.484490493451444,4.383857900983571,-0.6965609127359992,-12.760339134875178,,,
363,10.476680678912482,5.032171074005286,2.1206098639461657,1.207208630478175,,,
364,3.9724282121078303,4.838803295425044,10.042475734057998,-6.16945255465425,,,
365,2.0690445656913967,6.254648141417756,2.888141874897334,-5.640320387448501,,,
366,5.1198105146434445,4.523308605204856,-0.8484556295090151,9.47869386979675,,,
367,3.8065338709771446,0.5850557018184291,-2.5930375560929995,-6.925318409441701,,,
368,12.833729258675135,13.467155623757145,7.0867274521351655,25.580295254934995,,,
369,10.015972780215895,12.326251882720287,2.3244811947082837,17.48336078050675,,,
370,8.146437007389336,7.349393272781714,12.503130896730498,-10.605924865515,,,
371,6.77200180205588,7.9328184802141,2.7221839273963333,8.903617676692502,,,
372,6.403640916188479,15.546475888408716,16.47398671518633,-7.505482548430774,,,
373,6.974470120154431,-10.240891931520014,4.3568042745738325,26.6242569472125,,,
374,7.091671632641431,7.192839693599,27.45417319053483,7.952292419659,,,
375,7.417926531102536,9.070191592843429,25.652853605209334,21.90119620681525,,,
376,5.928396637727566,14.959941619883713,-1.8699522118980163,-4.015623514189249,,,
377,4.713939994813549,15.892422755636288,-9.914975097607053,-4.0014946668095,,,
378,13.001023893393386,27.202562033939568,2.793237825314051,26.98806191356725,,,
379,4.911922621024199,0.760548407183572,4.448441682512983,10.280881489018975,,,
380,12.060776844529759,1.5138744693316137,-6.623018058188499,44.219300747417506,,,
381,3.501217403110851,2.6456537044632427,-2.029641706458784,7.8856383798795,,,
382,6.202758391561945,15.774824655521128,-3.477569264249284,7.239557944461077,,,
383,8.61765455546188,10.479675430248525,13.36556695784365,3.7581705440074993,,,
384,7.347836664900716,3.7321093576530004,-3.561806776053833,-0.8095296230046751,,,
385,4.808771570936614,0.8511580752722863,-12.750977243840119,3.411138595988475,,,
386,11.00050641523858,5.160321537445713,8.356404887892667,-4.446662429274,,,
387,7.35318920505061,0.5673985060787154,13.665234960596166,15.73570019479875,,,
388,7.176333346902251,18.963194974362285,11.832515177655502,6.585759579538225,,,
389,4.003202037346766,20.41250884058686,-0.6767210574841668,-9.072935154898001,,,
390,6.578429319902336,2.727742842931957,10.798589276588332,7.231460502757074,,,
391,-5.116531183473151,3.2669419632994274,6.173817456479484,-1.3537376453367496,,,
392,-4.194591872068615,-4.7131083396218285,30.133764307068333,-10.93752982148375,,,
393,4.151434166369765,13.35429711882957,2.5410336700730007,18.13037226223,,,
394,2.8416933701547302,14.756570731695001,13.4521844012032,-5.782499119943749,,,
395,9.346660880352744,4.057400427240957,15.688877734437169,39.568916585759226,,,
396,7.727688256822094,-3.6626936738993003,11.639189792285814,-16.47257810689625,,,
397,11.0034063138189,12.64130777766057,-4.714109731735783,4.903446021763975,,,
398,9.36409609465315,2.0871830682529997,-18.94319694168317,3.53560794339775,,,
399,14.025367289855884,14.182613567380429,12.788725028208782,-7.030954022895825,,,
400,0.7712076825964493,14.5215751816651,18.131198085270334,8.318351404487501,,,
401,10.230862850496264,8.725966464306813,10.649710558144832,5.994110764354674,,,
402,5.075561879710477,5.180671293603999,4.115388432380333,28.747581367878,,,
403,11.840234880608595,4.640599650064286,44.061569701138666,-6.4942990019895,,,
404,5.785432988768994,14.751611232506102,24.139259803516335,-2.4012922889135,,,
405,4.23119946445631,0.5658966715765711,-3.5158704352069994,19.157032456047,,,
406,6.306737984030734,14.137313293447042,12.552968764537786,-6.20467624862225,,,
407,12.8384777716982,-0.46946620765557157,-11.965618801897167,-8.86560979076,,,
408,6.319390990388745,3.579100594538143,-9.538487213276168,17.916848790381998,,,
409,5.869190258201145,5.029590999225571,6.419494238633216,25.87876383366525,,,
410,7.113891892154444,7.266864325657999,2.8109460279986163,-6.13028122493575,,,
411,7.579565015758649,-3.4112164528648568,2.04642528649855,7.323160571465999,,,
412,8.015494672057445,13.872508051229856,14.584148578690169,14.945754502874001,,,
413,12.554666165187431,11.973092764349271,9.120168969912617,24.799390464936074,,,
414,12.654466867796799,-3.059888518452001,11.31039866475615,3.3190501480427494,,,
415,12.235566312275143,-2.6529349450827295,17.121500666112116,2.6153441605694994,,,
416,10.324263630294599,8.752540422366431,4.811614719946884,10.04249465045225,,,
417,12.104313628138213,1.7044412556685278,7.933469916885166,7.7796321214784,,,
418,8.897367075891957,18.569149881090002,8.175877692671817,-2.018075452888,,,
419,8.461212195199145,30.667166535258712,-9.997955845041666,-1.81282321785325,,,
420,0.9359365313197943,5.138594592943858,18.805833559394454,2.5311793593295002,,,
421,-0.6988915428655501,10.744818129334002,7.613102540816667,20.298899418433,,,
422,-2.4417312602093553,5.572877095690286,5.060183361136667,19.7033047408105,,,
423,1.5699197506421456,20.373012214790712,-0.28480677191133097,7.21453674339275,,,
424,8.228014032713265,-5.551551530581285,12.673489293970817,9.502060469014499,,,
425,2.359032998538295,10.772354801857187,4.766920956147951,15.88522089165625,,,
426,6.0473297187254,4.796312120926244,7.274648631965934,30.991815879553997,,,
427,6.594430190942094,6.532262552397285,-6.039524616436668,37.60621625270925,,,
428,2.3305596555211094,13.44445481770133,-10.648994175349166,32.228599896551,,,
429,4.39012887083351,2.155081796141429,14.359943199358783,22.257285017229073,,,
430,6.082504466266944,17.566731089520427,2.5446750953866504,-2.765657656333575,,,
431,2.696064269000909,12.21466821423957,11.796365757936618,1.5041627073957498,,,
432,5.253356941839715,21.250941897647,15.959917988260331,-20.111204133818926,,,
433,4.23071319234195,6.747783910127386,-4.4984380555114996,10.6638855144485,,,
434,2.7394123605653307,15.670442091044816,13.149769959917052,-3.2526125453095007,,,
435,4.5190459591676,-0.5248841030884718,21.928062357358,5.566090212266,,,
436,7.514106971430283,5.8148741132085275,16.995468343195785,26.707299173185,,,
437,8.358436400914679,17.499264062784416,-0.008996014867832969,24.153882844425002,,,
438,7.957836134606761,-4.329505151001531,4.48058908175395,16.76855140263925,,,
439,9.273859807694501,0.19714157950570052,-3.245961624222833,27.2633625166665,,,
440,-0.8064495449479547,14.703415721637986,-1.9579399186626665,-11.275911020054751,,,
441,12.621288283359869,2.0601733548205705,4.957618131389167,0.2875283031642253,,,
442,-4.595076156700256,2.806517204017571,16.17119276180583,15.22672118685325,,,
443,5.526779491605085,7.685772785503715,12.465228154501832,11.964321169123,,,
444,5.114954532364665,20.546147789962756,-9.360101129015383,9.9841118477045,,,
445,6.081560296785585,-14.465701342789998,-13.351419864479334,-0.2014997153487501,,,
446,2.564927211898894,23.191239105983005,29.295180762350668,21.552452907535,,,
447,11.555592603478594,1.883163614343901,11.298229447774332,11.20339574340925,,,
448,12.192478204220482,2.7788518316910285,-14.869784169373338,25.793836461033,,,
449,13.23489772927265,-10.82485220531743,12.998756042334499,7.792993077492252,,,
450,-1.4717354236533553,12.037982756459572,10.959902042953715,-8.823629361647825,,,
451,14.398621045077476,0.9232390372981436,11.089708206270666,9.3380367327673,,,
452,9.838325266734444,1.092291690028471,7.637325111307835,2.213878819628999,,,
453,8.364687356398601,6.718955173387856,14.582155253153,-7.0910268960614244,,,
454,8.759375745569802,-1.4893222907544714,6.657395159642,3.20323332285675,,,
455,1.8237935226971949,6.436172505880571,-19.484765521698165,38.219899827762504,,,
456,-0.8826052212721549,7.689100737292001,14.451590065480616,21.486545478317225,,,
457,-2.758534887233,14.098570625064285,-12.1848053991145,16.775707157473,,,
458,6.5066376786913604,3.825938545586458,-4.748502282095832,11.09359613673925,,,
459,9.176546151187999,7.277403515219427,-5.4882897079154995,44.233991769683996,,,
460,10.710402710129244,9.171877543509712,24.0866565807585,5.243159060078175,,,
461,-1.1415605547029513,1.008582150797572,-5.240482455545499,-1.2731516074782503,,,
462,9.137266997444481,8.031494681794944,10.627988511669384,-20.8823125447995,,,
463,0.8078125170373106,17.704781297498567,31.719927690780835,-2.4327226347602493,,,
464,2.1448916667752145,-3.836032939136729,9.011200506717984,4.34776041713325,,,
465,4.91169597775543,8.874248806611385,12.2074850134685,-3.1394416647509997,,,
466,16.035897504629137,13.993239533501427,9.879173188949165,2.2743365251167504,,,
467,4.7574430834092505,6.810749486700287,-1.564890643701833,0.7737383549654988,,,
468,12.586751967397115,-7.312797030237713,-7.477807126701283,2.8548837230770014,,,
469,12.572140039934043,0.6380982263557564,-0.22001896251466638,1.2060754141424241,,,
470,9.109246231508333,0.04046436741604355,-1.5534757219754993,-12.411767857572524,,,
471,4.637225690651759,-3.833553189395,3.803943730118616,17.88860350907775,,,
472,9.274543284335586,-9.410730111401145,-9.079775241132849,15.49731335612425,,,
473,16.259832732923712,1.0313863219822714,24.91897994816055,-1.8953139097869256,,,
474,11.720661594495166,2.120865912244272,19.397737747446502,22.41432856735075,,,
475,13.737672954716746,-4.0980493497937305,-2.3290366024728333,33.31587740435,,,
476,12.810194539397,2.9256282858558578,12.675873954255835,-2.7551004796034997,,,
477,5.191856464488495,-1.9201653692870004,26.911862138171003,-4.463600376045324,,,
478,1.819537666170494,6.888749622680412,-11.394549949678614,-13.605448869898499,,,
479,5.392819147831746,-4.997389801358858,3.6837968012785,8.64770588882525,,,
480,15.099154381622636,6.901017644447315,1.052678018296217,-5.30852744888875,,,
481,3.41192244835678,-3.084745804848614,-12.096056303601998,19.648126510340248,,,
482,5.532311501985551,8.735101104089287,15.029176831979335,16.390809117978474,,,
483,8.46693608975605,-7.1623632747326145,4.5171085554867165,11.144441898992575,,,
484,12.897304639089793,12.846504783156572,19.188714036638384,0.8846428026539996,,,
485,7.492382205757748,12.610425925893717,4.933265509835834,31.664064919750572,,,
486,9.499976698953684,4.454983242587143,15.745746626479166,7.2565171723965,,,
487,3.6887293952660856,8.897591084414557,-2.1787757977895,0.08792086820225098,,,
488,7.239338749570379,-2.676080626422529,8.629199646189818,-9.993936681107751,,,
489,15.621139306626395,42.07771287421814,-0.536495452563166,13.602398505818751,,,
490,13.2626925614388,-1.5885396389607576,4.0375600652536665,-15.728023133449252,,,
491,5.8932538118861295,5.285255521499429,-9.41194887414,10.346774731190074,,,
492,11.407962373756487,-12.585021491717015,-0.9252861518301665,10.145854964296003,,,
493,9.042058037333712,-7.115022046313901,25.398633661318332,21.794611813059475,,,
494,-0.8382750089287558,-13.923919107767572,20.652851847419665,-13.903897941215174,,,
495,9.476855186746516,0.7195458930991426,31.404823828776333,-14.426081844095926,,,
496,6.95378883559695,4.472530993162143,-0.6754702042328334,22.406977735955724,,,
497,6.62960458370478,-3.2686364199829585,-10.505996121883065,-4.779581490310999,,,
498,15.678043785332466,1.9072709970477135,12.37934845444917,4.1986210056468245,,,
499,12.639857068446108,-9.450867195599528,4.3536546782315,21.49708137388675,,,
500,5.45590151701333,15.363232825055473,7.453545461498332,8.9742353125735,,,
501,8.1515590028318,-9.121703987680442,1.3417870705900505,-4.6788351997335,,,
502,4.192896401789095,10.607721515216285,13.959608709750334,27.0645141058185,,,
503,11.935253020541257,3.068203251553,10.712475484982832,-11.17705519633125,,,
504,4.02655019282935,10.092516278423856,-5.912986277373832,13.463803857693174,,,
505,3.2454212424161595,4.110442951696615,8.420809637888835,5.813145534137501,,,
506,11.928396619158047,-4.927672049764572,10.425129213419332,16.91054569927975,,,
507,10.5177662397044,-1.4553212440597727,-5.959561049754666,-3.9322106434825006,,,
508,-0.6907579233793703,0.5062793142328553,18.330428963730498,-17.21204690809575,,,
509,5.55058093359486,0.12719885664527197,16.198931435343834,-9.7359464437275,,,
510,6.71336469057335,-1.0364249450255707,1.4787389396828334,-13.317711263301,,,
511,9.273072408752508,2.6657693686757145,-0.7918480215206672,-3.6002226285759997,,,
512,7.3356380091983455,15.847783207821,16.185751368446166,16.911856257860002,,,
513,10.5717360609038,1.718221245821286,22.812086867085046,23.177910578115924,,,
514,-1.3051221375282551,-7.517345470192471,10.933545455342,-17.706918349659023,,,
515,5.841173393741965,5.146551681150428,6.651736763328333,-0.9232697718122492,,,
516,7.445648298178516,17.943985429765757,10.285646080847549,10.36637103599425,,,
517,2.3707879443601096,7.679849558514143,5.3972433610853345,8.441526154721249,,,
518,12.243471869792732,4.221162203880714,11.166408677696003,-3.6529535374535005,,,
519,9.24471398331626,0.2420111651276997,10.545514962661501,9.137480517503075,,,
520,1.2739775877692447,1.8819880895317138,6.365383607496167,14.364840206664574,,,
521,0.1083748001496998,13.61189923041884,-4.653857151592834,-0.6434433978580001,,,
522,3.0892434764858807,7.176595154608571,8.199606069668818,-0.876201396924675,,,
523,9.524950372438395,-10.770725360512671,8.4680015613585,15.054608875829251,,,
524,4.2945478468834155,-1.1610255257257138,-1.875221637655,19.8343428408825,,,
525,4.24528539523151,8.551005785463857,9.070577016505167,1.7274878787439985,,,
526,1.7855333767679102,-0.32710607903954275,2.055210815328484,-7.605102716964,,,
527,4.347646563462199,17.139540245472286,12.385748140590332,6.837333578933751,,,
528,9.057650312109683,-5.020961104066714,1.5678770058266498,11.941185114822751,,,
529,6.2600750132427,-6.449928254428286,26.462580038430485,4.700648202222751,,,
530,3.9585735356577443,2.5480415554144287,3.0831035371861666,-0.19415065726517441,,,
531,1.8999435241525142,8.473101920991384,6.577546274452551,-2.2478186361242507,,,
532,5.172347766021795,-2.775288854424857,-16.417902936935665,-6.47620478462225,,,
533,7.270746040886746,4.549251225419285,-6.0578629749056665,25.108790412554573,,,
534,1.3899387693442447,13.939319418872287,22.352867696418002,1.1987458640177495,,,
535,12.705458405221233,12.919035687737146,4.640020838987501,-0.05576172565142512,,,
536,10.37838525635226,2.0222930759983853,-6.8103161758245,28.0357992197935,,,
537,4.798375775174559,-1.4545662733277298,7.852875012624451,9.509581548751,,,
538,7.6646087250489146,4.730450293679286,-5.4827696385364995,-4.224839345794575,,,
539,8.036660455304352,22.592861423612426,3.6453821312364822,0.15495619328074994,,,
540,7.709835933910445,9.708375996424284,10.491527289146667,14.920149846188751,,,
541,16.810096634015714,6.2219381455968135,16.880090735346332,1.16445676309,,,
542,5.4685899918061445,10.978090927370287,4.572472404029216,-16.48839347806975,,,
543,16.49721226811125,-5.808826319219102,-1.5006171264198835,4.347004939645075,,,
544,10.262728039121683,14.53921717662986,6.866152857322167,16.99057133577875,,,
545,3.0582862796208357,1.1833148184910434,4.970422233014151,4.2249829133502494,,,
546,9.632771195562565,22.422202558033,15.634893607693165,-7.894709509322999,,,
547,5.05484477196573,6.804712760725429,13.59216527378795,-6.835115108157252,,,
548,14.900499274019015,-7.459572471018528,12.067777247594949,0.08075979278175005,,,
549,2.1288120557216494,9.508130383340857,21.31166603863033,-4.528943857708749,,,
550,11.896086656309594,-4.729676148026715,14.033306187710002,0.1865940292052498,,,
551,7.122064172182514,-7.274918778018288,7.30841575566355,-5.1703105391465005,,,
552,-1.1745490284532507,10.737607904813556,-9.753529915923384,9.998426904650248,,,
553,4.9934248078568455,16.745191137198855,-11.1807628293315,38.9138005687865,,,
554,12.770688742315265,-2.614629044852444,7.727080328072151,3.2606762124027497,,,
555,6.5085614860683,20.648799495211428,0.8441520475984993,7.70524419125775,,,
556,3.358439963326861,14.618303659682843,-4.15145280751335,-0.1939609011825747,,,
557,0.7945551287461952,13.55551355342113,5.179325351317001,14.377642535055925,,,
558,-1.6050967057443397,0.40211969407247034,10.249501390182,10.90472854148625,,,
559,8.896800645183294,4.134110525785672,6.0600784899401665,29.4422588672655,,,
560,4.770957263122999,17.486995027654185,-9.181340261368216,1.4053104305129995,,,
561,11.6445119477673,11.942543302244857,17.199836232027817,6.6358551843147495,,,
562,2.891260850296995,11.300464465226671,4.628964148371334,18.036210684639748,,,
563,14.310947352005934,-0.6128954557442857,-10.649236542931332,24.20679818912425,,,
564,1.923067873855885,22.793537724529426,16.021689798982333,-6.8076253047026745,,,
565,9.03094861688945,1.2735941233545713,-7.6062264746593335,4.190330261160501,,,
566,5.328453176215694,23.870004455975614,3.0585002724750496,18.998841502645675,,,
567,6.990890228040094,5.309030514191671,8.205757476992998,-2.7969142071084248,,,
568,3.6797317649717343,-3.008140084938872,11.616589311230834,3.3192416776549996,,,
569,14.05414069583413,-0.7068340888807142,11.564749841705163,21.80628624560375,,,
570,5.67685810692125,-6.252576864857384,2.4852962207711666,16.18122796154075,,,
571,12.175908419568435,-3.0810844498482433,1.5574492884017006,11.18662981839925,,,
572,6.150709185566932,11.288316022789145,8.682673027735168,10.787982443627499,,,
573,2.3690861691539142,-5.3616272293142995,-1.409605145214,17.674869000411498,,,
574,13.851335427667445,27.915866537434713,5.711081000138333,11.498461126893076,,,
575,6.6715605396947435,-6.457891422641015,18.30783202961433,7.25726200924775,,,
576,8.600186000840534,18.10064845421343,3.1314363614951497,23.352636912183073,,,
577,-1.9282218703503395,31.294176358009572,12.813075284690001,47.319377739852506,,,
578,2.3771864483412455,3.428027393907,-0.5004725366356668,27.012724883669,,,
579,13.284344262137235,-13.638561432375141,15.427007251058667,-2.60654275052625,,,
580,6.649679003504436,10.990890975562712,-5.699205068216166,-2.8953976126739995,,,
581,6.4131684448373445,9.003050875572429,16.763981295938883,-1.638467529059175,,,
582,11.330341141969447,-0.3746672117036144,-4.748885340958167,5.166513564574001,,,
583,6.806312184054195,0.5959171473492434,3.111097583540834,-26.2710358383775,,,
584,10.659937878761236,26.033139651526557,-17.09830912405783,-5.101198537689175,,,
585,19.739184245844612,-1.5066511503244284,-5.8703023910365,17.034827064244,,,
586,8.848365317142964,14.100092727277556,13.557649765928318,-1.750324304520749,,,
587,-1.5145944056865663,10.703607871504,12.665946342134498,10.19031108940975,,,
588,-3.08814332537329,3.698433607409385,4.381528132150835,11.927985540051749,,,
589,-0.22262861119119998,10.123938263849428,23.02260852761017,-0.5165409162715004,,,
590,6.629604938454378,17.231547369406574,-0.03599103391800126,22.79563897566,,,
591,5.283673933675701,5.166246791448374,16.784940771024484,2.508585971631751,,,
592,1.800593979871635,10.428780265555286,-10.22454943171895,2.7537543734564993,,,
593,3.719461722415681,-2.46829341250143,18.65230138355982,26.21997363925925,,,
594,1.5141101822147596,6.483950502657557,-9.018640679519832,0.17755844808450005,,,
595,11.568132111058862,1.4530815869092433,-1.3450821668802166,18.427148997123325,,,
596,9.183584505671385,10.839604964249714,8.918184559159817,24.31356701869675,,,
597,11.365518372249758,16.43205864419957,2.3755793738483324,2.489957954332,,,
598,5.241759830523028,11.659552891217244,-3.3830411797013333,5.384011273595,,,
599,3.96546256797198,30.355654442809616,6.092851315602835,-4.313902337161749,,,
600,8.259387274287395,-0.2937495446364287,-2.2930054107776834,10.515501580590975,,,
601,3.7506455627251456,32.535695916812415,-1.7647540422931673,4.463382166082475,,,
602,9.239894888254096,-9.681986553738158,17.77215830189933,31.79737831921175,,,
603,5.661492120620645,-0.08004417021005748,10.771732584304983,-5.88869690814,,,
604,17.590849973941733,12.759244347947998,19.197133058880997,6.013510219823325,,,
605,3.786537836341349,7.182294423940571,-0.3812040427921673,15.407674002977501,,,
606,2.9408960751129998,13.16028280137667,19.000791674838666,2.839623432705975,,,
607,7.986757089176335,25.17533576677971,4.147533467108334,7.3813553917655,,,
608,-0.906930886608091,17.447180199129427,10.29066959239855,12.997360359730001,,,
609,14.1914872101589,23.761654494526283,-7.216556158605333,7.003230048216251,,,
610,4.972596329415464,10.628380353354286,6.728437234776034,18.790205579815,,,
611,-0.6790412834790699,25.071174119976124,14.326557952292667,-4.082091344654075,,,
612,6.012490502565415,9.282917024979856,32.30944603604784,36.27980174955525,,,
613,-0.06076277390445526,-6.6292920851408565,-11.584731650110184,19.0999619853025,,,
614,4.518180174777195,6.733481014007672,-6.932225885297684,32.4509869282315,,,
615,9.041076980556344,9.991590365168141,-7.4778012152981175,13.306189265899249,,,
616,9.414147364098914,27.71885969804757,-1.6877981983180168,-3.9836114862893233,,,
617,13.459206440174748,20.03740490030496,10.815909691188999,-4.86337564699725,,,
618,10.651652099628595,11.76262109721957,-0.44234688008355033,8.234770058648,,,
619,10.533775623062095,-0.37928520083814315,18.573702169006832,24.851365896035,,,
620,7.907557157816629,8.961293390711429,16.042772231497317,7.902961159258176,,,
621,11.020427966090464,-3.8804769036795284,15.845161077758169,17.627222489954,,,
622,5.360691847548365,3.9336429816508565,6.407440885324331,2.41612865194175,,,
623,9.50627021647841,15.768791982875001,-9.174935845814334,1.34636190636125,,,
624,5.320619264983984,4.011666425242814,9.397604180896318,-3.6346855244670007,,,
625,6.329484594995945,19.44267843901457,6.213985448817167,-2.3675724564507497,,,
626,9.889653044792016,17.318382183433716,9.579505186389149,8.93977418999425,,,
627,-2.338880627645099,-5.560698331010815,24.012220177307498,25.637351538595752,,,
628,10.455740474880084,0.5564296419448144,21.409201845838,3.228850393600575,,,
629,3.6979160723349347,1.9800096449799856,14.213816830782116,6.5861408650160005,,,
630,-1.0674783625892057,2.3443686791541283,-9.736586648854633,11.408082257003,,,
631,2.9275627844029795,-5.602867249578142,4.3097246681233345,29.112331567621002,,,
632,6.24843746798448,18.85936875722629,4.384669452575834,-14.722665275954501,,,
633,5.736696533771752,4.113992834415429,0.3140019363449997,3.883014083318826,,,
634,2.3126711547417154,-4.585275065112043,3.898837139583833,-20.7913484458725,,,
635,10.63591475908898,3.1667639272787143,5.650707827633366,24.85042420963125,,,
636,2.261302233207849,21.41589440000686,10.326579009233667,4.5123481014700015,,,
637,1.5535776733391997,8.663223831918744,15.986518125445834,11.286446836593475,,,
638,2.663974210442295,7.390721082864843,8.252082788499335,-4.795389767762001,,,
639,7.86564305468585,18.421854574593855,-2.5335510939649493,1.462545829765975,,,
640,6.765524558009185,-10.273270550919142,4.877517419907167,-12.643768605946251,,,
641,6.914286940128915,28.826840632665146,8.236886932461166,10.8437228487715,,,
642,6.594956187737144,9.545904257253286,-2.6726287039754992,-4.719875715430749,,,
643,0.16388324175616534,11.419908950488429,4.822171305818716,23.70157706115925,,,
644,10.784521434612465,2.2635503233103855,2.5731716111178167,31.35845299970175,,,
645,4.8275623882734635,5.965411233905,1.5718802088007173,24.759279221835,,,
646,6.55959381228423,4.223640940261714,11.567003269013497,-5.647853881134525,,,
647,4.446583964634845,-17.064205387914715,16.529338740775334,-14.028000190622574,,,
648,5.487007326638535,-7.324412432996729,0.15910422601095023,-14.716623229713498,,,
649,5.758807905308395,19.41653314211643,12.67474014714955,-2.67375896447225,,,
650,4.6439639822453005,14.589568154256286,5.606764812172783,5.02810157841225,,,
651,6.2742318808644,16.364161942701717,21.103030116249503,-0.2190211175220007,,,
652,3.451202311518095,-5.533687604253571,0.2797441659339501,17.656978726133502,,,
653,1.1794499760834953,36.086065099279104,12.739276130644,17.2355553014855,,,
654,10.352208139134934,19.307530561719286,2.357371066346667,22.6368947142625,,,
655,-2.2372306013398857,25.588523676280143,-2.92496645681155,5.714853658323075,,,
656,9.846761077150544,0.1276315713288574,10.633261484414383,21.972565773927002,,,
657,2.5953154952217146,19.81993987304014,5.507849283119167,-6.9234297158330005,,,
658,1.414308060833045,14.164539870831144,7.407976809936883,-13.382111284492701,,,
659,0.30518874183244993,29.223893448544427,11.232444975589667,-12.463001998843,,,
660,8.47269722615055,22.09326128074647,-5.477754403192716,37.117374443943,,,
661,8.003742918385935,20.008241747114425,9.142759992624166,24.254434059017505,,,
662,14.269331893013481,4.754125974774858,5.7690872461275005,-3.8583866611391753,,,
663,6.439118209380895,8.542821699392144,0.3484027628369996,0.12143143716672444,,,
664,2.992043673671261,13.15575601670586,19.87288105915467,5.1109593686735,,,
665,3.890177996150696,1.0321402795170422,-3.7904161519883495,-22.357868232720776,,,
666,6.86958147183783,8.890052523664757,12.278929064321332,10.557313534675224,,,
667,2.0626006620232147,17.407264032638984,29.386949403595718,-18.478212969663,,,
668,10.3290103697674,-10.781049712666142,9.820156092679785,18.38629291692,,,
669,11.961160932372602,8.097342321549757,-4.582428470537,-25.64793716960443,,,
670,4.0021454329364,23.74378246140329,-0.5796865373783344,4.985557201748749,,,
671,9.745335920619699,4.929305544684715,0.849688668980666,-9.562142288643,,,
672,5.41270203810591,0.8484655149711854,19.403883243413336,-13.521640526237501,,,
673,9.340182217722234,4.8055572195470875,2.8647906456001664,6.466755916289251,,,
674,3.4846855697397148,15.263595936154713,12.093379539927833,18.19044336179875,,,
675,5.160298077631285,-3.978824768927002,25.134256742495452,-3.2367954007139996,,,
676,9.8844186145117,8.112623132860858,25.752530522915833,-22.889259739028248,,,
677,5.777827848789265,2.4064526120405287,18.31674288033928,1.1060846007664986,,,
678,15.805639320072007,8.050219983990743,7.341694597617166,14.81338278970925,,,
679,-1.2848568975841004,15.87488716568547,-4.029567926010217,18.428840841108,,,
680,13.839995817127587,5.9227994668179855,-4.0527914689967846,6.4392536988855,,,
681,11.138497036352051,8.091322822871286,5.113036045336451,-4.3293435165427505,,,
682,5.406263100038965,5.744711486043285,4.147651695292001,20.2923164783665,,,
683,3.912550769991596,1.854543634711001,25.126730342571832,7.8378198478776495,,,
684,-1.1933061508636342,6.403462509853571,20.57464515026365,10.455632650878574,,,
685,8.910281129776886,0.7289176647110003,18.59631683755133,-4.2487450648435,,,
686,9.283049677008446,-1.1041017419018568,-3.1346061360333835,1.26276637315175,,,
687,7.03337005252713,9.801679238340286,1.3013589763878326,26.707485382315575,,,
688,6.851123702904665,3.7750514879208574,11.668813021558885,3.9487335303060744,,,
689,5.825430378165265,7.459373768247571,5.254261859575665,-7.669685400446999,,,
690,1.02014637784715,-2.250502075714014,1.9754872520097162,7.575310932903751,,,
691,6.510031297612549,-0.7584832108001142,7.836810180036834,1.4377019706145004,,,
692,3.1913755187404993,-6.8347160884771565,1.2630696281413174,11.74080801511175,,,
693,6.977211120105895,14.487669392866431,2.9728783093826667,5.13412557146,,,
694,0.9932946513063594,0.5980655204557139,-13.445821444902167,5.200788478129251,,,
695,8.106109761704143,3.3143966904960003,12.955436088804165,-0.5097575795927503,,,
696,16.750515707844617,-8.863136121229186,11.351702829225834,28.041248943630002,,,
697,7.24867687674868,6.384427112476,9.187073061811502,13.01789657820625,,,
698,1.3052791831671502,10.697357321648413,-13.367867756002168,1.072010084035825,,,
699,3.3034940511202477,4.9627694980006565,3.353008801495316,5.681907037309226,,,
700,8.611518517694545,-3.485786285126157,13.665847382104502,-11.89845460794975,,,
701,4.506313148836836,3.026353549009243,0.16474961716183323,19.9731378856435,,,
702,13.257419825171002,18.103559905459242,-1.3937826804255,-6.6831577304985,,,
703,11.186252079801264,12.884922155645171,7.263354302794117,1.82070244912825,,,
704,6.153194812874252,14.784438780808172,13.359421461876833,8.588581795928249,,,
705,11.1865149008384,20.765440961213617,14.818653989124982,7.089858132013999,,,
706,4.225138265099731,-0.09500069899114447,30.797855018162164,-10.2144403395515,,,
707,12.53579625315588,0.5670833437932712,11.937333834949117,-1.1226803568969999,,,
708,2.25960897061915,16.634779953550286,-9.079277500950333,14.430564973808927,,,
709,2.5575834743621457,9.302282785644413,2.0757943253811657,39.85965836766525,,,
710,7.923713025908401,7.600645522856429,1.8548508588345,11.45006091247675,,,
711,4.305276336436382,11.231929332344185,3.2307290377935005,-0.1932213847014992,,,
712,5.98341738836566,0.12654826430342792,-10.820588055997383,12.22005384154775,,,
713,8.114957715245795,15.883274941783528,11.994461646506002,34.79707434550175,,,
714,-3.7873246056232346,1.7219849524851425,9.909543620016452,-2.268533970113175,,,
715,4.076714251871994,11.461554962587286,14.801075837218216,14.82280143059525,,,
716,5.064603909484161,23.3516779979261,0.8380030050039503,6.42835779808975,,,
717,-1.709225620317556,2.0962183962591423,18.4875848304635,-10.695748654488277,,,
718,6.826456831251844,20.500738070556427,26.49320111258183,-1.920744771293501,,,
719,4.310252201959509,6.773187410108428,-3.384055576557,21.438904288340503,,,
720,0.525880737212885,-6.986551353526716,5.552046488922617,5.393600162497499,,,
721,10.101762390433514,5.816173270780714,15.85961091481745,32.00394643287567,,,
722,5.7245351199139956,10.461385882884244,5.633515099247165,12.841646875609227,,,
723,9.34952282773066,7.880212724159429,18.538563599383334,0.6895629127277498,,,
724,11.55589018364953,4.782960791879858,-12.952965201315166,12.109509398061826,,,
725,1.218391825196694,-3.9353506126298146,28.596697501001483,-5.4416617330095,,,
726,13.345582627910343,1.8886622338009855,7.710887809197334,6.6094897299512505,,,
727,7.859200569777764,-4.411059223229386,23.536062468790004,-7.464053653352026,,,
728,2.7763179672813996,1.7319941422894287,4.93200874546745,6.6320760238517495,,,
729,2.2962177065438096,15.648275337909142,25.84330250144262,-5.78926826932525,,,
730,3.8601635500439953,9.419133008733185,11.966339913887216,-1.7465451435776749,,,
731,7.07630422762561,23.011111183901427,7.8769805371537,-3.32756797013925,,,
732,0.5580101656375099,17.16257344141613,9.13196458596495,25.647534523679,,,
733,6.151984630183485,8.90243404450643,4.2120540810958325,-0.1448176234430001,,,
734,4.3157859857642595,5.632268468273813,16.2298220701225,9.642144790952749,,,
735,7.506806505220349,5.209722974760145,1.3960159293368335,36.9942333888225,,,
736,12.570855373547733,-8.188997880825857,1.3917372548906652,0.8501940941312505,,,
737,5.63474928206255,23.33693731997857,16.5024855954805,9.593191269654998,,,
738,6.156505435742349,20.013730232572044,5.301586198288784,-8.64190865398,,,
739,10.068318856805401,14.09502682244157,18.505414808150167,17.467545409584798,,,
740,4.445153168364945,18.313180330427844,-12.705783375464184,-20.940111891710522,,,
741,5.501700122165535,2.4631544647288997,18.536928504882336,13.845305795395475,,,
742,5.488664056914295,6.871851451167843,-5.138436246916833,1.3130286795357509,,,
743,15.560613856250182,-1.8326850300448574,15.089682420302834,9.006238473582501,,,
744,10.60355975144118,10.501408455049715,4.530037979029666,34.74661518935068,,,
745,9.520539873622749,-3.1967662417080414,10.485638348300332,1.0004631745744996,,,
746,3.203542607711296,9.256763621059987,1.6994317625835003,9.128441388961575,,,
747,5.31651556816076,-0.512830918523543,5.994422886132834,18.477053072719475,,,
748,-2.4629339306697644,9.537935008527171,16.55860492136517,12.624521585209726,,,
749,7.116037731992799,8.613405894164957,-1.7535779413089996,-25.53306735151475,,,
750,9.800552457037261,18.49739016132157,6.286044285513501,11.824605718462724,,,
751,4.283246542273364,9.411394811470386,-6.040403051065499,-8.440412525621003,,,
752,9.728808343445685,15.748670238216715,2.2982428353533333,19.325926007271,,,
753,0.07504263739639931,-3.4960153792388566,-6.991208695623167,20.26745488543325,,,
754,6.6282507538861495,7.633898692297615,2.9466399503470004,-1.8600884426172493,,,
755,0.9253871573205001,-1.0092014078948568,8.916298821286048,5.367422690612925,,,
756,11.500718337471778,12.255664647939,3.9239464205683348,17.035009726746,,,
757,4.3921998722244995,6.7357368059071865,7.281680838384499,-3.7431497448697497,,,
758,3.4855474524644947,12.97521463460127,-5.897672193223784,27.13061306497375,,,
759,2.5164564155537947,3.318911314565142,22.608960373019837,-18.2955612157925,,,
760,5.676780785715185,-1.6111299863254287,-0.056446857634500226,0.5758156700530002,,,
761,0.7069938705795498,23.244071859969715,3.1533995931527827,16.288569606530675,,,
762,3.6770936234147,1.9991656352134288,10.666526138950315,-6.303718281695424,,,
763,3.9951021129378517,31.559852096836266,-11.716544144343684,4.602347459412974,,,
764,4.471325319937911,10.429206899977144,19.53519208598833,13.474921435674226,,,
765,5.5653056506326,6.221610822605557,-1.2661164454666167,-10.382399297407774,,,
766,9.82514058864556,-0.5701843769381433,0.47383094014533295,26.31732560191,,,
767,6.2067113475938145,1.8669190750184288,4.446565402815668,-12.328922481369501,,,
768,7.394764584817135,3.545520102189142,-21.789755673789216,6.934316669470075,,,
769,1.3360505256010107,2.2298684927447003,-9.571756596935616,5.160478611626,,,
770,9.496662174558415,5.026996737326457,-8.687482625795832,-2.3653060238819994,,,
771,5.742460507734114,10.931068914812714,15.651843968375452,-23.6603770168985,,,
772,8.3923268368567,18.172110239280283,3.5900159182034983,-6.8822047641025,,,
773,9.334039086305351,15.145881296696416,19.867372812585167,18.62637337285675,,,
774,2.960929351552231,30.65555518576057,1.8879913737349499,-14.62510759675125,,,
775,4.1987731653287,-3.405830318928143,7.032867464976834,4.529660240142575,,,
776,2.41378950935363,16.274410610598427,-8.914189711725,7.73783612796975,,,
777,2.581836074638359,-2.908498128809758,4.222097557006667,-9.800924600165999,,,
778,-2.0464016020069655,12.241244199278002,0.14152843864283446,24.943837403567745,,,
779,4.295711920566159,2.343074588273571,27.940507972975613,0.2687034359892251,,,
780,7.372357406621759,21.07287013126086,-16.004130642992166,14.19462368307975,,,
781,2.170353385731885,8.8795021870889,13.668250959101334,9.857760899902752,,,
782,4.664793879535185,11.973200183032185,-6.813462225465849,10.1884223959765,,,
783,10.747799199772965,2.9698543728595714,14.414555117208282,13.306189265899249,,,
784,7.728704427158659,-1.2027728766460004,2.850229674519816,-7.87060871381975,,,
785,9.654089847749848,9.486064968793285,-1.6080888221530003,3.4277041243872253,,,
786,7.081616333847229,-3.4302700912708564,-7.499653312600451,-15.495465530777501,,,
787,10.875851213099796,15.151262363653284,4.960871768250166,25.298775263499998,,,
788,0.6438742595934953,8.722841189179757,-3.820673083817,12.221740364945074,,,
789,7.68185063637263,15.575646135244185,5.779387277191784,5.085553335066,,,
790,8.428970686516786,-11.415149167038143,22.0274945430635,7.381358938499749,,,
791,6.021001506097399,-3.7046467417561857,25.042628792997988,19.0259606611505,,,
792,5.5180780226500445,0.04745671420414282,12.428688581882668,12.245654951499226,,,
793,8.507308025751502,-4.555360994722428,6.215501133008833,40.78065812056,,,
794,11.960975432541781,-6.494695488408715,17.729345546942998,-4.80330277383025,,,
795,9.26538888355696,23.193713788827434,2.1471095073029844,1.5452191838832499,,,
796,12.511920682175894,4.099249116505086,9.924608242875502,8.061896949765,,,
797,4.31883804379983,0.33885922272210117,22.69747183045655,-0.5317887925139997,,,
798,-2.52383002608867,6.502249170350714,4.424337340192166,6.85166104934975,,,
799,13.25093938908785,0.6772685426251431,-10.257183930830683,7.06538669148625,,,
800,3.070751657885515,1.0829199184775715,8.230609021178834,21.749981892694,,,
801,8.188882782222901,27.14134353049957,13.593169030141667,-11.61618268587225,,,
802,0.7781719080398439,6.131544328219243,7.327126532587833,25.613442272522498,,,
803,-1.8990380946371352,11.348253609164043,6.403670591516484,26.9082189396075,,,
804,5.164331192401059,6.0491380004442865,23.99966317222017,23.425900493025,,,
805,5.3232595347184954,14.31152508204043,-5.460679902850668,18.384968171509,,,
806,7.1809623311626085,13.73756994449353,21.481529060393,-3.4262375845175015,,,
807,-1.8712826325318361,10.301165881804858,12.518441433943499,7.29794784100275,,,
808,11.706835292616415,4.414429657609814,2.692315965666834,3.8001758010177484,,,
809,8.353576871946645,24.465480821172,36.520817980695334,19.729656007662474,,,
810,9.320634504080013,16.09181611305543,19.60687850427895,7.634814537932575,,,
811,4.52006035608533,-9.441508598017956,3.2969036627645,13.5937264758523,,,
812,5.426145990371384,-7.219718759811429,-0.49820728666988384,11.257811402814925,,,
813,2.9077178452444503,7.364574772727129,22.442887744052836,10.895691186618675,,,
814,3.6365727201134996,30.73205855411057,18.11524438746912,11.545533048731075,,,
815,2.467005981218795,0.1177247334105717,-6.379100509779216,-1.7348778051967495,,,
816,-3.999430404428355,-1.223006093482857,15.514750225720382,9.404704959628,,,
817,8.002614313122235,4.508678385949572,-8.224625577020168,-4.3547513235715245,,,
818,7.646492162366245,7.193479138805385,8.622665180195,24.486429487127502,,,
819,2.0083666010528,9.424194859645713,-2.8753685920705006,20.698298724064678,,,
820,1.3538613504100103,16.592708319809702,13.456582486092165,13.928167132356727,,,
821,-1.450980010149015,4.990743952268143,1.5133904096302164,-7.38929507829095,,,
822,9.767298679470734,29.787628612634713,15.832359340645498,25.082604073669998,,,
823,6.683161552540281,2.2728015023955144,21.40996914637465,-6.718743202201001,,,
824,8.649780082418934,15.798277392242271,14.260137412822003,8.3072551074175,,,
825,5.582211675976845,1.2204401267615717,-4.831994957012166,-7.92652468759725,,,
826,1.9167044835449594,-10.813110129545569,19.816524094833166,-9.480039975977,,,
827,2.9971553832394457,-9.63433016303433,6.246505266465451,1.2469368146069992,,,
828,3.764465125563465,15.263698287901898,6.371420333836333,8.30461448327025,,,
829,10.49765812488568,10.292232905551186,-1.5214631027555001,26.062928315608502,,,
830,3.5129280133851095,15.219694131724172,0.19588616624571684,-11.1774382553725,,,
831,3.4153472795078144,-2.099756197804615,26.068262175973782,-4.445899858316524,,,
832,11.206137807571885,17.182373943508985,33.93940937894383,15.157038143572,,,
833,3.8488271316708142,0.5373709364752851,19.896620076632665,-16.150202035475004,,,
834,8.680102039905595,0.6478804182104572,6.7343474569175505,-11.25841089893825,,,
835,7.450878472270186,5.598480232351571,1.0368543710108333,-3.4768758565452496,,,
836,10.937382547981645,3.6753021131715724,12.727465144965999,-3.31080027170875,,,
837,3.2400715396302444,5.827030662654001,1.953144508046,-11.08535690096975,,,
838,7.8436841973599485,25.702590134685142,6.160016691601999,2.8219158210777495,,,
839,14.208024009160303,8.214308070309958,17.65114357891017,1.96005434841575,,,
840,4.804810457152859,5.662836171373385,5.402396923172,-22.994526480845,,,
841,-0.01232780059887002,-0.28589379479128646,1.9870428652338334,-15.58565819131625,,,
842,8.400917644291365,-2.270515388426443,11.422386673392168,-4.139523593891499,,,
843,9.764093397808285,0.5252194535699571,14.54798851844305,-11.7383909215175,,,
844,4.8640980593253955,-1.6024108338262573,13.614251462728333,52.247690715070505,,,
845,4.821801961340046,9.656514063944801,0.6328678158513839,19.29522276446925,,,
846,14.145766990275968,0.9743571465098001,-0.5741593743886829,6.750920078965076,,,
847,7.311910341464045,21.969843318834616,11.058460522963335,0.4767700900292495,,,
848,5.79778664157501,5.317853031925286,-5.0912265894990005,1.188756181785575,,,
849,15.68237767231653,-4.651123718310572,20.924511616455053,17.87636335534425,,,
850,17.162531487117054,24.346679834780286,11.099888826822166,-9.206445404342926,,,
851,4.225474860468615,-4.343818181143858,9.480960893438168,0.85714767893425,,,
852,-0.6282806455408997,-11.882799351427854,4.810872247525334,2.9305822115877485,,,
853,-1.8591180264690652,27.93200973804243,6.241611806054117,-10.944882426086252,,,
854,9.451546691335,-2.700616670335443,-1.8315387241813337,1.6523657523100002,,,
855,10.68046381164688,4.65545382685427,15.90266367244933,6.2114169436890005,,,
856,14.892392255787595,10.152343406153571,4.7118172094225,-2.000944203086674,,,
857,6.071014824371865,-0.09521756308628529,1.55620198216055,3.210963666417826,,,
858,12.844992257455342,-3.3742036299902844,24.099089446495782,-0.4184299291837492,,,
859,5.637877597247314,0.9609065059703853,8.844112298012499,-23.18754033520475,,,
860,9.404317644469485,22.6323469021277,4.168377078884,21.729078575777997,,,
861,12.066348934297098,3.8606965896158565,-1.2663718181391828,-13.57456651124475,,,
862,7.509596451613336,9.916698277039615,4.005299167192216,-9.80205426944525,,,
863,2.296256012537895,-2.7625800106327145,10.949992164535166,0.9569505095414998,,,
864,9.733283749432434,33.68984458147586,4.9749397284148325,22.62165747876825,,,
865,3.7645431561232003,6.116800610100143,11.540891413856166,-8.04271747800125,,,
866,15.721688747620714,-14.92903856651557,12.872578298676382,-10.471293814073253,,,
867,4.139499750402409,-9.733856593348287,7.893299559841718,0.11748912172374926,,,
868,1.7949119381253582,14.003998627164568,4.855313003289,-9.852323669947749,,,
869,6.8597130916084454,-4.337791588944716,-6.141087272253334,-1.0899252653500007,,,
870,8.816652642838134,-7.0820921461667155,14.807233156067,13.671499866746576,,,
871,13.434165731288696,-4.111385478003856,4.079859710064333,-14.6994973000675,,,
872,7.196437560086901,30.985891892350985,4.672145774843833,-4.3489327280969245,,,
873,13.460754282234552,3.1100549808861007,6.940973502277501,-0.7594552989582759,,,
874,6.904642365700601,5.341420280848857,-1.4880672151351833,2.15024491623425,,,
875,7.963181581071635,5.653146197427428,8.539181963211485,5.391541220547749,,,
876,0.3266570707364655,19.384677428440003,4.532675647651167,-14.293124902109774,,,
877,5.62883775957558,18.898951520922857,3.876495577802333,3.5534982177484995,,,
878,7.275756665388634,-2.634429546946771,24.064811577215,-9.759495705089751,,,
879,3.7785925542157344,7.836296732399142,-1.5645241367701175,16.163711879634,,,
880,1.26498137623335,6.937390008671271,16.866292335542834,14.218704970843248,,,
881,5.289887647333744,19.165921350426043,12.994225541916,34.40389265510925,,,
882,10.18804643063271,2.319387759938,3.6787803835823834,2.052900047379252,,,
883,0.2807846912068103,12.720615178324143,0.8713941634276677,12.86857627795775,,,
884,-3.727288264838939,2.7989806698909425,-9.037840920877,6.34567380312025,,,
885,3.4422738446186956,10.657437101224858,-12.174890791689718,4.902883847524975,,,
886,-0.9850784698560148,13.307483863154285,7.805421805127717,-13.63877145630625,,,
887,8.485574038252835,-8.108294037577613,6.473979652545165,2.084523696041425,,,
888,20.966180750822435,14.947138531477284,15.369522390428335,8.240781956939975,,,
889,16.056051019077294,11.854300898227141,3.768908018684165,11.699941294598,,,
890,3.1469757883669502,4.9790160639688565,-7.951338989511851,-1.8762833259569993,,,
891,3.99781473815343,17.768814980452,3.0309980547535,17.639079585074004,,,
892,3.9721696473220796,3.169357175731286,4.563316820792999,-11.383254438464249,,,
893,0.16497425050244452,4.008646542221715,-6.515817105120117,-2.274936021096001,,,
894,9.558424054243044,10.902660732294388,21.819476953169332,-3.8581933584312487,,,
895,9.869095899746709,-3.5899388117865714,9.385179591220169,11.739871648505002,,,
896,8.858880996142695,9.778651109192856,8.715819454376335,-10.191470986422775,,,
897,12.866571602571451,9.32003625301184,-10.290455679053167,-15.4199514781185,,,
898,-7.449142726988256,19.81046068255986,9.551637643849718,3.57626894736275,,,
899,9.567995563697783,6.587565935732958,12.475887598810383,-11.81748019114675,,,
900,7.71330048972865,19.753758830138672,2.5716665677139328,4.89441576068775,,,
901,4.335218072261293,5.019149094740284,7.109187241665997,-0.11394767866624989,,,
902,0.7256343018672651,2.266124317913285,-5.500222468813834,18.060524290922224,,,
903,9.277892567876028,11.776841909309857,8.286477703588984,17.747733561238505,,,
904,7.292474353380395,2.200384096824386,5.690505766003,-17.5157878688555,,,
905,5.020006619823098,9.612714611442572,-4.671675306592,-28.234110363151252,,,
906,6.485134945406465,-0.7160883078701433,-4.5674879871485174,2.57280155711375,,,
907,6.809851578209694,5.056056525512386,35.332618613291665,11.599572742443499,,,
908,1.690700736663785,15.12640406391547,14.662245323938118,6.6586436482507505,,,
909,10.820749594478345,-9.947338009807014,-5.289193609618667,1.949887324376749,,,
910,5.0554498632600655,-5.612768007130728,2.493824012832118,1.1034581639515002,,,
911,5.140302043075893,24.17559433488127,-10.626891434502,-8.80836197744825,,,
912,9.013286049981948,6.344607217243714,-4.000935448049002,26.20038797440425,,,
913,3.823520409577165,2.8967924553678577,-6.322361668780883,7.663065139066751,,,
914,3.83843275463596,-0.9493722531901428,16.4419764606015,30.7543689542925,,,
915,0.27118161484491,8.586075951507715,-3.565826531201333,14.646739710264251,,,
916,6.262338608314984,15.04096771936967,-0.14118329199949997,12.13059715056825,,,
917,1.5426959602402448,15.546478928436573,4.341477185551432,11.059713149515751,,,
918,6.1256659939368,8.948704126521285,4.743455045649951,4.15681614535525,,,
919,8.667670356495535,19.753661545373,8.8664562243095,-9.982444911335747,,,
920,2.874837550281664,18.76650228410757,11.077534260217,5.65780446820175,,,
921,2.884216466069565,-1.890354663964828,-12.454460019733668,1.5796838537365003,,,
922,9.529806000002335,9.062653032223613,-13.418578146865665,3.6421887906352497,,,
923,-3.5917882367134495,13.708403750843285,6.949633709407834,3.1883685057305,,,
924,5.295128107190895,3.6748673716607017,4.373876410309167,24.253132367901976,,,
925,13.67733619647463,2.8787147053260003,-3.422972715930501,14.036993130387499,,,
926,5.12278560618638,13.583372482057758,4.9163151491525,-19.141238445537503,,,
927,15.39415698586441,18.0422258765318,12.524218058271117,14.000290403209501,,,
928,6.8919893594020465,-7.507768995334857,12.41400820043215,11.408647978551748,,,
929,0.5678026433393302,9.835787703514415,-0.5157783447476673,-2.7583192391045,,,
930,-4.579597735501485,10.101031740920286,6.133019308035151,5.714486560105751,,,
931,10.417174945930196,15.394974026404713,25.36802204519867,23.549800572006248,,,
932,7.2788069500697095,-11.766917922996186,3.0060330118198837,-8.799890343877776,,,
933,3.95645926267765,-3.305978592389857,-15.158646125036285,19.661874072313676,,,
934,6.396933127441299,-1.7340149087440138,-8.776360590213185,14.5469315592845,,,
935,9.531497843955266,-2.9168919854791424,8.479172933219667,-3.6672756879725004,,,
936,3.2825595219867845,-3.4432829502939994,36.122366864347995,-0.1515991867009996,,,
937,12.341013588335837,9.54235640103243,12.114478524421669,-0.06065991567074924,,,
938,6.663462033974699,2.4313028048378995,-6.1952002676905,11.63367031401,,,
939,5.246540265094895,12.880725733973986,11.244248867656665,15.666600607039976,,,
940,2.293389808969315,12.773882674004556,8.401214514980001,11.788826943799675,,,
941,6.105512479603614,7.9320756701460855,-3.8534281752915,30.14800960899025,,,
942,8.6268114390212,5.810677691616985,2.6725943385516664,8.514564511020499,,,
943,3.983807547221101,9.0254294258241,4.401623360267332,-9.346545687543,,,
944,2.0839540732976447,20.380110966927145,2.6574150343514833,35.179342401225,,,
945,10.80422166258368,9.074920040587186,3.1761230315368327,11.8728055363755,,,
946,5.23415185324408,9.688903830809958,22.961981164668334,5.72915984815925,,,
947,14.468448090177498,-4.704171309808714,2.396041108868667,0.7160986156483249,,,
948,16.432359669746482,6.746285115672999,21.9157500843415,26.343123561523324,,,
949,7.5457855961382165,2.9364877044341844,23.752228338184334,3.28646885185925,,,
950,0.9336385320059295,0.14172469720298558,-7.263264528676167,-7.547290955886,,,
951,4.911172109196215,4.564313145748714,-5.098637125945833,21.6094985503785,,,
952,7.298804048713914,13.977197670878999,-5.278154653166349,-7.704526035296775,,,
953,1.8937330026959305,12.618717430357185,-3.9525990769436827,12.711131934580001,,,
954,8.034737357252535,5.456130237729857,0.5236558028186652,2.5059435741733225,,,
955,0.5172619096130002,19.709102055013243,1.425144965415667,-2.7971004163467503,,,
956,3.9490069916891004,3.6275129692747123,8.939780101506983,17.473952780364,,,
957,13.49306105283056,-2.497451498917571,17.5311337947515,29.798702361908752,,,
958,8.52222214425371,16.101287196221,1.0475291851168336,22.387576507169424,,,
959,6.461937885327595,-0.995531876371814,6.899045093378832,-18.28181010694,,,
960,2.4832749935055447,17.31418576174143,19.82493720533,3.957589996306425,,,
961,2.4690439969229603,-17.72380968081459,5.197887160947384,2.9119293661400016,,,
962,5.02938447172521,-4.775304758130387,21.186379735273167,8.16677531227025,,,
963,11.777944521271,3.938706859412901,11.462307569170166,-4.58732488693,,,
964,15.671265059738982,5.284716401353856,8.3199977307237,10.703438130115149,,,
965,1.9905962103173942,4.939096856910287,9.874517366996999,-14.520229234102999,,,
966,2.553551423651195,13.91447327973327,-3.8045976107283828,2.0172986147735,,,
967,4.686067841534384,-1.961697882819443,5.6495799315926165,11.433864255714251,,,
968,10.231508375839635,-7.5641496054155715,-4.5083502982265165,10.048705171933248,,,
969,4.94257904564513,33.46301183617429,-0.15060252365678295,6.2419233370245735,,,
970,2.0511901146738447,8.087774966835571,8.157548792522883,30.153657956017,,,
971,12.17692104320773,-0.3111807556564433,-5.1301401819588,13.315788795220502,,,
972,9.385787165284036,9.422688971834386,16.2490246759205,-0.13730363739350038,,,
973,1.462699762665445,7.255032058737284,-10.359250238018502,23.42646621435975,,,
974,2.95739314942456,-11.566444298743757,25.337631515431166,-17.076656832256777,,,
975,7.676732897163895,13.978923463289329,-4.2718527446565,-8.177923118022,,,
976,3.115983477591985,24.412644013443572,10.817049409964833,10.59647599750525,,,
977,5.49668843361753,11.427770780255427,21.858889468266497,1.4132127959090006,,,
978,4.584612182161631,9.084175273104574,0.2075647366809831,10.91621321805425,,,
979,8.3118135096423,3.522503120321129,-0.7910901794715001,-5.433378081884525,,,
980,9.011214694008487,-9.67683451143657,8.35715681839205,17.56584437875525,,,
981,8.823209690561743,21.799508736072287,6.004343405104483,-0.6263281086313253,,,
982,2.7554554390608854,19.43417817735653,6.3535939027995,0.9895211653032498,,,
983,9.145511987776647,-7.6538948571554295,-3.836995653492334,12.34546664935675,,,
984,6.900272300877717,11.464134024129285,-21.367441400736663,7.86171847313325,,,
985,10.40523520960248,15.961830411815713,5.2488635649851165,12.634321511250574,,,
986,-0.41899706935428965,17.493767470073287,0.11642270416288387,15.351183440899,,,
987,5.314366181446699,3.6496847891852866,8.313089663560334,2.5315624181202505,,,
988,6.245691502485631,3.2714535471538406,8.385272639820167,1.8024379832019246,,,
989,11.14640720465496,5.721257735772672,1.4892884317025006,-0.24481907745599996,,,
990,-2.3812437611103054,-2.808327186494715,5.9992004833514505,9.386999121422225,,,
991,5.23004496415995,-1.8667975486285866,1.3804452903783833,35.13451563101751,,,
992,1.5504876639758352,15.686361333790428,-5.9255385533131815,12.700984418102749,,,
993,3.987343749390443,-12.252418859642571,15.716877692342768,18.587026474427752,,,
994,-0.8970295208813157,-0.8102356980961426,-0.2111022002648332,0.33591610298300045,,,
995,2.2954590368665455,4.430986318842385,7.854999571163666,-14.733390928145251,,,
996,4.932785858634696,0.8281269059702877,-0.7303304011154998,-7.248437544402025,,,
997,8.15246770390818,-3.6046875965548577,2.5618737350069503,17.3293373668385,,,
998,-0.19077087084755587,-1.667735567570571,18.1537902905005,-8.716096187477,,,
999,2.813373960008735,7.050485645530557,14.109368227479663,17.473958100844477,,,
