,Gyn,GI,GU,Breast,Other,Sarcoma,Head and neck,Lung,UNKNOWN
0,0.6988698954830603,-4.124915424798999,3.6914033812122486,,,,,,
1,-17.4268688837534,6.9194415374639995,-10.84491938528925,,,,,,
2,17.5415142629278,6.147960720243502,0.07762481635650076,,,,,,
3,-18.5313045799802,12.23859875090325,-25.9700038280885,,,,,,
4,-8.2990326884774,-0.49083473317249826,-25.4827527856375,,,,,,
5,-12.6680503691334,-22.41713164353775,-5.485157918309,,,,,,
6,-2.8093376101754,2.6965991695365013,3.5898927473713265,,,,,,
7,12.5065868242492,1.8845140987850018,23.343862093467322,,,,,,
8,-29.364519423843397,-16.73253614826025,1.2957524224889996,,,,,,
9,6.22104837661246,-6.134825974912674,4.990739494418252,,,,,,
10,-22.071995488468797,-16.81374465533425,-0.8562730150117503,,,,,,
11,16.4695619695312,-14.722625598140501,-3.7594771429565004,,,,,,
12,15.4788181832112,-5.119719636471001,5.701313931327501,,,,,,
13,8.462403171894401,18.999206964934746,9.579020144180001,,,,,,
14,-3.6701477851752005,-12.529995907107498,14.065790160101503,,,,,,
15,4.385736116706802,1.0724290280288256,-10.2764598357605,,,,,,
16,14.68297481387346,-8.936519469015998,-13.057851203094998,,,,,,
17,-16.82592593139534,-23.838280517360175,4.016237409514,,,,,,
18,5.8474892440664,13.4973306105715,1.9048162255530752,,,,,,
19,-19.911849200262203,-8.04322589118675,-10.256157708993674,,,,,,
20,-13.675035856867542,-3.4549452414242507,3.5086842402938254,,,,,,
21,-2.35456997055294,-15.940753204272749,-10.032834314536,,,,,,
22,-10.2642785597022,-11.636702329274,-19.249999867598675,,,,,,
23,-0.06449007102520028,17.578058091109824,-15.270783020899998,,,,,,
24,-23.6961656299784,10.53322010231775,14.025185906560576,,,,,,
25,-6.203853205927799,14.16730079394325,5.274969269187,,,,,,
26,-8.445208001212801,-11.961536357578673,4.8486246070375,,,,,,
27,2.1443813214258016,-4.226426058642749,-31.2688589147625,,,,,,
28,28.667079732261858,18.816487824012498,27.32307894016475,,,,,,
29,-5.0019673012116,-13.504497992009748,6.635211762697001,,,,,,
30,-8.997425849324,9.294790369417326,2.737203423075501,,,,,,
31,2.5179404539738,29.028457588748253,-20.0417828115825,,,,,,
32,-2.5494703875323994,5.741918184867501,8.706028693122,,,,,,
33,-1.8185938238544008,-19.676344529744497,2.4326715215425008,,,,,,
34,16.69694578934506,0.7881992532655002,-11.088544906518498,,,,,,
35,-2.3058448663096,-29.766501533865,-10.66220024437,,,,,,
36,-2.4357784776295395,5.31557352272225,15.79147093545475,,,,,,
37,19.084475897360598,12.80705830043,-1.1608049165459988,,,,,,
38,-19.6844653804528,4.442582071661,-11.311868300973002,,,,,,
39,2.9889497950092,-15.37229365474425,-2.967694198973499,,,,,,
40,-7.6006395276266,-15.2301787673635,-33.2178630845735,,,,,,
41,-5.440493239418199,-9.951625807461001,-5.180626016776749,,,,,,
42,-16.046324263470403,10.6753349897025,30.226283068110753,,,,,,
43,-6.44747872715534,-7.677787609347,7.934547875904748,,,,,,
44,-14.5683294346974,18.978904838164002,3.082339578149,,,,,,
45,-7.8929901530966,20.66398135997825,4.097445916591326,,,,,,
46,-5.4892183436645405,-17.199485063942674,-12.164557625264997,,,,,,
47,-19.651981977619943,-22.0922976152375,-3.9624984106442493,,,,,,
48,-1.558726601212199,9.538415890643751,2.412369394775501,,,,,,
49,-15.136788984224799,-11.697608709582674,-8.3477577927195,,,,,,
50,15.917344121419859,-20.082387065120997,4.6049990858115,,,,,,
51,4.954195666234601,-10.15464707514925,-5.992711087530174,,,,,,
52,14.309415681328,-3.0286005792806745,9.7617392851015,,,,,,
53,19.8153524610404,10.0256669330975,1.194241788644499,,,,,,
54,-13.268993321493198,-26.82269315238225,-26.5181612508485,,,,,,
55,-18.7911718026194,10.30989670786225,9.88355204571525,,,,,,
56,22.641408507264803,-19.676344529743503,5.214062888878251,,,,,,
57,13.529814013401198,11.487420060454003,10.330198834631998,,,,,,
58,3.5249259417084007,2.371765141238501,-9.545583272083249,,,,,,
59,-8.1041322714934,-26.112118715473002,1.2145439154125013,,,,,,
60,0.16289374878740048,-9.05833222963,2.4326715215432504,,,,,,
61,2.1768647242564603,3.7320076347490017,-1.4450346913097496,,,,,,
62,-9.208567967719539,12.401015765052003,4.361373564584001,,,,,,
63,-2.3058448663081395,-8.2462471588775,12.90856893427475,,,,,,
64,-19.7169487832814,18.288632528021,-15.5956170492035,,,,,,
65,-6.090161296022801,-15.351991527976502,-28.83260370249925,,,,,,
66,15.75492710726786,-2.6631622974409996,10.614428609394,,,,,,
67,0.11416864453966033,8.7060286931215,-12.570600160642499,,,,,,
68,-3.215380145553199,-13.463893738474997,15.446334780384,,,,,,
69,2.9564663921806003,-17.564923345782503,-9.606489652390174,,,,,,
70,-3.442763965364139,-27.08662080037725,-14.844438358754251,,,,,,
71,24.96397180962446,-21.990786981392752,-23.777374137053997,,,,,,
72,-11.7097899856416,-1.64805595899775,7.528505340525501,,,,,,
73,-0.4218075021587978,-5.485157918309,-34.598407704855006,,,,,,
74,-10.19931175404,0.32125033758150057,-9.40346838470025,,,,,,
75,9.339455048310459,-23.493144362290998,10.634730736160002,,,,,,
76,8.202535949253202,0.9506162674175003,-6.01301321429925,,,,,,
77,-13.431410335640601,-14.783531978448497,6.371284114702502,,,,,,
78,8.462403171896,-16.976161669486498,-3.6985707626499993,,,,,,
79,6.529640703500601,-20.813263628798,-7.77929824319275,,,,,,
80,-26.5871884818624,23.364164220235,-5.322740904161,,,,,,
81,-17.280693571018197,-25.9293995745535,10.533220102316825,,,,,,
82,-5.229351121025199,-4.673072847559251,16.44113899205575,,,,,,
83,-8.6888335224374,1.2957524224880004,2.5138800286188254,,,,,,
84,4.9217122634066,1.437867309872325,1.9454204790905751,,,,,,
85,4.613119936518601,-8.652289694254,-12.63150654095,,,,,,
86,-1.8835606295155998,-18.336404162999997,-3.718872889418499,,,,,,
87,21.5207311096252,-31.553088689525,3.0823395781482503,,,,,,
88,-1.8185938238567991,-1.7495665928407498,-4.6324685940186745,,,,,,
89,-8.6563501196068,2.8996204372285006,1.8033055917097514,,,,,,
90,-3.0204797285727976,14.43122844193825,-11.250961920667175,,,,,,
91,-11.888448701208798,-7.921413130575175,-14.032353288003,,,,,,
92,-4.807066884231539,1.1536375351055002,4.564394832275,,,,,,
93,5.149096083215801,-21.8892763475475,-9.44407263823875,,,,,,
94,-0.22690708517579986,7.731526608215326,5.1937607621095,,,,,,
95,7.439175982743,1.9251183523239996,-4.3685409460252504,,,,,,
96,22.95000083415186,-3.272226100505174,-18.458216923612497,,,,,,
97,-8.12037397290954,-12.428485273260248,-5.424251538003999,,,,,,
98,-5.8952608790422,8.888747834040075,-34.029948155328,,,,,,
99,8.2025359492532,10.472313722011,4.970437367651501,,,,,,
100,-0.9090585446074002,-9.545583272082,-14.905344739060174,,,,,,
101,14.276932278494602,-4.368540946024499,-9.951625807461,,,,,,
102,7.9264270251980005,18.978904838164,18.451049542173003,,,,,,
103,23.745844203492002,-2.2368176352942495,-3.231621846970499,,,,,,
104,-14.162286899321597,-9.545583272081172,-12.773621428331175,,,,,,
105,3.6873429558596613,0.30094821081382506,-1.3029198039252505,,,,,,
106,-7.080905082346002,4.544092705504575,8.096964890057325,,,,,,
107,-28.243842026201996,-1.6074517054564996,4.320769311047002,,,,,,
108,-26.7658471974284,-24.264625179505998,6.939743664230751,,,,,,
109,5.1328543818022,-11.291566174205,-7.271745073969001,,,,,,
110,17.671447874248003,11.203190285689,-0.6126474937839999,,,,,,
111,-15.510348116773201,-4.368540946023498,-27.005412293299997,,,,,,
112,21.975498749246402,23.323559966699754,6.107356466706501,,,,,,
113,7.2280338643478,6.2291692273207495,-17.60552759931925,,,,,,
114,9.956639702080802,-15.209876640595997,5.214062888877249,,,,,,
115,-7.8117816460222,9.152675482032503,1.8236077184800008,,,,,,
116,-12.197041028096939,15.162105005617502,-12.956340569249999,,,,,,
117,0.3902775685956012,1.43786730986975,8.9496542143465,,,,,,
118,1.689613681804201,-7.332651454276751,-1.8916814802217496,,,,,,
119,-17.55680249507414,-1.6277538322284997,7.4066925799155,,,,,,
120,-4.4010243488550005,-9.809510920077749,3.995935282745,,,,,,
121,9.1445546313272,9.639926524490075,-5.525762171847674,,,,,,
122,-26.3760463634668,-32.811820549195,-22.0922976152385,,,,,,
123,-6.0251944903623995,-23.02619544660675,-10.946430019131,,,,,,
124,-2.8255793115887995,1.7220970846332495,1.579982197252251,,,,,,
125,13.075046373778259,-4.693374974327,-8.104132271495999,,,,,,
126,1.2835711464277992,9.4369052567985,8.2593819042065,,,,,,
127,13.107529776610201,15.507241160691,-0.7547623811667492,,,,,,
128,-14.081078392246138,3.346267226141501,4.726811846425001,,,,,,
129,-20.3828585413004,-1.8916814802255004,24.25745779806725,,,,,,
130,-8.851250536587198,15.933585822833251,6.432190495009751,,,,,,
131,-8.380241195549399,1.437867309872325,-18.1130807685425,,,,,,
132,2.9727080935967996,-25.1985230108735,8.888747834040002,,,,,,
133,-15.185514088471404,-20.6305444878775,-23.7773741370505,,,,,,
134,16.778154296419064,4.9501352408822505,-5.44455366477375,,,,,,
135,-8.8025254323432,12.2792030044385,-8.3680599194885,,,,,,
136,-13.220268217246002,-10.723106624676,6.046450086400003,,,,,,
137,2.6478740652956008,4.361373564584749,10.289594581094502,,,,,,
138,-30.079154286106803,-21.4426295586335,-4.89639624201525,,,,,,
139,-22.997772469128943,9.193279735573,-12.32697463941675,,,,,,
140,2.014447710104599,-11.7179108363505,-2.8052771848200013,,,,,,
141,-5.8627774762109395,15.547845414227499,-16.10317021842525,,,,,,
142,5.782522438406401,-29.725897280328,-8.40866417302575,,,,,,
143,6.09111476529186,-15.758034063355,-23.2292167142935,,,,,,
144,10.8499332799118,-4.7542813546319245,-1.0998985362379985,,,,,,
145,11.288459218118799,-0.5314389867079994,-8.692893947793,,,,,,
146,5.9124560497252,9.193279735574574,-37.33919481865018,,,,,,
147,9.5830805695344,-12.976642696019,-7.880808877037751,,,,,,
148,13.8059229374588,-27.26933994129675,-7.515370595197751,,,,,,
149,-10.3779704696068,-5.70848131277025,-18.8642594589885,,,,,,
150,6.919441537461201,-21.422327431865174,4.828322480270749,,,,,,
151,-11.855965298378802,-7.413859961354249,-15.3519915279765,,,,,,
152,-2.175911254988,-13.809029893542926,-20.995982769719,,,,,,
153,6.919441537462402,-5.606970678926,-1.404430437771175,,,,,,
154,-8.282790987060398,-9.464374765005749,16.542649625899003,,,,,,
155,-15.494106415356,-2.4804431565194998,21.37455579688725,,,,,,
156,-8.542658209700798,0.19943757696650088,-25.9700038280885,,,,,,
157,-17.31317697384894,-6.114523848146174,5.396782029799751,,,,,,
158,-18.693721594130942,23.810811009150502,-2.6834644242069254,,,,,,
159,-7.210838693664398,-9.038030102860175,-11.494587441895,,,,,,
160,7.5366261912338,-5.343043030926499,23.68899824853825,,,,,,
161,8.251261053497801,-17.40250633163175,-21.381723178324997,,,,,,
162,10.719999668593399,25.231959882971502,7.2442755657615,,,,,,
163,1.5109549662390598,11.6295349478385,-16.874651035640177,,,,,,
164,16.4695619695326,-16.224982979036,-7.6777876093455,,,,,,
165,-12.278249535171998,9.335394622957075,-9.3831662579335,,,,,,
166,7.098100253030461,-6.033315341071,-18.01157013469617,,,,,,
167,-1.1851674686665392,10.025666933095502,14.146998667172504,,,,,,
168,-10.29676196252954,-1.8104729731475002,-17.44311058517025,,,,,,
169,-16.127532770547997,-23.7976762638225,19.6082707680005,,,,,,
170,-3.0204797285702,-2.967694198971924,-13.017246949556501,,,,,,
171,-13.837452871018797,-26.518161250850497,-6.175430228450676,,,,,,
172,-10.2805202611152,-6.5002642567525,-7.637183355810997,,,,,,
173,12.522828525667,-5.708481312766751,4.828322480269,,,,,,
174,6.75702452331186,-6.094221721378,9.4369052568015,,,,,,
175,-12.018382312531001,2.432671521543252,3.9553310292065014,,,,,,
176,-14.958130268660401,-10.032834314535176,-29.989824928323998,,,,,,
177,-12.489391653568799,17.0502027951215,-3.0692048328176753,,,,,,
178,7.2117921629332,-14.600812837527496,0.9303141406494997,,,,,,
179,-5.5704268507400005,14.816968850547749,-16.6716297679525,,,,,,
180,-12.002140611113997,13.984581653026325,16.70506664004975,,,,,,
181,-2.0134942408368,15.649356048071326,-18.9048637125275,,,,,,
182,21.553214512453657,-17.240089317480248,2.4935779018488264,,,,,,
183,-9.1760845648888,5.96524157932575,-16.184378725499,,,,,,
184,10.866174981327799,-7.1499323133585,-12.245766132341,,,,,,
185,-16.127532770548,-16.915255289178496,-15.20987664059675,,,,,,
186,1.8357889945372008,-3.4752473681942515,-7.4138599613524985,,,,,,
187,-1.91604403234494,13.050683821657,5.924637325786001,,,,,,
188,8.657303588873999,-0.8359708882419243,-0.08479219779549929,,,,,,
189,-19.5545317691312,5.924637325789001,-3.0489027060500007,,,,,,
190,-8.5751416125288,5.904335199017502,-5.464855791542,,,,,,
191,-2.1271861507439995,-20.671148741417497,0.443063098195001,,,,,,
192,-13.1390597101694,-16.9964637962535,6.330679861164,,,,,,
193,-9.04615095356934,11.101679651849999,-17.910059500852498,,,,,,
194,-11.2875057488516,-11.393076808049248,-21.929880601085998,,,,,,
195,-14.552087733282198,-4.307634565717749,-11.250961920664999,,,,,,
196,-3.3128303540425996,1.6611907043275007,-13.971446907697501,,,,,,
197,-18.726204996960398,-14.7632298516785,-17.037068049791,,,,,,
198,3.3462672261437993,16.035096456681,-13.240570344014749,,,,,,
199,12.31168640727206,0.5851779855778259,-12.6924129212575,,,,,,
200,31.834211508205197,10.0865733134035,-4.327936692484673,,,,,,
201,-6.1876115045142,-1.3029198039284995,-17.422808458400176,,,,,,
202,10.866174981325802,-20.06208493835175,-25.036105996723002,,,,,,
203,-0.4218075021575395,-8.22594503210675,-6.053617467837925,,,,,,
204,-21.2111853134678,12.319807257977075,-5.8505962001525,,,,,,
205,11.1422839053832,5.295271395955751,9.944458426022825,,,,,,
206,-7.275805499324139,2.2499523806238253,-12.46908952679925,,,,,,
207,-8.51017480687294,11.22349241245875,2.107837493239501,,,,,,
208,5.97742285538386,-24.427042193657677,-8.185340778569925,,,,,,
209,-14.568329434699802,-4.632468594020249,13.070985948427074,,,,,,
210,19.051992494530403,1.8236077184763262,23.62809186823275,,,,,,
211,-12.960400994603,23.851415262689752,-7.0890259330535,,,,,,
212,3.8660016714256606,-18.783050951914,-1.5059410716161747,,,,,,
213,-11.579856374323798,1.6611907043274998,-20.082387065120997,,,,,,
214,-9.0786343563988,-17.66643397962675,8.1172670168245,,,,,,
215,-2.3383282691377993,-7.7386939896535,2.8793183104572497,,,,,,
216,-4.303574140363199,16.684764513282,-27.53326758929175,,,,,,
217,13.2212216865132,8.94965421434825,8.198475523899,,,,,,
218,-6.122644698852,-8.022923764420998,16.847181527433825,,,,,,
219,-4.433507751686198,-2.358630395906174,-18.965770092833,,,,,,
220,6.75702452331186,8.80753932696675,13.35521572319025,,,,,,
221,-10.3779704696048,8.726330819891501,-25.4421485320985,,,,,,
222,16.875604504907805,-7.109328059821175,-5.3430430309325,,,,,,
223,-9.6146105030974,-28.87320795603675,-15.351991527976676,,,,,,
224,11.4996013365172,-13.05785120309425,1.0115226477230763,,,,,,
225,-1.3638261842309407,-26.558765504387498,0.6866886194212503,,,,,,
226,-1.704901913950799,18.938300584626504,-16.2046808522685,,,,,,
227,-2.841821013005,-12.387881019724498,-18.5394254306885,,,,,,
228,-3.1828967427213994,-6.946911045669501,17.923194246181502,,,,,,
229,-13.4638937384728,-0.6735538740934999,-3.9218941571084995,,,,,,
230,0.5364528813326007,-12.428485273260248,-0.3081155922517502,,,,,,
231,9.4044218539732,-0.08479219779549974,-12.875132062176,,,,,,
232,-0.19442368234599883,-17.646131852855248,-7.413859961354249,,,,,,
233,-24.3133502837508,-7.6980897361175,-23.594654996132,,,,,,
234,-1.1202006630062002,-4.9370004955542495,-3.1098090863525005,,,,,,
235,15.0890173492506,-11.291566174205,-10.94643001913275,,,,,,
236,8.52736997755466,-9.5049790185455,10.127177566942075,,,,,,
237,-7.811781646022199,-24.345833686580175,-36.730131015586004,,,,,,
238,-1.9972525394227993,-18.681540318067498,-5.769387693074249,,,,,,
239,-21.6334695502628,-8.40866417302575,0.7272928729599997,,,,,,
240,-11.83972359696374,7.2239734389930765,30.835346871176505,,,,,,
241,2.3230400369926603,15.3651262733085,8.706028693124,,,,,,
242,18.1262155138716,15.121500752080001,9.802343538640002,,,,,,
243,-9.25729307196394,5.762220311636,-4.591864340480676,,,,,,
244,-8.851250536589399,17.131411302197503,-9.93132368069025,,,,,,
245,-29.884253869126542,7.93454787590475,-22.5998507844585,,,,,,
246,6.773266224724599,7.305181946070576,-14.560208583989999,,,,,,
247,-3.4590056667781406,-14.19477030215175,-7.698089736117674,,,,,,
248,-1.8185938238533985,-13.037549076327497,33.007674435445004,,,,,,
249,5.620105424253201,17.720172978493824,-11.474285315126,,,,,,
250,1.2186043407670606,-4.226426058642749,-14.499302203683673,,,,,,
251,-1.282617677156799,-9.748604539772,4.747113973195001,,,,,,
252,8.2025359492532,-20.305710459580496,-0.003583690717749999,,,,,,
253,-6.788554456872339,-4.267030312180174,-0.49083473316975024,,,,,,
254,-3.166655041308799,6.3306798611640005,-24.06160391181675,,,,,,
255,6.009906258215603,-2.622558043900001,17.009598541585,,,,,,
256,7.89394362236766,-4.652770720787499,-0.2472092119424989,,,,,,
257,-9.50091859318994,-3.2316218469684985,-4.571562213715,,,,,,
258,1.8195472931240009,7.061556424842001,1.8033055917075012,,,,,,
259,-1.8348355252709403,19.64887502153325,1.9860247326272502,,,,,,
260,3.2975421218971994,-20.5290338540355,-14.377489443068,,,,,,
261,3.898485074253601,2.0063268593973245,2.554484282158997,,,,,,
262,3.2975421218972003,6.493096875317075,-1.6074517054609987,,,,,,
263,4.3857361167062,-2.5007452832899997,-0.1456985781019995,,,,,,
264,-20.7889010766772,-25.442148532098003,13.152194455499751,,,,,,
265,5.685072229915201,-8.4086641730275,-9.241051370551748,,,,,,
266,-8.1690990771548,5.457688410102326,-13.666915006161748,,,,,,
267,6.2697734808576,17.23292193604125,9.721135031564753,,,,,,
268,-2.257119762062139,-16.204680852266176,-0.5923453670150014,,,,,,
269,24.915246705379058,9.944458426023251,8.076662763284752,,,,,,
270,2.0631728143514607,11.934066849369003,-2.4398389029836745,,,,,,
271,6.919441537462001,-11.1291491600535,-10.885523638824248,,,,,,
272,1.0399456251992008,9.721135031564,-25.218825137640497,,,,,,
273,-18.8886220111108,2.7778076766140014,14.7966667237775,,,,,,
274,-8.152857375738797,5.437386283335,21.009117515049002,,,,,,
275,4.401977818124001,1.1333354083372509,14.796666723778001,,,,,,
276,-21.27615211912974,5.437386283335,26.5922023764845,,,,,,
277,-15.542831519603402,-24.75187622195675,-6.073919594606,,,,,,
278,-11.95341550687014,25.089844995589,20.40005371198325,,,,,,
279,-5.60291025357094,-12.83452780863675,1.5190758169465006,,,,,,
280,-10.1343449483788,-10.357668342837497,-3.109809086354997,,,,,,
281,-12.3594580422474,-16.0422638381185,-28.081425012051,,,,,,
282,-18.580029684225998,-15.737731936584252,-12.164557625266175,,,,,,
283,-2.0784610464955393,-9.606489652390174,-19.39211475498,,,,,,
284,-17.4755939879988,13.375517849959001,8.421798918356501,,,,,,
285,6.302256883687801,2.9605268175355004,-2.419536776215999,,,,,,
286,9.3394550483084,12.928871061042251,-6.784494031519426,,,,,,
287,2.7778076766132016,3.36656935291,-5.85059620015125,,,,,,
288,2.7290825723666003,14.837270977314002,-1.4450346913097498,,,,,,
289,6.4809155992538,-7.616881229040174,0.9303141406485005,,,,,,
290,1.6246468761446002,-7.698089736117499,11.30470091953425,,,,,,
291,24.216853544527602,-1.038992155931174,4.4222799448915,,,,,,
292,2.5829072596341986,-5.7084813127692495,2.87931831045975,,,,,,
293,2.1281396200115994,-20.7523572484925,-24.183416672429,,,,,,
294,-15.753973637998001,-22.09229761524,-6.47996212998675,,,,,,
295,-2.9717546243261403,9.172977608802501,-28.142331392356,,,,,,
296,-0.14569857810339998,-14.905344739063,23.993530150072253,,,,,,
297,-14.893163463000798,-11.535191695431498,27.2418704330875,,,,,,
298,-4.01122351489294,-4.591864340481001,20.5218664725975,,,,,,
299,-10.605354289417601,4.097445916588501,-4.815187734941,,,,,,
300,0.4877277770872013,3.386871479679326,-24.89399110934,,,,,,
301,12.961354463873061,-6.74388977797925,-21.686255079861752,,,,,,
302,-2.7443708045147996,-0.85627301501275,6.1885649737840005,,,,,,
303,-14.795713254510142,-13.037549076327501,6.472794748548,,,,,,
304,8.852204005856661,-21.077191276796,-3.5361537484999985,,,,,,
305,-7.2758054993234,4.58469695904225,-22.396829516769998,,,,,,
306,2.5016987525572008,-16.874651035640174,-17.36190207809275,,,,,,
307,-19.229697740828804,-27.5941739695985,-0.8562730150109994,,,,,,
308,-19.9118492002616,-6.337847242603674,13.395819976726502,,,,,,
309,-19.7981572903562,14.674853963165251,-5.4039494112365,,,,,,
310,-32.6128597068608,9.315092496187251,-5.424251538003999,,,,,,
311,4.4831863251984005,-17.097974430097675,-8.043225891187749,,,,,,
312,21.3420723940592,19.060113345237326,-17.341599951325,,,,,,
313,6.123598168121802,2.85901618368925,-15.453502161820499,,,,,,
314,-18.9860722196014,-20.3869189666535,7.954850002674499,,,,,,
315,7.065616850194,-10.154647075147425,8.706028693122,,,,,,
316,2.063172814350601,-12.022442737886001,2.4326715215432513,,,,,,
317,-11.5798563743248,5.538896917176501,-3.8609877768040004,,,,,,
318,-6.5124455328162,21.130930275660752,-4.977604749091,,,,,,
319,9.177038034158,5.86373094548,-17.280693571020176,,,,,,
320,-13.821211169602941,-7.434162088119998,6.411888368240575,,,,,,
321,-6.0576778931918,-8.144736525030751,-3.7594771429559994,,,,,,
322,9.323213346894,-13.8293320203135,-13.443591611702498,,,,,,
323,-27.480482059692,13.07098594842575,14.350019934863498,,,,,,
324,-11.238780644607399,14.674853963165251,7.447296833451325,,,,,,
325,-9.9232028299834,-29.5431781394075,1.9048162255518264,,,,,,
326,7.975152129442,-11.393076808049248,9.457207383570001,,,,,,
327,1.5759217718974001,16.847181527433502,-4.084311171260424,,,,,,
328,-10.2317951568692,14.91847948439,-0.1456985781019995,,,,,,
329,28.033653377074597,-31.47188018245,-18.580029684224748,,,,,,
330,-23.8423409427128,3.6914033812122504,0.8897098871110014,,,,,,
331,-21.7471614601688,-8.40866417302525,-7.4747663416576735,,,,,,
332,12.084302587458001,-27.75659098374925,-6.114523848145174,,,,,,
333,-9.874477725739599,-12.6924129212575,8.766935073429,,,,,,
334,-6.609895741308799,-9.606489652390998,-11.555493822200173,,,,,,
335,7.666559802556061,-13.057851203094998,4.036539536284001,,,,,,
336,13.7571978332134,-24.224020925966173,7.508203213755,,,,,,
337,1.072429028030261,13.72065400502975,5.45768841010275,,,,,,
338,10.606307758684402,-10.012532187767498,-2.1556091282187495,,,,,,
339,-22.91656396205354,-13.565404372316499,18.14651764064,,,,,,
340,-13.740002662529202,-1.1202006630071746,-20.346314713117,,,,,,
341,-8.640108418192003,3.9350289024375,-1.5668474519225,,,,,,
342,0.6176613884066008,-12.8345278086375,-8.4289662997965,,,,,,
343,-7.82802334743774,8.381194664817,-2.927089945434675,,,,,,
344,-5.326801329512942,1.1130332815672497,-20.122991318660002,,,,,,
345,-1.3475844828164008,-15.189574513827498,13.822164638875002,,,,,,
346,-10.9139466163034,-22.011089108162498,-11.027638526209998,,,,,,
347,2.9402246907640004,-5.5663664253865,11.812254088754,,,,,,
348,-2.614437193193199,3.082339578149,-9.301957750855426,,,,,,
349,-10.995155123379998,5.68101180456075,4.239560803970502,,,,,,
350,17.947556798305204,-11.169753413591,3.2447565922982506,,,,,,
351,-8.99742584932294,-0.6532517473210002,-1.769868719609999,,,,,,
352,-8.5264165082874,-12.509693780334999,0.8288035068024993,,,,,,
353,-7.3407723049849425,4.483186325199002,-12.834527808639999,,,,,,
354,-7.99044036158894,-7.8605067502685,-20.5290338540355,,,,,,
355,-25.044226847430142,-29.9492206747855,-19.676344529743503,,,,,,
356,-14.373429017716939,-16.50921275380275,-27.614476096367675,,,,,,
357,3.151366809159801,-4.754281354633001,-13.017246949556174,,,,,,
358,-29.673111750730005,2.4326715215425008,17.902892119414002,,,,,,
359,-7.7630565417782,2.0063268593973245,13.537934864109001,,,,,,
360,-8.607625015362,-7.434162088119999,-26.45725487054175,,,,,,
361,-26.538463377616942,-11.5148895686625,-14.986553246137674,,,,,,
362,-20.577758958279997,-6.743889777981174,3.95533102920725,,,,,,
363,-15.023097074320537,13.253705089344827,-16.69193189472025,,,,,,
364,-16.354916590358602,21.882108966109826,-24.792480475494752,,,,,,
365,-12.9766426960196,-6.07391959460775,-12.6721107944865,,,,,,
366,-0.8440917389495999,6.7367223965415,-28.2235398994335,,,,,,
367,-19.87936579743,-2.927089945434675,-0.4705326064014992,,,,,,
368,15.040292245005801,-1.5871495786906746,7.670620227908251,,,,,,
369,0.8775286110492007,2.737203423077503,-8.104132271492423,,,,,,
370,10.3626822374586,-16.773140401796752,1.5190758169455014,,,,,,
371,-8.8999756408348,-3.028600579278674,2.574786408925575,,,,,,
372,-7.145871888003998,8.482705298664001,12.380713638285751,,,,,,
373,0.3090690615208018,-18.580029684226172,27.972746996769,,,,,,
374,-9.2572930719668,9.903854172485751,7.772130861752501,,,,,,
375,-7.178355290832539,16.38023261174925,20.785794120591504,,,,,,
376,-24.053483061109397,5.944939452556499,-3.6376643823449992,,,,,,
377,17.7526563813252,-3.9828005374145,-12.0021406111145,,,,,,
378,6.2048066751984,2.4732757750832493,16.156909217292323,,,,,,
379,-10.6053542894162,-6.033315341070999,2.22965025385325,,,,,,
380,1.4297464591604008,15.730564555148,-3.9828005374175,,,,,,
381,-23.874824345544802,12.827360427198824,3.2853608458363253,,,,,,
382,-6.008952788949,31.241389406555747,-3.9421962838755,,,,,,
383,-4.953242196967398,-17.930361627621,26.00344070019,,,,,,
384,-7.292047200739999,-6.0739195946084985,-31.451578055679253,,,,,,
385,10.167781820479,19.5473643876945,1.8033055917097505,,,,,,
386,-8.006682063004002,3.2041523387615003,6.79762877684975,,,,,,
387,7.0981002530276,16.54264962590075,-31.045535520305002,,,,,,
388,-8.916217342246798,5.5795011707175,22.247547247949,,,,,,
389,5.0029207704838,-14.357187316304998,16.339628358212323,,,,,,
390,-7.357014006399998,4.970437367651501,-9.05833222963,,,,,,
391,-17.004584646962797,10.918960510925002,-3.8000813964945,,,,,,
392,-8.3477577927216,5.031343747960751,-17.037068049791,,,,,,
393,7.4554176841604,-15.7580340633545,-28.710790941886,,,,,,
394,3.11888340633,-18.377008416535,-22.071995488467998,,,,,,
395,-12.473149952151998,0.13853119666474978,3.021433197842325,,,,,,
396,-14.617054538944,23.140840825778,-30.375565336933505,,,,,,
397,2.09565621718,-7.880808877037751,-17.99126800793,,,,,,
398,-6.05767789319354,-30.0304291818605,18.085611260334,,,,,,
399,19.2956180157586,-11.0885449065155,-29.258948364644997,,,,,,
400,-5.5379434479114,-5.667877059230251,1.9048162255538266,,,,,,
401,-2.679403998853199,0.8897098871114997,-20.224501952502997,,,,,,
402,-5.2293511210229395,-7.880808877035999,7.893943622367,,,,,,
403,8.9496542143492,-17.82885099377725,34.205499914807504,,,,,,
404,-11.790998492719599,-24.589459207808503,6.29007560762625,,,,,,
405,0.9912205209544604,-28.6904888151175,1.600284324019826,,,,,,
406,1.8845140987867997,-11.19005554036025,-5.424251538005,,,,,,
407,3.7035846572744004,4.58469695904225,-32.2230588728985,,,,,,
408,-15.3641728040382,-17.66643397962675,3.8741225221323266,,,,,,
409,26.7992840695296,10.7362413700065,7.914245749136327,,,,,,
410,-10.215553455455401,7.528505340527001,-4.835489861710173,,,,,,
411,3.3625089275592,18.4510495421725,-7.698089736115248,,,,,,
412,-1.2014091700829994,4.462884198429751,13.334913596421327,,,,,,
413,8.917170811517602,-8.18534077857175,-8.550779060407676,,,,,,
414,-9.013667550738003,16.42083686528975,15.1215007520815,,,,,,
415,23.1611429525478,-10.398272596375675,-10.601293864061999,,,,,,
416,7.163067058686662,-28.325050533278,25.252262009741322,,,,,,
417,14.5692829039664,2.148441746778076,5.051645874729001,,,,,,
418,-3.6701477851742013,-1.2623155503875,-15.43320003505275,,,,,,
419,-17.3294186752632,0.88970988711075,7.0006500445365,,,,,,
420,-8.526416508287602,-12.42848527326175,4.46288419843,,,,,,
421,-12.960400994602997,-0.08479219779349911,-2.9473920722042477,,,,,,
422,-3.0529631314016,-12.164557625266175,7.2036713122248255,,,,,,
423,5.879972646896602,-4.003102664183501,12.116785990288827,,,,,,
424,-5.7166021634763995,4.28016505750975,7.5285053405255,,,,,,
425,8.1375691435938,2.3920672680057535,-6.439357876448,,,,,,
426,-6.122644698852939,3.691403381211501,9.903854172484,,,,,,
427,-2.4845035818744,1.275450295718251,16.826879400664,,,,,,
428,-4.628408168667399,11.710743454911501,-18.6409360645325,,,,,,
429,-5.8790191776289396,-31.26885891476175,-2.7240686777461747,,,,,,
430,-7.9254735559278,-19.899667924200674,2.818411930151501,,,,,,
431,8.81972060302586,-28.406259040355,-6.013013214299999,,,,,,
432,5.067887576141,4.6049990858125,-16.407702119956927,,,,,,
433,2.7940493780286024,-23.229216714293496,-6.337847242602499,,,,,,
434,-8.851250536587198,-15.412897908284425,-14.7632298516795,,,,,,
435,0.7638367011428002,7.609713847601501,-28.87320795603675,,,,,,
436,-11.612339777154139,10.9798668912325,13.31461146965225,,,,,,
437,16.63197898368446,-11.7788172166565,0.808501380037324,,,,,,
438,3.866001671426001,-8.20564290534,-5.7287834395349995,,,,,,
439,5.002920770480002,-2.3180261423672492,12.60403703274025,,,,,,
440,6.172323272367061,14.126696540404826,-5.0385111293976745,,,,,,
441,-11.5798563743224,-9.322259877626175,-28.12202926559018,,,,,,
442,5.620105424253199,-21.17870191064,10.330198834631998,,,,,,
443,8.1213274421786,-9.13954073670525,17.517151710808076,,,,,,
444,1.5921634733132008,-16.631025514414425,12.421317891819827,,,,,,
445,10.151540119065801,-8.63198756748475,-15.128668133517674,,,,,,
446,6.042389661046,-19.39211475498025,-22.4577358970775,,,,,,
447,16.355870059628398,-11.332170427742675,7.061556424842001,,,,,,
448,14.8453918280246,-25.54365916594425,-23.351029474907676,,,,,,
449,-11.7097899856438,21.71969195195975,-2.0540984943751743,,,,,,
450,0.7963201039731999,-15.43320003505275,18.816487824013002,,,,,,
451,-22.364346113940798,7.26457769253075,-2.9270899454367503,,,,,,
452,-12.505633354982802,-13.40298735816675,-0.14569857810249864,,,,,,
453,-13.382685231398138,-23.7773741370505,-8.510174806871674,,,,,,
454,-14.357187316302198,-2.3992346494445,32.15498511115233,,,,,,
455,-11.4824061658328,-8.753800328097926,-4.89639624201525,,,,,,
456,-3.865048202156801,-0.3487198457917504,-9.322259877624246,,,,,,
457,-9.9232028299834,-13.606008625855502,-10.601293864066,,,,,,
458,6.1885649737829995,-13.118757583401926,-13.260872470785248,,,,,,
459,10.671274564346202,-28.6904888151175,0.3212503375800022,,,,,,
460,-2.598195491779199,-20.082387065120997,-8.185340778569998,,,,,,
461,2.891499586520003,0.9912205209552498,18.3495389083295,,,,,,
462,-8.916217342248796,-22.57954865768975,-6.439357876446749,,,,,,
463,-6.626137442719999,4.320769311048002,14.106394413636501,,,,,,
464,-8.591383313946,-16.164076598727497,-18.498821177151,,,,,,
465,9.5505971667066,13.94397739948725,-11.81942147019525,,,,,,
466,13.140013179440597,-28.243842026200497,2.3108587609289994,,,,,,
467,6.432190495008001,-5.688179185999001,-3.8609877768040004,,,,,,
468,20.3675703091528,-8.185340778569998,4.46288419843,,,,,,
469,-8.234065882813196,8.421798918356501,-7.840204623497674,,,,,,
470,6.1560815709504,-18.661238191300175,-18.275497782691,,,,,,
471,0.9424954167105989,19.770687782146503,-0.8359708882419261,,,,,,
472,-5.976469386116799,-0.9577836488552491,5.254667142414501,,,,,,
473,5.4901718129352,-17.889757374081498,-0.6126474937839999,,,,,,
474,-17.67049440498094,-2.6631622974409996,5.660709677792001,,,,,,
475,-2.9717546243271995,-7.555974848735174,-9.301957750855426,,,,,,
476,11.726985156329,23.343862093467326,-6.0333153410685005,,,,,,
477,-11.303747450267,4.929833114114,-23.736769883513,,,,,,
478,12.701487241230604,-17.09797443009975,4.422279944893075,,,,,,
479,-12.5543584592288,-10.337366216067498,-13.504497992009748,,,,,,
480,-1.8835606295139393,24.805615220825004,-22.234412502620252,,,,,,
481,-15.705248533753997,-9.078634356400501,-12.387881019724498,,,,,,
482,-9.35474328045514,-10.3982725963755,-4.104613298026749,,,,,,
483,13.6759893261376,-17.564923345781676,-8.083830144724,,,,,,
484,2.7615659751992006,-1.4247325645401743,-13.118757583401925,,,,,,
485,12.230477900194462,-0.632949620551924,-0.9577836488552496,,,,,,
486,-8.104132271494201,-24.2240209259685,-1.5668474519209976,,,,,,
487,-15.786457040832138,4.99073949441975,-9.525281145316,,,,,,
488,15.251434363401803,8.929352087575003,22.450568515639002,,,,,,
489,12.4253783171778,18.10591338710325,-4.652770720787,,,,,,
490,-5.765327267720999,5.5185947904115,20.034615430144825,,,,,,
491,0.8937703124624008,-23.797676263821177,-19.676344529743503,,,,,,
492,-19.6519819776214,-33.8066247608685,-15.128668133518499,,,,,,
493,-10.5241457823436,-24.386437940121,-14.032353288002998,,,,,,
494,3.8172765671802606,-8.8756130887085,-3.1707154666574997,,,,,,
495,-9.1273594606462,13.1318923287325,0.9506162674174998,,,,,,
496,-3.3290720554601982,0.15883332343400092,-2.9676941989721746,,,,,,
497,0.7475949997290602,-4.571562213711926,-0.9983879023949989,,,,,,
498,17.8338648884006,12.725849793355,-25.8887953210125,,,,,,
499,-5.196867718189999,12.52282852566475,5.721616058099751,,,,,,
500,19.4255516270778,12.360411511514826,-3.1707154666609996,,,,,,
501,-2.6469205960257987,15.68996030161,0.21973970373774998,,,,,,
502,-2.2571197620629997,-7.14993231335425,2.7372034230757505,,,,,,
503,0.6501447912379998,15.669658174837,-4.1249154247985,,,,,,
504,21.0497217685872,15.689960301610249,1.072429028029827,,,,,,
505,27.773786154433203,-11.717910836350502,-4.206123931872501,,,,,,
506,-8.526416508285399,-28.710790941886,-18.965770092835,,,,,,
507,-9.90696112857,11.56862856753075,-1.5668474519209976,,,,,,
508,-18.580029684226798,30.348095828723253,6.8788372839215,,,,,,
509,-17.58928589790354,-19.392114754980675,1.8845140987850009,,,,,,
510,-29.3482777224284,-15.02715749967425,-25.117314503794997,,,,,,
511,5.620105424255802,7.873641495598001,-15.758034063355,,,,,,
512,-19.619498574791997,20.33914733167725,-3.394038861116501,,,,,,
513,-14.714504747433997,-11.717910836350999,11.121981778613826,,,,,,
514,-9.2248096691354,1.6611907043297514,-0.18630283163674966,,,,,,
515,-12.148315923848537,-24.264625179505998,-8.875613088710999,,,,,,
516,-2.9555129229102,0.9506162674150023,-17.5649233457825,,,,,,
517,-12.5218750563994,-11.291566174205249,-1.4247325645401734,,,,,,
518,-3.1341716384773988,-4.673072847557425,-10.76371087821175,,,,,,
519,0.6339030898224003,-17.9100595008535,-20.24480407927,,,,,,
520,-8.363999494135602,14.979385864698825,-18.5597275574555,,,,,,
521,5.03540417331106,-6.398753622909174,2.392067268006575,,,,,,
522,0.6014196869900005,-3.0692048328184995,-15.69712768304775,,,,,,
523,8.965895915761399,-9.241051370549497,6.2291692273207495,,,,,,
524,-8.9811841479072,-11.169753413589998,4.442582071660999,,,,,,
525,-16.5823004101692,15.060594371774002,-17.097974430098176,,,,,,
526,-19.44083985922494,6.432190495007502,-23.6758635032075,,,,,,
527,-12.9279175917748,1.6611907043297507,2.7372034230757505,,,,,,
528,-37.30671141582,-14.864740485526,8.117267016824004,,,,,,
529,-2.1434278521568,-6.723587651212999,-0.0035836907186741485,,,,,,
530,10.7199996685912,-36.730131015586004,5.579501170717501,,,,,,
531,-23.874824345542,8.563913805740501,-20.8741700091085,,,,,,
532,-12.2457661323408,-7.6371833558110005,-2.7443708045152504,,,,,,
533,-3.5726975766834004,-27.147527180684,-13.01724694955725,,,,,,
534,-12.5706001606434,6.757024523312251,11.4062115533805,,,,,,
535,-18.872380309696798,1.600284324021,31.24138940655575,,,,,,
536,-26.538463377616942,-6.398753622908675,11.385909426611502,,,,,,
537,-22.120720592716,-13.057851203095998,8.4421010451265,,,,,,
538,-5.554185149325401,6.472794748548001,-5.485157918312,,,,,,
539,-6.1226446988522,-26.0512123351675,-16.123472345192496,,,,,,
540,-5.148142613947539,5.579501170717251,-22.41713164354,,,,,,
541,-32.1580920672388,4.422279944893075,7.508203213755002,,,,,,
542,20.448778816229,-21.970484854624,-23.411935855212498,,,,,,
543,-6.171369803098001,-36.7707352691225,-6.43935787644725,,,,,,
544,14.374382486985201,-0.2269070851761743,-0.5111368599409971,,,,,,
545,12.555311928498,-37.237684184805495,2.696599169536503,,,,,,
546,-17.134518258282,2.879318310460749,-5.809991946612499,,,,,,
547,-14.8769217615834,-11.86002572373425,-7.251442947200173,,,,,,
548,-19.879365797432,-13.098455456632747,6.350981987935001,,,,,,
549,-8.81876713375614,5.681011804560501,7.244275565761502,,,,,,
550,-16.923376139886194,-15.10836600674925,-5.952106833995499,,,,,,
551,3.4274757332180017,26.714015137097253,-0.5111368599404997,,,,,,
552,5.928697751139461,21.070023895352502,-11.6367023292765,,,,,,
553,-8.0716488686626,1.4378673098707506,-3.333132480812674,,,,,,
554,9.4856303610452,-3.2519239737367496,-1.3232219306960005,,,,,,
555,8.917170811518401,14.22820717424825,15.547845414227499,,,,,,
556,-3.44276396536434,17.4968495840365,-16.52951488056975,,,,,,
557,-0.1294568766864,4.320769311047002,16.44113899205475,,,,,,
558,-4.93700049555094,10.147479693710501,-15.06776175321425,,,,,,
559,10.119056716231201,0.9506162674175016,-11.190055540359,,,,,,
560,-15.786457040829998,-18.884561585758,2.6762970427705755,,,,,,
561,-16.257466381867996,6.858535157154,7.3051819460682506,,,,,,
562,4.4994280266132005,-23.3510294749075,-10.987034272672496,,,,,,
563,0.47148607567180034,3.2650587190685005,6.127658593474751,,,,,,
564,-20.44782534696094,-15.4128979082825,-1.7089623393032498,,,,,,
565,-18.839896906866,8.117267016825,-25.60456554625,,,,,,
566,19.40930992566306,5.457688410102326,2.6762970427705,,,,,,
567,-9.1436011620602,5.721616058098,-3.3128303540431747,,,,,,
568,-10.345487066776398,2.818411930151501,11.020471144770752,,,,,,
569,4.87298715916,-4.937000495550424,-9.545583272083249,,,,,,
570,-3.11792993706334,3.4883821135227504,-14.702323471371749,,,,,,
571,3.200091913408599,-16.001659584578498,-4.571562213715,,,,,,
572,5.1166126803856,3.2650587190665004,-11.1291491600535,,,,,,
573,0.5364528813316014,7.122462805153249,13.6191433711865,,,,,,
574,-9.273534773380002,-11.920932104039675,2.7169012963080004,,,,,,
575,-0.3243572936668002,-6.1348259749135,-11.86002572373425,,,,,,
576,-11.141330436114,4.95013524088225,6.9194415374639995,,,,,,
577,-7.8117816460248,19.466155880618,-20.2651062060415,,,,,,
578,-17.0370680497914,6.371284114703,15.14180287884975,,,,,,
579,-1.6399351082893978,-11.86002572373275,-4.145217551567749,,,,,,
580,-1.88356062951454,-15.87984682396725,-27.6753824766725,,,,,,
581,7.536626191236399,-18.559727557454,7.893943622368075,,,,,,
582,-3.1991384441374002,4.300467184278325,-11.981838484346499,,,,,,
583,-1.4125512884792002,-27.046016546837674,-17.280693571017675,,,,,,
584,4.678086742179199,-15.940753204272749,10.5332201023165,,,,,,
585,12.490345122837802,16.359930484980577,-22.985591193067748,,,,,,
586,-0.48677430781733977,-17.970965881159,-13.40298735816675,,,,,,
587,-14.1785286007362,-2.378932522675174,-12.69241292125675,,,,,,
588,-12.27824953517134,-4.470051579869249,11.56862856753075,,,,,,
589,11.856918767646004,-20.671148741414996,6.391586241469751,,,,,,
590,-5.4892183436674,-5.952106833993248,10.472313722011,,,,,,
591,-18.027811836112342,14.776364597009,3.427475733216,,,,,,
592,-11.0601219290388,-13.1593618369405,8.23907977743875,,,,,,
593,-12.002140611113537,-6.155128101685999,-1.4450346913085,,,,,,
594,-20.350375138469598,-4.267030312179251,-11.555493822200175,,,,,,
595,-11.043880227625996,-34.598407704855,-2.6225580439014986,,,,,,
596,-24.7518762219576,0.7678971264972505,-17.077672303328,,,,,,
597,12.636520435571802,-0.6938560008624997,-21.28021254448425,,,,,,
598,-10.069378142719998,4.036539536281504,-9.890719427152426,,,,,,
599,-26.7658471974284,14.816968850547752,3.7929140150557514,,,,,,
600,6.172323272366601,-5.140021763241,-9.606489652387499,,,,,,
601,1.6896136818038012,7.244275565765749,19.03981121847,,,,,,
602,7.926427025197201,-23.594654996132,10.553522229089001,,,,,,
603,2.5991489610472023,0.6054801123457514,14.99968799146725,,,,,,
604,1.705855383220399,-11.027638526208499,-11.535191695430001,,,,,,
605,6.75702452331106,-0.47053260640149963,-19.310906247903677,,,,,,
606,2.729082572369,3.2650587190665004,-31.7764120839835,,,,,,
607,-6.6748625469636,28.277278898298253,-11.352472554511,,,,,,
608,-8.071648868662939,-2.1556091282192504,-1.2014091700834992,,,,,,
609,-3.3777971597055996,-8.652289694254,1.661190704329751,,,,,,
610,4.840503756329801,0.4024588446599999,-11.880327850501173,,,,,,
611,-2.5657120889501996,30.348095828723253,-15.392595781512673,,,,,,
612,-7.373255707816139,-12.99694482278775,-12.692412921255247,,,,,,
613,2.5504238568020012,8.827841453735749,-11.2712640474365,,,,,,
614,6.204806675197201,17.760777232035004,-1.4247325645417508,,,,,,
615,-7.11338848517354,-6.804796158288498,-15.534710668894249,,,,,,
616,-15.802698742246,11.162586032151502,0.09792694312725025,,,,,,
617,-9.5658853988514,-0.8359708882439998,-22.457735897077498,,,,,,
618,-8.640108418190199,-33.2178630845735,-12.48939165356775,,,,,,
619,-22.4617963224314,-12.976642696021498,14.83727097731575,,,,,,
620,-6.6098957413072,20.2782409513705,7.3051819460682506,,,,,,
621,13.627264221891801,-4.815187734941,-19.209395614061,,,,,,
622,-3.199138444136399,-7.51537059519775,-11.839723596964175,,,,,,
623,-19.245939442242797,-23.087101826913504,-6.0333153410707485,,,,,,
624,5.067887576142601,19.912802669531324,-10.012532187766,,,,,,
625,-2.7768542073473994,-19.980876431276002,-8.388362046259424,,,,,,
626,10.0053648063298,19.303738866463824,-18.194289275616,,,,,,
627,-17.654252703564,-17.260391444252498,-2.6225580439034992,,,,,,
628,-21.9907869813934,1.9048162255560013,31.058670265634,,,,,,
629,-19.0185556224316,9.294790369417326,-6.5408685102931745,,,,,,
630,-12.278249535171401,-4.003102664182924,21.009117515049,,,,,,
631,-6.463720428570339,30.348095828723253,-13.606008625853175,,,,,,
632,5.100370978972601,17.98410062648975,-12.773621428330173,,,,,,
633,11.8894021704778,-17.9709658811585,-18.6003318109955,,,,,,
634,-0.4705326064021994,-13.057851203096,-25.442148532098,,,,,,
635,5.343996500198001,20.075219683682327,-14.5196043304505,,,,,,
636,-15.65652342950894,-18.640936064531502,10.472313722013824,,,,,,
637,10.005364806328602,7.223973438994001,-2.480443156521,,,,,,
638,1.9657226058588002,26.16585771434075,-5.322740904161,,,,,,
639,-25.125435354505402,-9.058332229631,-11.53519169542975,,,,,,
640,12.766454046891859,5.863730945479826,-7.271745073969998,,,,,,
641,-0.7791249332883403,-1.6074517054609991,-26.5587655043875,,,,,,
642,-1.4287929898939986,-16.752838275027997,0.8085013800373249,,,,,,
643,20.984754962924804,-39.024271340465,-22.5998507844585,,,,,,
644,14.780425022363659,11.121981778614751,5.3967820297975,,,,,,
645,-12.895434188943998,17.496849584036504,1.5393779437132507,,,,,,
646,-5.814052371966399,-4.49035370663775,17.273526189579,,,,,,
647,-4.937000495553999,-3.576758002035999,4.401977818123827,,,,,,
648,-17.4755939880004,-0.8156687614732498,-20.7523572484925,,,,,,
649,-0.7466415304589388,2.229650253856,-24.528552827499247,,,,,,
650,-12.3919414450766,-0.9171793953177498,6.208867100549002,,,,,,
651,9.1445546313282,1.742399211400751,1.8439098452463252,,,,,,
652,-4.888275391306938,2.6153906624638257,4.68620759288825,,,,,,
653,3.703584657274,10.208386074017252,-13.057851203095002,,,,,,
654,-27.8053160879948,-4.064009044491925,-15.169272387056001,,,,,,
655,-14.698263046018003,-11.920932104042498,-5.789689819844499,,,,,,
656,-10.83273810922814,-18.884561585757673,-1.7089623393032498,,,,,,
657,-14.69826304602,-26.599369757926,5.8028245651735,,,,,,
658,13.740956131798,-18.51912330391925,-6.114523848146174,,,,,,
659,-23.5175069144128,8.198475523899,-22.843476305684426,,,,,,
660,-14.941888567244803,17.131411302197503,17.963798499719,,,,,,
661,20.7411294417006,-0.9577836488545,-20.3869189666535,,,,,,
662,-14.925646865828401,-7.1905365668974985,-15.575314922433499,,,,,,
663,-1.2014091700815992,24.298062051604,9.903854172482252,,,,,,
664,18.1424572152872,-20.0417828115825,-23.127706080450174,,,,,,
665,0.8450452082178004,5.051645874729001,-15.2301787673635,,,,,,
666,-6.04143619177834,14.938781611160499,-6.723587651211501,,,,,,
667,3.1351251077458007,16.705066640050752,-17.422808458401498,,,,,,
668,4.4344612209536605,-13.34208097786,6.1073564667065,,,,,,
669,8.543611678969802,-29.3807611252585,19.019509091699828,,,,,,
670,24.346787155849462,-0.6532517473235,25.841023686039,,,,,,
671,-25.4989944870528,-16.570119134105997,1.0115226477239996,,,,,,
672,-1.5424848997997997,2.1890460003172496,10.167781820479826,,,,,,
673,-2.5657120889499994,-16.99646379625525,10.167781820477503,,,,,,
674,-4.2548490361202,19.466155880615503,-14.803834105217502,,,,,,
675,-26.619671884692004,-0.5923453670177503,-5.2821366506234995,,,,,,
676,6.3509819879336025,-14.682021344604001,-0.18630283163699968,,,,,,
677,16.66446238651386,-1.4653368180774997,-3.04890270605,,,,,,
678,-3.540214173856799,0.21973970373850094,8.90904996081125,,,,,,
679,-4.95324219696694,-4.612166467250501,0.05732268958750275,,,,,,
680,-9.387226683286139,-7.170234440125999,6.16826284701525,,,,,,
681,15.381367974723663,1.3972630563315,6.8788372839240015,,,,,,
682,-18.872380309698002,19.750385655380253,10.878356257391498,,,,,,
683,-1.89980233092894,-24.853386855801,9.80234353863875,,,,,,
684,-16.01384086064154,-5.058813256163499,0.7069907461910008,,,,,,
685,7.812735115290399,0.6663864926543259,6.411888368240575,,,,,,
686,-16.2737080832836,-18.011570134698495,-7.474766341657749,,,,,,
687,1.4622298619925993,-15.128668133520002,-13.5248001187785,,,,,,
688,2.582907259633603,4.90953098734475,-22.762267798611752,,,,,,
689,-6.967213172437998,-5.363345157698499,-12.773621428331175,,,,,,
690,-9.549643697435801,-16.915255289177676,-7.779298243190175,,,,,,
691,0.1628937487845999,-8.1041322714945,-14.458697950145499,,,,,,
692,-16.0300825620588,0.4836673517343246,11.101679651846002,,,,,,
693,-0.04824836961239924,6.127658593474751,10.675334989700751,,,,,,
694,-2.0622193450818003,5.092250128265748,-4.206123931872501,,,,,,
695,3.5411676431238606,-20.2651062060415,-19.31090624790275,,,,,,
696,-6.4799621299867995,4.6862075928855,-15.230178767363501,,,,,,
697,-9.338501579040798,-3.6173622555734983,1.2551481689522515,,,,,,
698,-13.951144780926139,1.7017949578674996,10.53322010231775,,,,,,
699,-12.115832521018799,5.274969269185,19.994011176604,,,,,,
700,15.998552628493803,7.345786199607323,-7.79960036996,,,,,,
701,-4.8395502870598,-14.66171921783525,-22.0313912349325,,,,,,
702,-6.431237025739401,-13.971446907694425,20.5015643458285,,,,,,
703,1.9982060086906004,-18.4582169236125,-23.554050742595,,,,,,
704,2.2905566341626002,-24.386437940117673,-31.410973802142504,,,,,,
705,-15.266722595546801,-11.291566174206174,-11.880327850503173,,,,,,
706,-9.04615095356934,-8.327455665952673,-7.921413130572676,,,,,,
707,-9.760785815832941,-14.885042612292999,-11.047940652976,,,,,,
708,-12.473149952152,13.639445497954,-6.784494031516925,,,,,,
709,-8.3639994941342,22.044525980259753,-6.033315341068175,,,,,,
710,-36.5595931507264,-9.890719427151925,-8.469570553334,,,,,,
711,4.840503756330601,-14.377489443067997,-2.5616516635951743,,,,,,
712,-6.902246366776801,2.4123693947760003,-2.7849750580544246,,,,,,
713,6.935683238875799,-7.90111100380425,-11.900629977271922,,,,,,
714,-10.686562796493,-1.3029198039285,-3.5158516217316746,,,,,,
715,-0.795366634706,2.1687438735482525,-23.69616562998,,,,,,
716,-6.171369803096141,-12.550298033875,2.574786408924001,,,,,,
717,15.75492710726786,16.13660709052075,7.528505340527001,,,,,,
718,14.5530412025544,-11.677306582815,-20.24480407927175,,,,,,
719,1.738338786047801,-11.291566174206174,21.98361959995475,,,,,,
720,-13.074092904508797,-22.843476305684426,7.751828734984002,,,,,,
721,-10.881463213474,0.07762481635650076,-33.25846733810768,,,,,,
722,-19.343389650732398,7.0412542980765,-13.666915006162673,,,,,,
723,22.38154128462246,22.450568515639,-15.392595781514999,,,,,,
724,-4.4822328559296,-8.205642905337498,-0.14569857809867326,,,,,,
725,-14.1135617950768,-8.002621637649252,16.7659730203605,,,,,,
726,10.1677818204806,-27.8987058711325,1.8033055917113252,,,,,,
727,11.369667725197061,-5.403949411236001,-18.965770092832997,,,,,,
728,3.4924425388794615,3.589892747371326,-7.149932313359249,,,,,,
729,18.8733337789658,-12.834527808636,-10.926127892365251,,,,,,
730,-6.496203831400398,-0.6938560008619987,14.654551836397001,,,,,,
731,-11.51488956866414,-7.8199024967292505,-1.5262431983831735,,,,,,
732,-23.53374861582814,-24.264625179505998,-16.81374465533425,,,,,,
733,-19.440839859224138,-13.788727766775999,-12.5909022874115,,,,,,
734,-13.41516863422834,-18.052174388235997,-8.043225891186,,,,,,
735,-33.343736270538,-12.7127150480235,14.207905047483825,,,,,,
736,-3.4102805625339996,11.243794539229,9.660228651257501,,,,,,
737,-8.770042029511998,8.665424439584001,1.011522647724826,,,,,,
738,-21.1137351049768,-0.5111368599409953,13.72065400502975,,,,,,
739,-23.793615838466202,14.2891135545565,-3.1910175934317495,,,,,,
740,-5.700360462059598,17.354734696652326,-7.1702344401259985,,,,,,
741,-6.609895741306341,16.765973020358253,-5.647574932463501,,,,,,
742,12.262961303024001,11.101679651849999,-9.626791779159252,,,,,,
743,-1.7698687196093403,-17.28069357101767,5.031343747960001,,,,,,
744,4.4831863251992,7.020952171304001,-22.640455037996503,,,,,,
745,-3.036721429987999,1.8236077184765005,7.406692579914001,,,,,,
746,5.0354041733110595,-2.7240686777461747,-4.4091451995621735,,,,,,
747,-6.382511921495398,6.757024523309001,-11.332170427741174,,,,,,
748,15.024050543589201,2.0469311129357513,-20.24480407926925,,,,,,
749,13.4648472077406,-8.7944045816365,-6.236336608759249,,,,,,
750,-4.612166467249399,11.101679651846002,-10.296761962530425,,,,,,
751,3.9147267756692004,-13.179663963709249,-2.6631622974411746,,,,,,
752,-16.19249957620614,-6.358149369372501,-8.083830144725425,,,,,,
753,-2.7281291031000006,4.950135240883825,-10.723106624677,,,,,,
754,0.08168524170880147,-2.6631622974400004,-6.723587651211501,,,,,,
755,4.8080203534998605,-0.2269070851742505,-5.9521068339955,,,,,,
756,-0.6816747247997995,-8.956821595787499,-3.7797792697252506,,,,,,
757,7.1793087601032,8.827841453731502,6.087054339937501,,,,,,
758,-4.02746521630814,-1.4247325645399993,4.2192586772000045,,,,,,
759,-30.712580641296803,-2.6631622974411746,-5.403949411235,,,,,,
760,-5.99271108753154,-12.611204414179998,-10.215553455456,,,,,,
761,-1.2988593785716005,-13.179663963706751,-9.890719427154998,,,,,,
762,-15.2504808941324,10.2895945810945,0.05732268958900111,,,,,,
763,-19.375873053566,7.061556424844749,-27.411454828678497,,,,,,
764,7.276758968595601,1.884514098784,11.121981778613826,,,,,,
765,2.777807676613201,7.95485000267325,-10.905825765598,,,,,,
766,-22.3968295167708,-7.799600369961,10.736241370009001,,,,,,
767,-10.491662379511999,0.7881992532655002,-31.735807830445,,,,,,
768,7.374209177081201,-10.276459835760502,-5.647574932460499,,,,,,
769,-6.674862546965601,15.304219893000003,15.872679442526827,,,,,,
770,-1.0065087531009396,-9.058332229632676,-6.317545115834999,,,,,,
771,12.701487241231801,12.664943413047826,2.310858760929001,,,,,,
772,-4.88827539130494,-6.094221721377499,-9.545583272081174,,,,,,
773,-2.0297359422534016,-4.673072847555424,6.147960720243502,,,,,,
774,-8.8187671337574,1.6408885775565007,-34.47659494424,,,,,,
775,0.6988698954836605,0.17913545020249977,3.0011310710733254,,,,,,
776,5.831247542649601,-26.030910208396747,11.629534947838499,,,,,,
777,-8.997425849324,15.141802878849752,-8.449268426564998,,,,,,
778,11.369667725195061,-4.835489861707,-36.81133952266,,,,,,
779,0.8612869096339999,-10.15464707514925,13.35521572319025,,,,,,
780,3.1351251077450604,-21.686255079861752,-2.1353070014494993,,,,,,
781,20.15642819075706,-10.438876849913498,-5.749085566305176,,,,,,
782,-7.194596992249001,13.091288075195752,-7.312349327511,,,,,,
783,-1.2501342743269386,-28.609280308041754,-4.551260086944175,,,,,,
784,-1.28261767715814,6.574305382391,-3.1707154666595003,,,,,,
785,13.48108890915646,14.979385864698825,-14.255676682458676,,,,,,
786,3.57365104595386,1.1536375351060006,-4.490353706638499,,,,,,
787,9.826706090762602,27.383985320471503,-1.769868719609999,,,,,,
788,20.221394996416603,-22.31562100969475,-2.4601410297517505,,,,,,
789,4.548153130859999,-14.21507242892025,-31.776412083985,,,,,,
790,1.2835711464272008,-4.571562213711926,-22.49834015061525,,,,,,
791,17.785139784154204,-16.3873999931875,-13.4638937384725,,,,,,
792,-7.535672721965598,-16.082868091653495,2.8996204372280765,,,,,,
793,12.26296130302666,18.451049542172502,-21.808067840472,,,,,,
794,4.937953964819861,-3.6173622555734983,2.0063268593989996,,,,,,
795,26.214582818584,6.7367223965425,6.96004579099875,,,,,,
796,14.5530412025504,13.822164638874998,12.076181736753,,,,,,
797,10.2977154317984,-23.4728422355225,5.051645874729001,,,,,,
798,-0.9902670516852001,-7.149932313354251,0.40245884465824955,,,,,,
799,-2.3545699705535386,-5.261834523855001,-9.26135349731925,,,,,,
800,-2.5007452832883983,2.20934812708475,-13.382685231398,,,,,,
801,3.1838502119919996,-11.59609807573775,-5.850596200149251,,,,,,
802,-16.01384086064214,-14.4790000769175,14.289113554558998,,,,,,
803,-13.561343946961998,-24.203718799197752,-19.270301994365,,,,,,
804,-1.6724185111188006,0.9506162674182506,26.368878982029,,,,,,
805,-4.2386073347008,-2.9473920722052505,-17.707038233165,,,,,,
806,-7.178355290835998,-1.038992155930674,2.6762970427705,,,,,,
807,-2.078461046496199,-19.10788498021675,-11.250961920668,,,,,,
808,-20.6914508681852,-26.416650617005004,-20.792961502029748,,,,,,
809,-4.271090737534339,4.828322480270749,24.216853544529755,,,,,,
810,3.102641704918599,1.8033055917075012,-16.285889359343678,,,,,,
811,2.1606230228420604,0.6866886194212503,15.689960301610249,,,,,,
812,-6.756071054041199,-11.3524725545135,13.619143371184002,,,,,,
813,-24.670667714881997,13.395819976726502,14.492134822243251,,,,,,
814,-17.7679446134716,-8.895915215479999,-26.091816588705,,,,,,
815,-6.756071054043399,19.669177148307252,-19.656042402976,,,,,,
816,-22.54300482950494,-5.870898326920999,-10.337366216069,,,,,,
817,-17.5080773908284,-22.051693361697676,-13.809029893542926,,,,,,
818,-0.015764966784000477,31.180483026249,-6.581472763829,,,,,,
819,-2.257119762064201,-13.179663963706746,-15.392595781515999,,,,,,
820,2.647874065293061,-8.936519469015998,-4.612166467250498,,,,,,
821,27.936203168584605,-19.6763445297425,3.001131071073325,,,,,,
822,3.7523097615216607,-4.815187734937499,-31.26885891476175,,,,,,
823,-12.3432163408334,-20.36661683988425,-12.24576613234175,,,,,,
824,2.9402246907656004,-0.2066049584092493,3.2447565923007495,,,,,,
825,0.01671843604985952,0.9709183941864996,-8.205642905337,,,,,,
826,5.4576884101052014,-2.3586303959084995,-23.69616562998,,,,,,
827,-13.545102245548003,19.060113345237326,-15.291085147669751,,,,,,
828,-7.941715257343539,-3.9828005374145,2.8184119301515,,,,,,
829,16.453320268116602,-0.5111368599404997,10.6753349897005,,,,,,
830,-6.642379144134798,2.5747864089260752,-10.418574723140999,,,,,,
831,-2.40329507479954,-6.622077017365749,-15.961055331043676,,,,,,
832,13.302430193589203,5.173458635338076,16.9080879077395,,,,,,
833,-10.32924536536094,-4.937000495550424,7.2036713122248255,,,,,,
834,-29.494453035166003,4.909530987345749,4.889228860575001,,,,,,
835,5.96118115397106,-2.9270899454351746,-16.91525528917675,,,,,,
836,4.32076931104726,-10.946430019131,4.42227994489325,,,,,,
837,-19.668223679036796,-0.9171793953177498,-6.682983397674425,,,,,,
838,-2.9717546243255994,-15.027157499674752,3.671101254443251,,,,,,
839,13.367396999250602,12.807058300429002,-5.343043030929998,,,,,,
840,13.464847207740599,-16.955859542716176,-28.081425012051,,,,,,
841,-0.1781819809311397,16.826879400663998,16.603556006206503,,,,,,
842,-10.134344948379601,-14.763229851681,-22.376527390001,,,,,,
843,6.935683238875799,24.4604790657565,-8.936519469015499,,,,,,
844,10.7849664742532,-7.7589961164225,-11.920932104040999,,,,,,
845,-9.1760845648892,-12.083349118190998,1.8845140987840008,,,,,,
846,0.26034395727620085,-11.738212963119999,6.9397436642307495,,,,,,
847,1.0074622223704597,8.19847552389975,16.29902410467375,,,,,,
848,1.5921634733110615,-4.6324685940186745,11.609232821068751,,,,,,
849,-21.812128265828942,-24.122510292122502,-8.246247158876,,,,,,
850,-5.765327267721739,-1.1202006630099994,-3.617362255574,,,,,,
851,-11.8884487012108,0.9506162674182494,-2.703766550976175,,,,,,
852,10.3789239388732,-14.052655414770173,11.487420060454001,,,,,,
853,-14.974371970077403,-6.967213172438674,-6.17543022845225,,,,,,
854,-15.737731936586798,11.89346259583125,-16.164076598731,,,,,,
855,-22.3968295167718,-9.26135349731925,-19.635740276206498,,,,,,
856,-14.389670719132798,-22.701361418304,17.15171342896575,,,,,,
857,2.0469311129346024,1.3160545492572506,8.15787127036225,,,,,,
858,-20.951318090828,-8.063528017957,-7.799600369961499,,,,,,
859,5.9124560497240015,-28.97471858987925,-20.082387065120997,,,,,,
860,-10.03689473989034,-13.565404372317499,-10.682502371139499,,,,,,
861,-1.0714755587593985,4.62530121257975,-4.206123931874499,,,,,,
862,3.3787506289730005,-28.325050533277995,11.89346259583125,,,,,,
863,-15.4778647139442,0.21973970373499974,-10.70280449790775,,,,,,
864,17.7851397841552,5.4576884101023255,0.11822906989599957,,,,,,
865,5.571380320006601,-5.038511129396175,0.19943757696850017,,,,,,
866,16.56701217802366,-5.160323890009924,-6.337847242603674,,,,,,
867,-10.053136441304,-3.1910175934307494,-4.815187734937499,,,,,,
868,11.2072507110452,15.1215007520815,-33.258467338112496,,,,,,
869,-12.408183146491538,22.28815150148825,-29.9492206747855,,,,,,
870,-9.614610503096799,8.259381904207501,-25.624867673018496,,,,,,
871,5.717555632744402,-0.30811559225199936,7.142764931918076,,,,,,
872,-12.099590819605,-13.4638937384725,-8.713196074558498,,,,,,
873,9.745497583687001,-15.0880638799835,-17.828850993775,,,,,,
874,-6.999696575266938,-18.458216923612497,6.066752213169826,,,,,,
875,-10.426695573850399,-19.98087643127425,2.6559949160007523,,,,,,
876,-4.465991154515541,17.517151710805,30.469908589337,,,,,,
877,-28.666126262994396,-9.301957750855426,-6.398753622909175,,,,,,
878,-12.0671074167748,-7.779298243190175,10.553522229089001,,,,,,
879,-4.807066884230401,8.8481435805045,-0.2675113387159995,,,,,,
880,2.7290825723686,-12.0833491181895,3.752309761519,,,,,,
881,5.6038637228384,11.548326440760752,5.23436501564475,,,,,,
882,22.219124270473998,-2.378932522675174,-9.48467689177675,,,,,,
883,-4.401024348853599,-11.59609807573775,-3.5361537485010004,,,,,,
884,0.7963201039720005,-10.70280449790775,-21.138097657102676,,,,,,
885,-22.1207205927136,1.9657226058600008,0.6663864926548246,,,,,,
886,-18.0765369403574,-7.109328059817498,-8.73349820132725,,,,,,
887,10.378923938874602,4.970437367652,-9.464374765005749,,,,,,
888,-4.8720336898898,-5.302438777391174,-3.353434607582674,,,,,,
889,-12.879192487529199,-8.063528017955502,-10.723106624676001,,,,,,
890,-22.478038023847997,-2.7443708045167496,-0.5517411134784993,,,,,,
891,-1.5587266012143388,-2.6225580439034997,3.874122522130001,,,,,,
892,8.1375691435932,12.827360427198998,-14.5196043304535,,,,,,
893,-13.821211169604942,-6.317545115833999,-11.758515089888,,,,,,
894,1.657130278971201,2.351463014466501,-26.071514461933,,,,,,
895,4.58063653368866,-17.28069357101775,-17.179182937175174,,,,,,
896,3.0864000035015997,-10.215553455455675,10.553522229089001,,,,,,
897,-12.1483159238504,-27.269339941296003,-4.246728185409999,,,,,,
898,-2.045977643666,-7.210838693663499,-10.601293864061999,,,,,,
899,1.608405174726801,13.84246676564225,-25.462450658868676,,,,,,
900,-1.8510772266835402,2.6965991695402507,-10.4997832302185,,,,,,
901,-27.496723761107198,-12.793923555101,-19.7575530368185,,,,,,
902,4.466944623786001,-16.123472345192496,5.843428818713325,,,,,,
903,18.2399074237792,3.5898927473713265,0.88970988711025,,,,,,
904,19.815352461042004,10.20838607401825,-1.7292644660709993,,,,,,
905,-6.82103785970294,5.599803297483252,12.31980725797925,,,,,,
906,-25.45026938280814,-9.20044711701075,-29.543178139407495,,,,,,
907,-15.4778647139422,10.167781820479824,-22.843476305684426,,,,,,
908,26.2470662214158,-13.930842654157749,-2.927089945435176,,,,,,
909,-7.64936463187094,-4.997906875857498,-14.7632298516785,,,,,,
910,-2.6956457002689396,4.442582071659825,14.634249709627326,,,,,,
911,13.968339951610801,-9.7892087933095,-4.368540946023675,,,,,,
912,4.1583522968954005,4.2801650575090004,-3.678268635885,,,,,,
913,3.5249259417074015,-26.49785912408025,-19.270301994367003,,,,,,
914,-7.60063952762454,-14.76322985168,9.47750951033775,,,,,,
915,14.73169991811786,-5.32274090416175,8.8887478340425,,,,,,
916,-13.139059710170141,1.2145439154132491,4.138050170128252,,,,,,
917,-18.661238191299997,-31.6952035769075,3.6914033812122486,,,,,,
918,17.2329219360432,-5.546064298616,1.1739396618750018,,,,,,
919,0.27658565869,3.5289863670630006,27.9524448699965,,,,,,
920,-11.384955957341997,-2.3180261423679998,-1.8104729731477498,,,,,,
921,0.7151115969001992,3.1432459584522503,-2.3180261423702504,,,,,,
922,0.3090690615216019,-4.4091451995609985,-13.971446907694425,,,,,,
923,-19.0185556224316,-2.4195367762124995,6.4321904950098245,,,,,,
924,0.6339030898238598,-17.05737017656,14.93878161116,,,,,,
925,13.513572311986602,-16.285889359343678,21.699389825190575,,,,,,
926,-5.001967301212199,-8.124434398262501,25.8613258128075,,,,,,
927,0.47148607567080025,-3.272226100507,-9.3628641311635,,,,,,
928,-17.215726765358,23.58748761469475,0.03702056281900035,,,,,,
929,7.601592996894601,-4.713677101094426,7.569109594063249,,,,,,
930,13.984581653026002,0.5851779855773263,-15.7377319365855,,,,,,
931,14.14699866717566,3.7320076347499995,-29.137135604030995,,,,,,
932,-3.913773306401539,6.472794748548,-1.9931921140679996,,,,,,
933,3.4274757332176606,4.665905466118,-11.1291491600525,,,,,,
934,10.330198834628002,-12.8345278086395,-7.190536566894425,,,,,,
935,-21.0974934035622,7.65031810114,-9.1395407367075,,,,,,
936,-5.115659211118799,8.543611678971502,-39.064875594005,,,,,,
937,9.696772479441062,-9.708000286234249,-6.987515299205,,,,,,
938,20.708646038869198,-25.4827527856365,-1.8916814802236745,,,,,,
939,-7.990440361588,-10.824617258522501,-8.225945032107997,,,,,,
940,-9.192326266306,-9.667396032697749,5.417084156569501,,,,,,
941,-6.36627022008154,-4.064009044491925,-3.4346431146559997,,,,,,
942,7.211792162933601,13.639445497955576,-12.9563405692525,,,,,,
943,0.6176613884059996,7.5894117208365,-15.3519915279765,,,,,,
944,-10.637837692247597,-1.404430437772998,-22.66075716476675,,,,,,
945,0.27658565869260165,17.1314113021975,13.822164638875,,,,,,
946,6.6920577176510605,4.950135240883251,6.777326650079002,,,,,,
947,4.418219519536801,10.127177566942075,14.350019934866326,,,,,,
948,-2.3870533733842,-8.043225891186,17.841985739107248,,,,,,
949,1.1049124308602605,-11.636702329274426,6.310377734395001,,,,,,
950,-6.236336608759201,31.50531705455075,4.0568416630538255,,,,,,
951,6.3022568836872015,-3.3737367343486753,22.0851302338,,,,,,
952,-9.192326266306798,-8.8756130887085,9.294790369419001,,,,,,
953,1.8195472931252006,-0.20660495840767545,1.8033055917075016,,,,,,
954,2.0956562171804003,3.6304970009094983,8.279684030974,,,,,,
955,-4.336057543192,-0.7953666347042494,-9.809510920077749,,,,,,
956,-17.86539482196,14.634249709627326,-7.495068468428499,,,,,,
957,-1.3151010799853395,-6.337847242604997,-8.327455665950675,,,,,,
958,-7.6331229304554,-11.98183848434575,6.8382330303855765,,,,,,
959,2.9402246907656004,-4.9370004955542495,6.371284114703251,,,,,,
960,-10.3292453653606,-9.301957750855498,22.65358978332725,,,,,,
961,3.8335182685952005,-15.392595781515674,-9.4034683847025,,,,,,
962,-3.2803469512123393,-20.386918966652672,-1.9119836069894989,,,,,,
963,-5.879019177627201,-13.52480011878,-3.0286005792817488,,,,,,
964,-24.6706677148836,-4.368540946023499,7.8736414955975,,,,,,
965,-8.331516091301998,-1.3029198039285,-6.540868510292501,,,,,,
966,-10.36172876819034,-3.069204832815175,-13.01724694955725,,,,,,
967,-15.542831519604942,-37.2376841848055,-2.419536776215999,,,,,,
968,1.1049124308592013,-16.73253614825925,-5.30243877739025,,,,,,
969,6.886958134628001,17.517151710808076,-8.571081187177498,,,,,,
970,14.325657382741202,8.563913805738325,-5.099417509702675,,,,,,
971,-12.27824953517094,0.24004183050557495,3.7320076347500004,,,,,,
972,-3.41028056253194,-8.124434398264,-10.357668342836,,,,,,
973,9.3232133468938,12.6040370327415,-23.81797839059,,,,,,
974,-1.1202006630033992,-1.993192114066999,-3.3128303540435,,,,,,
975,5.84748924406446,-20.488429600498996,-11.068242779747749,,,,,,
976,16.031036031324458,3.6711012544475015,-24.264625179505998,,,,,,
977,-2.045977643665399,-7.8402046234985,-7.1702344401269995,,,,,,
978,-13.902419676680802,2.8184119301505004,16.887785780970752,,,,,,
979,7.747768309632001,-7.495068468427,-20.3463147131175,,,,,,
980,-19.87936579743094,6.716420269774,11.5077221872235,,,,,,
981,12.165511094534398,-2.6225580439000016,-2.5819537903649996,,,,,,
982,10.99610859264586,-7.5559748487339995,16.359930484980573,,,,,,
983,-21.113735104978396,7.893943622368074,-24.630063461345,,,,,,
984,-11.5473729714922,-2.2571197620624996,-27.309944194834998,,,,,,
985,11.239734113875802,-11.453983188355998,-4.023404790953499,,,,,,
986,-10.118103246963997,1.1333354083372513,3.0011310710715016,,,,,,
987,-16.5498170073404,-36.730131015586004,5.417084156569501,,,,,,
988,-9.111117759228199,5.944939452555001,7.91424574913675,,,,,,
989,5.002920770479201,-8.18534077856925,-9.362864131163498,,,,,,
990,17.785139784154204,-17.4837148387075,-4.023404790953,,,,,,
991,21.472006005382003,-16.91525528917768,-19.249999867596,,,,,,
992,7.650318101139599,-3.292528227274249,-9.444072638236749,,,,,,
993,17.2816470402852,-7.3123493275085,-24.142812418890998,,,,,,
994,10.395165640289601,6.16826284701475,-2.906787818666001,,,,,,
995,10.216506924724602,-9.870417300386,-10.4997832302185,,,,,,
996,10.9798668912348,7.812735115290752,-9.748604539772,,,,,,
997,-1.8673189280989402,-15.758034063353252,10.106875440171502,,,,,,
998,7.552867892652401,-26.0918165887035,-16.164076598727497,,,,,,
999,-7.9092318545148,-10.662200244371,3.1635480852230753,,,,,,
