,GYN,Adeno lung,Intra cholangio,CNS,Mixed neuroendocrine ca,Adeno anus,Adeno pancreas,Ameloblastoma of mandible,Neuroendocrine colon ca
0,-27.724139394993838,-14.77820310666925,-34.6062764595775,-35.82640879514,,,,,
1,-36.607883281966004,-41.860718865575,-38.067618644145746,-44.59956576987333,,,,,
2,-24.885764179688334,-44.61431057151,-26.931607206890746,-44.112987315812326,,,,,
3,-26.13907411883767,-48.772344633485,-29.088033096554998,-22.467618510924336,,,,,
4,-28.75627550966833,-31.2223431336825,-14.10362843172325,-21.111094960305667,,,,,
5,-39.63794001861833,-36.44200426353575,-40.44521655838,-17.660811376964332,,,,,
6,-36.10656002626666,-36.44200426353575,-31.2776374897525,-24.95948818787667,,,,,
7,-22.607693226537165,-35.590491968927495,-30.5145940049775,-44.511096960044334,,,,,
8,-54.69238249122666,-51.94616318611,-37.990208435545746,-18.928864317850998,,,,,
9,-28.962702732603333,-7.86657868868825,-41.385199012745005,-34.499376647701,,,,,
10,-32.671020344612835,-25.0627035992475,-52.52121045,-41.001834170149,,,,,
11,-28.977448434192667,-43.5305676511025,-31.98538796838825,-51.441153729999996,,,,,
12,-44.245690530556665,-10.63122764592425,-28.756275059695,-26.448714953239,,,,,
13,-36.8511725089945,-21.29171923034925,-32.438790618759995,-32.62678683964767,,,,,
14,-54.68501009041,-33.63311955145575,-45.86393251034999,-65.74361131906333,,,,,
15,-40.780661245625,-37.901738275789995,-23.282267451506748,-28.542476785864327,,,,,
16,-30.31922538326883,-22.353344948300748,-29.92848678993,-43.39049203554,,,,,
17,-47.695974113897165,-45.709112093147496,-49.723384339149995,-45.21884743867667,,,,,
18,-30.805803837329496,-32.748430103234995,-40.6885057854125,-44.570076166599996,,,,,
19,-22.99105806912783,-5.09086843037,-53.461191554435,-29.810529726750996,,,,,
20,-48.60277941464833,-43.619036460932506,-27.860529710099,-31.78633314627433,,,,,
21,-43.582173556885,-41.385199012742504,-16.65816531554175,-35.03018950667433,,,,,
22,-18.272721544901668,-42.7011725589525,-15.7181842111075,-39.365161188306665,,,,,
23,-48.374234989253324,-24.642476752560746,-53.992004413409994,-26.463457954973332,,,,,
24,-41.082930579160504,-27.06430907170925,-22.497106764272502,-3.992380258345667,,,,,
25,-29.57461200058833,-35.391435796885,-43.3536300314425,-13.296350092057667,,,,,
26,-38.650036508955,-31.2334030848375,-26.13538791842825,-49.05249586461,,,,,
27,-30.363458888231673,-20.49550129181175,-46.0851045349225,-59.25589859825334,,,,,
28,-42.29937671431217,-43.939735896565,-56.491248291087494,-34.941720696846666,,,,,
29,-33.01015168224166,-44.12773211745175,-31.2776374897525,-18.574990878435667,,,,,
30,-34.65419616495,-34.63945226326325,-44.4152543994675,-41.001834170149,,,,,
31,-38.99654114735383,-52.576503456142504,-37.49257138025575,-47.592760502431,,,,,
32,-40.876503356226664,-27.35183405358175,-24.50977218788825,-41.84228786352667,,,,,
33,-45.28519904605167,-43.995028902705,-27.252306642520747,-40.67744853410667,,,,,
34,-40.15400807595383,-44.9571272096,-47.75495332045,-43.729622473216665,,,,,
35,-32.76686155525833,-34.716862471865,-51.66969815539425,-9.949280120183333,,,,,
36,-40.485766112813835,-29.718373366585,-30.359772237844997,-40.028677262030996,,,,,
37,-45.05665462065783,-19.50022718123325,-19.1795250457475,-32.995406880605664,,,,,
38,-52.69446186925166,-50.840303063245,-35.64578497507,-22.836238551877667,,,,,
39,-39.851739642368834,-35.11497076617,-46.15145614229575,-21.47971500126,,,,,
40,-31.336616696304503,-30.02801555091575,-34.495689097365,-48.07933895649333,,,,,
41,-39.96232565465667,-50.6080724374425,-24.111662543656752,-28.20334634818433,,,,,
42,-31.520926716782828,-11.449565486773249,-42.126125295065755,-62.77990618978333,,,,,
43,-16.997296203196,-58.647675530674995,-24.9521175869625,-34.809017482102334,,,,,
44,-49.996163169455,-25.1179966053925,-45.720170694375746,-46.015066727141,,,,,
45,-19.046823630909334,-51.194178302562506,-33.84323297480175,-48.18255256795667,,,,,
46,-21.5239494061755,-32.6599612934075,-35.347201391972504,-21.80410063730233,,,,,
47,-36.349849253295,-13.152587376129999,-56.513365493547504,-22.629811328943333,,,,,
48,-37.654764198276666,-38.1782033065075,-29.45296828702325,-45.38104025669667,,,,,
49,-36.86591731063384,-24.36601172184175,-23.061095426932496,-32.376125211799,,,,,
50,-52.02357339471166,-37.315633760598246,-34.639452263263244,-17.660811376964332,,,,,
51,-21.8335911405305,-34.285577023947496,-9.01667186654075,-65.74361131906333,,,,,
52,-23.743043852628333,-33.588885146543255,-48.81657903839999,-42.594272747078996,,,,,
53,-30.533024107071668,-52.3000384254275,-45.653819087005,-44.761758587893326,,,,,
54,-36.78482090162384,-42.5463521417525,-17.39909159786075,-47.69597411389666,,,,,
55,-50.46062442106117,-14.85561331527175,-19.65504624850825,-44.407883348575666,,,,,
56,-39.660057221072165,-52.642855063515,-31.476692311868252,-17.80825939334767,,,,,
57,-25.9842528016855,-44.49266595799675,-42.24776990858175,-18.84039730792667,,,,,
58,-30.628866217671668,-37.74691785859,-52.808734081945,-30.208637571079993,,,,,
59,-27.709394593355,-49.922439161265004,-33.58888514654325,-44.688034579703334,,,,,
60,-23.7135533493995,-37.85750522080325,-68.75523705366749,-30.488790602111,,,,,
61,-34.13075570679333,-38.6647831104975,-45.886049712807505,-43.744367274857666,,,,,
62,-41.87177656685333,-31.77527454504,-53.7708323888375,-38.39200428018666,,,,,
63,-32.7300004511145,-31.3771635508825,-30.636237268565004,-40.08765646858,,,,,
64,-27.657787787620503,-41.816483110735,-48.66175862119999,-45.322061050146665,,,,,
65,-33.4303785289305,-60.903630181325,-17.200035425819998,-54.68501009041,,,,,
66,-37.3156337606005,-41.130851184484996,-46.262042154579994,-49.760246343246656,,,,,
67,-44.901834203457156,-26.378675795532498,-32.671019894637496,-3.5500362091990003,,,,,
68,-36.29824244756217,-28.84474521945,-41.0866167795675,-27.244934241704332,,,,,
69,-41.4220601168895,-45.12300622803175,-21.36913078887675,-32.05173957575766,,,,,
70,-40.6627037324705,-53.42801575074999,-40.345690497252505,-20.830945529079997,,,,,
71,-52.42168303894332,-28.833686618222497,-42.71223116018325,-33.599943747771,,,,,
72,-27.923194217109497,-47.8876565351975,-47.53378129587825,-30.341342585727663,,,,,
73,-34.04228689696617,-20.340679524684248,-51.3268815173075,-49.68652233505333,,,,,
74,-44.08349771253717,-53.317429738465,-36.6631762881075,-39.04077375236667,,,,,
75,-26.352872842639503,-55.042571530135,-56.104197248085,-36.563648877051,,,,,
76,-36.70372449261333,-25.471871844709,-33.9869934408475,-54.43434846255666,,,,,
77,-38.200320958942164,-43.15457520932999,-46.66015179881249,-50.541720830070005,,,,,
78,-34.197108214118835,-52.886144290545,-37.76903641097175,-43.965539299429,,,,,
79,-36.51204117136667,-18.04049046912325,-14.02621822312325,-24.900510781228665,,,,,
80,-33.67366685601001,-24.87470737836075,-32.36138041015825,-63.104291825826664,,,,,
81,-48.22678697287333,-42.855992976154994,-43.995028902705,-13.871397355944334,,,,,
82,-26.404478748421667,-32.195500041805,-20.08633169642825,-31.78633134637,,,,,
83,-27.399754658903834,-42.21459410489325,-25.17328826160925,-36.23926324100767,,,,,
84,-22.637183729763333,-29.851077931255,-34.1086380543625,-30.783686634871,,,,,
85,-36.128677228722665,-52.53226905123,-47.0472028418175,-28.20334634818433,,,,,
86,-57.65608762050667,-55.938318229654996,-53.295312536005,-39.71903642762666,,,,,
87,-42.32149301682001,-46.5827415902125,-20.23009486232575,-28.42451837275767,,,,,
88,-23.978960678839332,-62.15325212015999,-43.19880961424325,-30.429811395559,,,,,
89,-34.82376138379,-30.9348208516625,-31.5430439192425,-28.689924802247663,,,,,
90,-42.45419713151783,-30.525652606205004,-19.113174788305752,-15.920926583557668,,,,,
91,-45.19672933627,-28.247579403174996,-39.107125809715,-40.559490121005666,,,,,
92,-27.112229227056662,-33.920641833474996,-30.95693805412175,-9.993516325,,,,,
93,-29.86213563253283,-33.0580709376375,-43.696445319605004,-29.677826512006664,,,,,
94,-37.52943338435333,-31.3771635508825,-33.423004778184996,-3.2403953747976666,,,,,
95,-33.2239513059945,-29.873195133715,-51.658639554165,-7.442663841687666,,,,,
96,-28.9995656366505,-30.32659778408675,-33.400888925654996,-40.36780769971,,,,,
97,-27.716766994174503,-45.167240632945756,-24.200131353485,-54.743989296959995,,,,,
98,-29.574612000589497,-44.348904142024246,-34.55098345343425,-50.89559606938666,,,,,
99,-29.788412524293335,-49.95561496495,-42.015539282779244,-12.116767760902,,,,,
100,-41.9971082807295,-65.58141850104249,-54.003063014641754,-46.79654121396667,,,,,
101,-31.867429555281166,-43.41998163881674,-26.920548605662496,-21.789355835663333,,,,,
102,-33.658922054371665,-29.39767393095575,-26.677258028704998,-50.3205488055,,,,,
103,-30.680472123454496,-29.452968287023246,-37.06128593234075,-48.65438622038233,,,,,
104,-26.714120482774998,-44.957127209599996,-20.650320359088248,-54.62603088385333,,,,,
105,-33.2681848109605,-43.30939562653,-52.576503456145,-8.784440790763332,,,,,
106,-37.138696140942166,-23.31544325519425,-25.427636089866752,-64.47555837817666,,,,,
107,-24.83415737395283,-45.13406482925675,-35.54625756401175,-26.021113905829996,,,,,
108,-40.67007523333999,-39.040774202342504,-60.759868365349995,-16.93831609669333,,,,,
109,-39.43151279568116,-34.0312291956875,-41.18614419062825,-60.90731638173333,,,,,
110,-24.7530618648955,-52.156276609455,-31.4766909619425,-61.20221241449334,,,,,
111,-29.0290543399755,-46.73756200741249,-48.89398924699999,-29.633592107091,,,,,
112,-41.562136632402165,-43.88444289042325,-41.805425859432496,-47.23888526311,,,,,
113,-39.76326993259166,-28.358165415462498,-41.639546841,-12.854006042910001,,,,,
114,-36.44568956399383,-33.40088892565325,-25.75939547665325,-55.68765660180667,,,,,
115,-42.579527945436666,-42.08189089014925,-39.26194757684325,-35.398809547633334,,,,,
116,-35.51676796073716,-30.005896998529998,-59.167429788422496,-57.29483998037,,,,,
117,-29.9579768431805,-26.832078445905005,-41.38519901274425,-19.26799475553,,,,,
118,-45.33680585178166,-50.68548264604575,-46.92555822830175,-46.73756200741667,,,,,
119,-27.016388916362164,-30.26024482679,-36.154480631590005,-1.4710173783099993,,,,,
120,-38.716389916228835,-50.60807243744324,-20.683496162775,-13.296350092053332,,,,,
121,-32.20655999295883,-24.22224855594425,-14.6233813395425,-17.73453538515667,,,,,
122,-25.866294388579494,-8.740205485898247,-37.348809564285,-39.07026515554667,,,,,
123,-21.280660179146167,-29.530377145697496,-16.337464529982498,-50.85136166447334,,,,,
124,-40.670076133291666,-38.34408367486425,-27.727825145425,-42.00448068155334,,,,,
125,-45.535860673900004,-19.334346812876753,-28.822626667063247,-24.369696122349996,,,,,
126,-39.2914362801695,-39.626881417387494,-49.0488096642025,-31.41771130541333,,,,,
127,-46.096163136150004,-30.69153027470675,1.0908910063757498,-30.783686634871,,,,,
128,-30.075935256284996,-42.10400674268,-21.62347726720825,-20.698242314337666,,,,,
129,-33.57782654531217,-12.3563680876675,-20.20797765986825,-62.411286148829994,,,,,
130,-13.325839695332165,-26.7767854397625,-39.17347876701325,-36.28349764592333,,,,,
131,-48.07933895649166,-23.525558028465,-34.24134261903325,-57.60448081477333,,,,,
132,-23.80939456004883,-33.964877588315,-39.6268814173875,-28.542476785864327,,,,,
133,-31.6610023323455,-36.13236342913075,-39.3835921903575,-49.421115905566666,,,,,
134,-33.024896483880006,-43.09928220318575,-35.26979253329825,-34.17498921176,,,,,
135,-34.60259025916883,-23.4813236235515,-24.28860151324075,-29.722060916920995,,,,,
136,-24.015822682935,-35.8890742021025,-25.770452727952495,-39.881229245646665,,,,,
137,-32.833213162631665,-55.80561501491,-30.08330855705825,-18.766671499833333,,,,,
138,-50.276314400583324,-28.059583182284996,-33.22394995607,-8.415820749811,,,,,
139,-32.7226271503445,-56.1705488554575,-30.69153027470675,-31.78633314627433,,,,,
140,-34.794272680465,-32.36138041015825,-55.92725962842749,-51.07253368904666,,,,,
141,-32.17706858978,-29.154384703925,-40.57791977312499,-31.84531055292,,,,,
142,-45.91922551649333,-42.82281717246925,-34.93803449644075,-19.51865638338,,,,,
143,-53.144178319214994,-48.2194145720525,-27.086426274165,-37.77272081148,,,,,
144,-30.267617677585502,-11.44956548677325,-20.451265536971754,-41.208261393086666,,,,,
145,-21.95892105450333,-42.74540696387075,-27.48453591839825,-58.87253375565667,,,,,
146,-32.39087001343833,-53.461191554435,-30.160717415729998,-10.421113772603332,,,,,
147,-55.22319535020167,-32.20655999296075,-24.79729581983325,-57.02943355087999,,,,,
148,-41.31147500455334,-12.58859871347,-22.994743819561748,-42.26988711103767,,,,,
149,-27.960056221204496,-46.295217958268246,-49.568563921949995,-24.797297169761,,,,,
150,-42.78595426842333,-17.2442698307325,-51.84663577505325,-62.72092698323333,,,,,
151,-36.254008042648834,-29.165444655078247,-19.33434681287575,-52.030945795529995,,,,,
152,-41.591626235678326,-38.04550144169,-29.9174295386275,-61.14323320794333,,,,,
153,-40.50051001449833,-41.728015650834244,-56.5133654935475,-30.208637571079993,,,,,
154,-31.528298217651667,-48.4627037990825,-33.765822766199996,-21.568183811089998,,,,,
155,-33.14285489698717,-44.7248965837975,-34.285577023947496,-34.75003647565,,,,,
156,-40.0434220636655,-29.773666372727497,-52.54332765245999,-47.48954689096333,,,,,
157,-33.47461203389333,-31.598336925382497,-38.1782033065075,-32.302401203611,,,,,
158,-39.313553482625004,-51.94616318611,-46.682269001269994,-62.720926983229994,,,,,
159,-44.68066217888167,-8.66279662722575,-45.8307567066625,-41.635860640593336,,,,,
160,-34.6615685657695,-38.48784414091,-47.0582614430425,-33.12811009534666,,,,,
161,-22.32016959459,-41.705898448374995,-62.15325212015999,-16.053627998399,,,,,
162,-43.53794005192216,-26.356558593075754,-35.75637098735825,-64.53453758473,,,,,
163,-42.01922548318666,-13.9045722596825,-15.17631275090075,-58.72508573927333,,,,,
164,-15.132077896012168,-18.4828345182725,-42.900226031142495,-39.33567158503333,,,,,
165,-41.56950903322217,-25.449754642249996,-17.3769730454775,-40.72168293902433,,,,,
166,-39.26931997766167,-23.669318494510748,-34.75003827555325,-20.83094552908,,,,,
167,-28.5719663891405,-29.497201342012502,-55.529149984194994,-41.47366782257333,,,,,
168,-42.35835592086617,-17.188978174518247,-49.325274694917496,-41.57688143404333,,,,,
169,-45.22621983949549,-50.685482646045,-48.097769958538244,-17.734535385156665,,,,,
170,-41.51052982666883,-36.7074106930225,-29.43085108456575,-14.520170427931,,,,,
171,-36.16553923282049,-58.3712104999625,-32.02962237330175,-30.267616777629996,,,,,
172,-46.92187202789167,-23.00580377071825,-19.29011240796325,-37.58104019008667,,,,,
173,-39.3504154867205,-43.25410262038825,-23.51449807730925,-10.421113772603332,,,,,
174,-38.333024173683334,-47.36790092752,-36.41988571115,-32.862703665856664,,,,,
175,-49.87083235553166,-28.05958318228825,-53.89247700235425,-44.39313854694,,,,,
176,-33.990680991182835,-43.906560092875,-33.58888514654325,-45.30731624850667,,,,,
177,-43.22829921752166,-39.925462300632496,-34.462514643605,-26.08009311238,,,,,
178,-35.524140361557166,-44.1387893687525,-29.928488139858246,-29.058544843200995,,,,,
179,-21.605046715136666,-36.585766079506755,-41.97130487786425,-48.344745385976665,,,,,
180,-51.345312519353335,-8.264685633065,-34.18604961289,-28.73415920716233,,,,,
181,-14.763458755007832,-41.938129074175,-49.2146886826325,-64.26913115524333,,,,,
182,-39.11449866050833,-42.49105913561175,-51.1720611001075,-58.87253375565667,,,,,
183,-40.02867726202883,-53.361664143380004,-16.3374672298375,0.43106023311566705,,,,,
184,-34.38879063541284,-33.0138378826515,-32.151265636889995,-21.33226698487667,,,,,
185,-37.7432321081555,-41.385199012742504,-49.05986826543,-39.247202775203334,,,,,
186,-45.58746747963383,-31.3771635508825,-25.2838742738925,-47.23888526311333,,,,,
187,-41.92338427253883,-20.805140776288248,-25.36128448249325,-36.75533129834667,,,,,
188,-43.184064812606174,-7.5901109581199995,-7.192001313885001,-48.99351665806,,,,,
189,-42.166673499569995,-33.57782654531,-25.305991476349995,-21.052117553655332,,,,,
190,-40.19824248086667,-26.356558593075754,-39.7153488772925,-10.583306590623335,,,,,
191,-21.93680475199666,-33.257127109685754,-9.25995974364575,-36.75533129834667,,,,,
192,-29.183874757176667,-50.696541247270005,-48.0867113573075,-44.54058656332,,,,,
193,-28.7710212112555,-36.2429480914925,-47.190964657789245,-7.3394520301220005,,,,,
194,-45.388412657517826,-41.617429638545005,-36.38671125739075,-10.583306590623335,,,,,
195,-40.47102131117333,-40.94285496359825,-44.69172078011074,-34.11601180510767,,,,,
196,-38.53945229657,-40.93179636237075,-13.14153012483075,-33.21657890517766,,,,,
197,-33.82848817316283,-36.63000048442075,-36.69635209179425,-67.20334668124667,,,,,
198,-20.226408661915496,-34.94909309766575,-30.74682463077825,-61.51185324889667,,,,,
199,-38.43623778515167,-37.271398005755,-34.18604961288675,-49.36213669901334,,,,,
200,-29.8842528349905,-21.0152541996325,-41.06449957711575,-54.71449969368333,,,,,
201,-25.873665889445004,-40.97603076728425,-41.1087339820275,-9.94928012018,,,,,
202,-51.087278490685,-38.742193319094994,-40.81015174885575,-22.99843136989767,,,,,
203,-25.342853930422166,-36.231890840190005,-41.58425383486,-51.23472650706666,,,,,
204,-36.31298724920166,-31.078582667636496,-34.550983453434995,-54.331134851090006,,,,,
205,-38.62792020644833,-51.40429172590749,-43.0329292458875,-32.6857642463,,,,,
206,-60.3543863203,-50.2873730018125,-49.34739189737749,-43.87707048960001,,,,,
207,-29.50088889234833,-49.457977909665004,-33.1575983486975,-24.222248105966667,,,,,
208,-37.212419249179995,-42.944461785985,-20.24115211362675,-42.210907904485666,,,,,
209,-51.33056771771667,-54.60022748099,-32.836898913065,-65.43397048466,,,,,
210,-23.728298151038334,-48.33000058434175,-35.0486205087225,-56.70504791484333,,,,,
211,-28.24020835228117,-37.43727837411325,-45.587467479632494,-38.76062432114333,,,,,
212,-36.23926234105833,-40.81015174885575,-36.34247685247675,-63.16327103237666,,,,,
213,-44.99030301328616,-23.403912065023253,-26.422910200444996,-42.903913581479,,,,,
214,-30.938507052074332,-44.92395140591325,-51.1278266951925,-43.78860167977333,,,,,
215,-26.345500441822836,-44.96818581082925,-23.680378445665,-20.44757888658667,,,,,
216,-46.29521795826833,-33.810057171115005,-32.22867584549074,-15.567049544341002,,,,,
217,-45.631701884548335,-42.2588271598825,-50.9287718730775,-63.16327103237666,,,,,
218,-25.799942781207832,-34.81638988292075,-30.050131403444997,-21.877824645493334,,,,,
219,-50.12149398338334,-44.78018958994174,-36.70741069302325,-45.189357835403335,,,,,
220,-26.824707395015498,-46.814972216013246,-29.11015164893675,-22.305425692902332,,,,,
221,-37.17555724508616,-38.1229103003625,-42.2920043134925,-22.777259345325664,,,,,
222,-46.44266597464833,-28.45769417644575,-38.5984315031225,-18.94361091939233,,,,,
223,-16.466482444268834,-39.062891404800006,-13.384819351861749,-18.20636903758,,,,,
224,-37.72848730651667,-45.69805349192,-41.47366782257325,-39.999187658749996,,,,,
225,-45.801267103388334,-38.22243771142,-32.107032581900754,-40.72168293902433,,,,,
226,-15.360623221356667,-43.49739184741575,-28.2144049494125,-45.97083232222667,,,,,
227,-28.594082691645003,-49.1372784740325,-51.127826695190755,-19.267996555431,,,,,
228,-29.14701275308167,-56.480189689860005,-55.628677395252495,-41.87177746680567,,,,,
229,-50.902968470206666,-53.295312536005,-32.062798176985,-58.725085739276665,,,,,
230,-23.868372866652166,-55.086805935049995,-24.24436710832675,-60.56818594405333,,,,,
231,-28.564593988323832,-51.9903975910225,-45.6538190870075,-24.90051078122866,,,,,
232,-39.1882226687,-43.1435166081,-30.116483010817504,-47.75495332045,,,,,
233,-30.238128074308833,-39.33935778544175,-35.11497211609675,-47.17990605656001,,,,,
234,-29.242853963728336,-52.034631995941744,-21.2474848254325,-53.18104032331333,,,,,
235,-39.564215110473334,-31.86374335487175,-31.32187189466675,-32.862703665856664,,,,,
236,-48.10882855976784,-30.680471673477506,-43.59691925847499,-33.835860573981,,,,,
237,-23.485008924008834,-39.61582281616,-32.881134667907496,-29.32394947279,,,,,
238,-40.736426840709996,-46.206747798512495,-45.77546370052075,-10.686520202094334,,,,,
239,-29.670452311285,-34.960151698897505,-44.724896583797495,-38.1265978507,,,,,
240,-46.560624387755496,-33.544650741629255,-31.3771635508825,-53.60863957082,,,,,
241,-34.45514224278717,-45.8307567066625,-41.90495327049,-69.97536938923,,,,,
242,-13.945122264088335,-42.546352141750745,-35.347202741899,-32.33188900698,,,,,
243,-43.95079449779283,-13.252117487044998,-43.895501491647494,-10.789733813559998,,,,,
244,-40.5521177201855,-37.48151277903,-26.7214924336175,-28.173854945006667,,,,,
245,-49.693894735875006,-45.244650841542494,-24.62035955010175,-49.421115905566666,,,,,
246,-36.512041171366164,-28.966389832963248,-31.3992807533425,-38.96705154407767,,,,,
247,-35.57574716729,-23.602968237066495,-49.767618744067505,-52.01620099389,,,,,
248,-37.57366778926883,-36.6963520917925,-28.557220237574995,-33.86535017725766,,,,,
249,-54.47121046665333,-31.863742004944996,-36.22083223895925,-46.84077561888,,,,,
250,-40.30145609233667,-20.51761714434325,-31.465633710638247,-22.836238551877667,,,,,
251,-27.163836932741663,-37.581040190085,-52.886144290545005,-40.721682939027666,,,,,
252,-30.990112957857168,-48.60646561505675,-44.76913098871075,-37.77272081148,,,,,
253,-25.121682805802166,-36.674233539412505,-32.63784544087675,-37.58104019008667,,,,,
254,-23.71355424935167,-47.268374866387504,-41.385199012742504,-21.789355835663333,,,,,
255,-33.607315248638336,-38.85277933138175,-25.726218323042502,-62.956843809439995,,,,,
256,-38.502590292473336,-14.7007942479965,-31.266577538597495,-25.490302846754332,,,,,
257,-24.0748009895355,-59.9857662793425,-50.5306622288425,-54.743989296959995,,,,,
258,-32.272910700381665,-13.583875523902499,-16.08311805165325,-3.2403953747976666,,,,,
259,-33.164972099443325,-41.98236347909075,-19.5776360399075,-30.51828020538667,,,,,
260,-47.97612534502333,-43.19880961424325,-51.37111592222,-40.47102131117433,,,,,
261,-38.17083135566166,-36.2318908401875,-34.539924852208244,-46.73756200741667,,,,,
262,-37.9349154294055,-35.2366167296115,-21.32489638396325,-15.124705495193332,,,,,
263,-39.637940018617165,-34.81638988292,-19.5334016349925,-22.99843136989767,,,,,
264,-20.617145005378333,-29.497202691939997,-17.88567140185,-15.567049544341002,,,,,
265,-25.608259459958333,-33.810057171115,-35.944367208246746,-24.900508981323338,,,,,
266,-29.884253734943837,-62.031607506645,-47.014027038129996,-18.92886431785,,,,,
267,-32.65627644292283,-53.173667922490004,-25.92527314515575,-1.8396392191676665,,,,,
268,-21.8188463388905,-27.07536767294,-36.4530615148375,-16.96780569997,,,,,
269,-47.19465085819834,-42.944461785985,-30.028015550915754,-44.24569053055333,,,,,
270,-30.4371828964245,-54.0915318244725,-41.84966026435001,-37.43359217370334,,,,,
271,-41.82754306189117,-16.43699329097175,-21.645594469665745,-48.65438622038234,,,,,
272,-27.768372899954997,-29.718374716513996,-37.95703263186,-47.48954689095999,,,,,
273,-45.58009507881383,-26.522437611502497,-28.324990961700752,-45.30731624850667,,,,,
274,-37.3746120672005,-43.09928220318575,-25.75939547665325,-47.283119668027666,,,,,
275,-23.757788654268335,-28.96638983296325,-44.9018342034575,-46.73756200741666,,,,,
276,-29.205991959633327,-22.640868580244998,-43.14351660810074,-39.04077375236667,,,,,
277,-36.180283134505,-34.47357324483325,-40.168752877595004,-25.873667689351,,,,,
278,-50.38690041286883,-65.9131765379025,-47.10249584796,-43.33151282898666,,,,,
279,-28.667805799886665,-37.27139935568575,-33.79899856988825,-31.712607338176667,,,,,
280,-41.36308181028783,-41.47366782257325,-58.7582615429625,-42.26988711103767,,,,,
281,-27.001644114720005,-35.26979253329825,-24.675651206317504,4.161496847486667,,,,,
282,-34.56572735512,-42.8670515773825,-26.212798127027497,-28.42451657286,,,,,
283,-50.571210433348334,-35.1260307173225,-39.07395135595425,3.158848536183333,,,,,
284,-42.4025903257795,-20.805140776288248,-37.105520337255,-39.35041458677,,,,,
285,-23.647201742028333,-29.32026507228075,-43.099282203185,-14.992002280448999,,,,,
286,-25.261757521412168,-41.5510780311725,-25.726218323040005,-36.28349764592333,,,,,
287,-35.752684786948834,-8.6627952772975,-33.27924431213825,-27.761002299040996,,,,,
288,-12.175745167551668,-17.741908235950746,-29.795784925114,0.9028938855389997,,,,,
289,-46.295217958267166,-22.65192718147675,-36.9506999200525,-47.75495332045,,,,,
290,-48.934537451505,-28.43557562406,-47.113554449184996,-25.180662012354333,,,,,
291,-39.09975475882167,-29.5414370968525,-34.440396091222496,-33.12811009534666,,,,,
292,-41.66534934391833,-30.9569380541225,-24.764121366073994,-15.124705495193332,,,,,
293,-50.73340325136667,-56.2258418616,-19.6550462485075,-54.43434846255666,,,,,
294,-49.67914993423667,-27.71676654420075,-27.04219186925,-6.277824512266666,,,,,
295,-25.630376662415497,-37.34880956428575,-34.429337489995,-28.689924802247663,,,,,
296,-41.41468771607,-32.1070325819015,-59.52130502774,-63.266484643843334,,,,,
297,-39.674802022710494,-44.76913098871325,-20.63926175785925,-25.97688130081666,,,,,
298,-28.343421063797834,-49.756560142839994,-39.12924436209675,-38.84909313097,,,,,
299,-40.30145609233717,-43.11034080441425,-45.37735405629,-30.14966016443,,,,,
300,-28.343421063799497,-29.92848813985675,-46.538507185300006,-37.43359217370334,,,,,
301,-32.60466873724,-46.1735733447525,-56.40277948126,-16.672911467105667,,,,,
302,-48.13094486227334,-34.0865208519025,-21.358070837720746,-22.777259345325664,,,,,
303,-38.59843150312334,-52.930378695462494,-37.791153613431746,-8.150414320319998,,,,,
304,-37.18292964590333,-11.438505535615752,-48.69493442488499,-52.48803464631667,,,,,
305,-36.52678687295333,-18.7040065428425,-32.36138041016075,-56.21846946078,,,,,
306,-25.475557145165,-25.184346862835,-36.1323620792075,-27.672533489209,,,,,
307,-36.23926324101,-45.233592240315,-40.533685368212495,-43.28727842407333,,,,,
308,-35.059679109953834,-37.91279822694425,-16.901454542573248,-17.719790583519003,,,,,
309,-25.335482429553338,-13.429053756775746,-30.45929964890425,-37.49257138025667,,,,,
310,-30.791059035690505,-40.942854963599245,-38.58737290189575,-63.10429182582334,,,,,
311,-41.13453738489283,-20.893609586115,-26.8541956483625,-32.84795706431667,,,,,
312,-29.707316115282666,-43.707505270759995,-38.266673466265004,-41.635860640593336,,,,,
313,-32.6415307413355,-51.4264089283625,-29.95060534231175,-47.59276050243,,,,,
314,-27.281795345847172,-36.04389461930175,-48.8497548420875,-44.02451850598333,,,,,
315,-48.04247695239332,-37.56998158886075,-25.206464065295,-28.689924802247663,,,,,
316,-26.809962593375502,-38.0123242880775,-48.9271650506875,-16.230567417962334,,,,,
317,-28.004290626117825,-8.74020548589825,-43.5858606572475,-16.658164865567667,,,,,
318,-38.8638379326105,-55.164216143647494,-45.1119476268,-49.421115905566666,,,,,
319,-22.99843046994617,-33.0691295388675,-32.836900262993254,-24.738317963211,,,,,
320,-44.99030301328667,-13.263173388417497,-38.4657269384525,-54.43434846255666,,,,,
321,-27.67990499007784,-33.12442389493675,-18.53812752441575,-4.0808490681743335,,,,,
322,-26.817334094242167,-35.11497076617,-19.67716345096425,-19.223760350615667,,,,,
323,-30.658354920997834,-43.81809128304825,-56.878299334092496,-49.937183962906666,,,,,
324,-44.99767541410449,-35.0265033062675,-37.9127982269475,-28.159111943272336,,,,,
325,-41.340963707879496,-30.249187575485003,-31.90797775978675,-60.081607489993324,,,,,
326,-47.31998167212166,-25.72621967296575,-34.871682889065745,-41.47366782257333,,,,,
327,-43.56005725437833,-44.30466973711,-53.715539382695,-41.51790222749,,,,,
328,-47.22413956152334,-17.28850558557675,-28.10381893713,-29.810529726751,,,,,
329,-24.251738609196167,-61.788318279615,-37.65845039868825,-25.97688130081666,,,,,
330,-32.228676295465,-45.985577123865,-48.2525903757375,-50.54172083007,,,,,
331,-39.446256697368334,-33.26818571091175,-37.5699815888575,-25.54928205331233,,,,,
332,-24.0379380854905,-50.3205488055,-26.135386568499996,-61.172722811220005,,,,,
333,-27.768372899955,-40.30145609233425,-51.7913427689075,-17.660811376964332,,,,,
334,-30.120170561153827,-35.71213658244325,-30.3155378329325,-35.67895897885666,,,,,
335,-27.783117701595,-41.88283606803325,-29.12120890023925,-65.92054893872333,,,,,
336,-48.8165790384,-47.01402703813174,-23.680377095741754,-32.744745252754335,,,,,
337,-19.422815172731667,-60.306465714975,-58.747202941732496,-37.46307997707667,,,,,
338,-47.22413956152334,-37.315633760599994,-48.3078833818825,-40.412042104624334,,,,,
339,-40.08765646858384,-47.36790092752,-25.44975464225,-62.47026535538,,,,,
340,-38.465728288378834,-17.39909159786075,-18.18425228509675,-57.29483998037,,,,,
341,-43.33888522980717,-57.04417835252,-31.58727832415325,-20.182172457096666,,,,,
342,-35.09654111404716,-49.126219872802494,-36.2208322389625,-39.51260920469,,,,,
343,-42.439452329876666,-42.269887111037505,-38.45466968715,-44.85022739772333,,,,,
344,-48.75022743102833,-49.668091333005,-23.967900727685,-30.341342585727663,,,,,
345,-31.425084606183834,-47.378960878675,-44.72489658380075,-47.592760502431,,,,,
346,-47.38633327949333,-8.77338263951175,-34.07546360060325,-35.66421597712,,,,,
347,-25.578771656586,-43.696446669533245,-50.59701383621425,-29.64833690873333,,,,,
348,-50.94720287512333,-29.43085108456575,-34.19710686419,-46.11828033861,,,,,
349,-24.517145038683836,-35.1923823246975,-26.953724409348997,-36.224518439373334,,,,,
350,-38.67952791213167,-27.62829773436825,-40.854386153768246,-19.061567532593333,,,,,
351,-23.868373766601668,-48.2636489769675,-32.16232423811925,-35.3103407378,,,,,
352,-39.80013283663783,-29.2760306673665,-52.7976754807175,-24.900510781227666,,,,,
353,-39.040774652316664,-38.321966472404995,-40.058165515377496,-60.86308197681666,,,,,
354,-53.217902327404495,-48.949282253145,-33.467240533026754,-44.46686255513,,,,,
355,-29.567239599770502,-37.536804435244996,-9.54748337559,-50.998809680853334,,,,,
356,-30.643610119357167,-39.261947576843255,-51.271588511160004,-44.90920660427333,,,,,
357,-31.447201808642166,-34.16393241043,-32.040679624602504,-48.90504784823,,,,,
358,-36.777448500803835,-50.3094902042675,-36.98387572373825,-45.63170188454999,,,,,
359,-39.578960812065496,-34.230284017805,-33.22395130599575,-53.03359230692999,,,,,
360,-38.760623421192825,-54.6444618859025,-46.33945236318,-14.151548587073334,,,,,
361,-18.54550037520883,-46.12933758991,-27.473478667094998,-46.79654121396666,,,,,
362,-46.90712722625218,-28.148053342043998,-19.96468708291175,-32.15495318722666,,,,,
363,-35.288223535345,-30.105424409584998,-18.250603892467502,-31.78633314627433,,,,,
364,-49.7233843391505,-34.87168288906575,-30.680473023404247,-52.782930679076664,,,,,
365,-32.796351158534996,-48.3631763880275,-52.36639003280075,-47.97612534502432,,,,,
366,-41.97499107827384,-40.6885071353375,-49.8118531489825,-28.52773018432333,,,,,
367,-30.481417301338833,-44.404197148165,-28.61251459364575,-38.08236164588333,,,,,
368,-40.544744419415004,-42.5021177368375,-41.7501328532875,-40.08765646858,,,,,
369,-35.22187102802334,-58.857788954022496,-47.8544807315075,-25.873667689351,,,,,
370,-33.128109195394494,-29.187560507610744,-32.836898913065,-34.8090156822,,,,,
371,-20.617144105424497,-34.10863940429075,-37.6695089999125,-27.082741423682336,,,,,
372,-46.9366168295295,-44.2272595285075,-41.329904656675,-34.35192863132,,,,,
373,-48.956654653964996,-39.980756656705,-38.1782033065075,-30.120170561154335,,,,,
374,-34.94172069684716,-39.29512338052925,-25.018467844404995,-30.606749015212333,,,,,
375,-42.1666734995705,-37.492571380255754,-30.249187575485745,-30.41506479401666,,,,,
376,-23.71355424935167,-16.81298573274175,-38.6205473556525,-41.650605442229995,,,,,
377,-26.743610086052666,-18.051550420280748,-50.254197198125,-25.814688482796665,,,,,
378,-31.734725440585,-34.08652085190499,-52.864027088087504,-25.239641218907668,,,,,
379,-40.11714607185883,-51.2605299099325,-40.3456904972475,-50.423762416963335,,,,,
380,-33.33453731828117,-32.90325187036325,-19.201643598131753,-45.36629545506333,,,,,
381,-36.28349674597333,-22.043704113897498,-28.78945221330325,-49.93718396290333,,,,,
382,-40.40466880385166,-51.194178302564254,-40.135577073905,-15.390111924680996,,,,,
383,-31.159677276745,-48.4848210015425,-14.656559843082501,-29.64833690873333,,,,,
384,-53.37272274460667,-46.660151798815,-36.464120116065004,-51.48538813491667,,,,,
385,-38.20032095894,-23.00580377071825,-25.007410593105,-37.21242014913333,,,,,
386,-34.064404999373835,-24.155898298497497,-37.93491542940675,-62.956843809439995,,,,,
387,-26.51506566065883,-35.74531238612825,-30.757881882078248,-14.048336775507666,,,,,
388,-32.50145512577333,-41.705898448377496,-40.77697594516925,-25.239641218907664,,,,,
389,-37.88330862366784,-33.11336394378,-35.74531238612825,-54.168942033073336,,,,,
390,-45.88973591321716,-35.347202741899,-51.127826695192496,-24.900510781227666,,,,,
391,-41.8275430618905,-15.375367573019998,-39.2730061780725,-32.302401203611,,,,,
392,-43.90655919292832,-42.9223445835275,-33.9095832322475,-58.666106532726666,,,,,
393,-32.76686155525883,-30.879526495595,-32.7373715020075,-30.872155444702333,,,,,
394,-37.7506054089255,-43.1766910618575,-16.91251449372675,-45.91185311567333,,,,,
395,-44.747013786255,-20.40703113205575,-38.41043528223825,-32.744745252754335,,,,,
396,-31.196541080741667,-34.639452263263244,-37.41516117165925,-29.75154872029334,,,,,
397,-39.69691922516834,-29.11015029901,-49.8339703514375,-40.72168293902433,,,,,
398,-35.69370468044617,-54.279528045355,-28.148053342043998,-47.59276050243,,,,,
399,-25.733591173835503,-51.183119701335,-27.82735390641425,-21.39124619143,,,,,
400,-37.95703263185833,-43.2983370253,-40.58897972428,-46.265728354989996,,,,,
401,-23.912608171517164,-42.44682473069675,-35.97754301192925,-4.0808490681743335,,,,,
402,-30.466672499699996,-6.860243277027498,-30.879526495594998,-1.8396392191676665,,,,,
403,-33.3640260216095,-35.94436720824575,-29.9063709374,-29.64833690873333,,,,,
404,-29.611474004684997,-52.5875620573725,-38.797486325238246,-35.3103407378,,,,,
405,-26.190679124669998,-34.11969800551575,-46.472155577924994,-55.20107814774667,,,,,
406,-29.41241918256883,-46.04087013000675,-19.04682318093,-47.48954689096333,,,,,
407,-41.547390930814494,-42.037656485235004,-15.4527777816175,-14.520170427931,,,,,
408,-42.675369156087164,-5.09086843037,-18.305896898612502,-16.510716849183332,,,,,
409,-28.048525930984997,-58.780378745419995,-28.977447084265,-25.34285483037333,,,,,
410,-35.58311866815833,-9.027729117843249,-32.83690026299325,-53.12206111675667,,,,,
411,-50.31317640468001,-37.271399355685006,-30.282363379173248,-57.191626368903336,,,,,
412,-35.317713138621166,-24.576122445332498,-14.048335425579998,-18.737183696455666,,,,,
413,-39.88122834569666,-18.94729576987325,-24.410246126755748,-27.421871861362334,,,,,
414,-37.52943338435333,-41.8717774668075,-4.0402999637175,-19.209015548976666,,,,,
415,-32.929055273231164,-40.168751527664995,-43.132458006872504,-45.21884743867667,,,,,
416,-24.310717815747164,-48.053535553625,-17.764025438408254,-52.030945795529995,,,,,
417,-16.0757461008105,-45.08983042434175,-33.179715551155,-65.74361131906333,,,,,
418,-40.82489565053999,-40.7880345463975,-15.36430897178825,-46.84077561888,,,,,
419,-13.488033413302167,-31.996445219690003,-36.032836018075,-30.134913562889995,,,,,
420,-44.14984931990883,-31.10069852016825,-26.6662007774,-16.76138027693767,,,,,
421,-52.805047881536666,-55.0093957264475,-45.266768044002504,-47.23888526311,,,,,
422,-49.25155068672833,-37.79115361343075,-48.927165050688245,-23.750414453543332,,,,,
423,-33.78425376824717,-30.58094426242075,-27.208072237605748,-49.421115905566666,,,,,
424,-35.6126091713845,-27.2854824462075,-37.42621977288675,-34.54361105261567,,,,,
425,-31.712608238128826,-32.748430103235,-44.138790718679246,-26.669886977811,,,,,
426,-40.330945695613835,-53.4169571495225,-40.788034546396744,-6.145121297524334,,,,,
427,-52.51015184877167,-38.8748951839125,-28.5351030351175,-47.23888526311,,,,,
428,-35.619981572205496,-13.904572259682498,-6.71648281098175,-40.08765646858,,,,,
429,-44.8870894018195,-57.21005737095,-37.5699815888575,-38.554197098206664,,,,,
430,-40.15400807595434,-63.104291825825,-36.773762300396754,-29.44190788589333,,,,,
431,-35.89276040251167,-52.476976045084996,-29.1543847039225,-42.50580393724666,,,,,
432,-31.085954168504497,-21.280661979048247,-57.0994713586625,-52.11941460536,,,,,
433,-42.078204689741,-43.92867729533575,-53.1294335175775,-36.56364707714667,,,,,
434,-27.215443738475,-43.209868215475,-50.276314400585,-40.88387575704667,,,,,
435,-31.764215043861665,-25.64880946436675,-39.26194757684325,-63.78255270118,,,,,
436,-46.737561107461666,-44.6143105715125,-19.5776360399075,-29.44190788589333,,,,,
437,-16.776124178623835,-52.0567491983975,-55.650794597710004,-9.610151482408666,,,,,
438,-41.082929679210004,-23.547675230921747,-41.99342208032,-48.03510455157333,,,,,
439,-33.82848817316267,-52.36639003280075,-3.3878438411575,-1.3678055667476663,,,,,
440,-53.402212347883825,-15.02149233370075,-42.38047312332324,-55.76138060999333,,,,,
441,-33.3935165248355,-35.723193833745,-50.055142376007495,-29.810529726751,,,,,
442,-32.75948915444334,-45.841815307895,-31.266578888524002,-45.779149900930996,,,,,
443,-33.5041016371705,-42.4910577856825,-35.1370879686275,-37.64001939664,,,,,
444,-26.581417268031164,-38.664783110495,-43.7959740805925,-61.34966043087667,,,,,
445,-35.35457514271834,-9.89030136360575,-43.37574723390425,-26.463459754875668,,,,,
446,-43.33151282898717,-33.15759969862425,-40.445217908306745,-55.54020858542333,,,,,
447,-29.47139748917,-56.723478916892496,-39.6379400186175,-51.824518572596666,,,,,
448,-34.35930013218834,-27.163837832693247,-46.00769432632075,-49.45060550884667,,,,,
449,-33.03964038556833,-33.74370421381499,-33.555709342855,-61.511853248896664,,,,,
450,-56.705047914843334,-31.664688532755,-31.08964126886425,-46.00032192550333,,,,,
451,-20.4180901832605,-50.497486425155,-41.860718865575,-19.002588326043334,,,,,
452,-45.734915496013826,-33.47829913425575,-42.502117736838244,-37.654764198276666,,,,,
453,-44.009773704346166,-23.525558028463248,-41.76119010459,-29.825272728486663,,,,,
454,-30.827920139836163,-29.3755580784225,-53.59389476918,-23.809393660096664,,,,,
455,-27.4292442621805,-38.63160730680925,-17.708732432265002,-46.38368676809667,,,,,
456,-48.035104551574996,-56.9446509414625,-28.70098205355,-15.478580734512335,,,,,
457,-28.18860154654833,-40.78803454639675,-26.27914973439825,-28.689924802247663,,,,,
458,-31.27026418898167,-63.7788665007725,-24.952117586962498,-40.63321412919333,,,,,
459,-38.99654114735383,-14.678675695614249,-28.95533123173575,-47.961380543383335,,,,,
460,-33.57045324454333,-48.08671135730749,-16.481229045812498,-46.32470756154433,,,,,
461,-44.45949015431,-36.02177606692,-39.10712715964,-55.05363013136334,,,,,
462,-46.28784465749667,-28.413458421604993,-24.321777316928248,-20.595028702871,,,,,
463,-28.136994740813833,-28.424517022834248,-25.08481945177825,-28.159111943272336,,,,,
464,-20.454952187356668,-45.344178252602504,-26.931607206890746,-11.600697903661,,,,,
465,-40.35306289806949,-33.246067158524994,-47.4121366823625,-15.390111924680996,,,,,
466,-35.553629064881164,-35.723193833745,-46.814972216013246,-55.84984941982666,,,,,
467,-29.1691299555395,-34.03122784576,-35.60154922023,-34.809017482102334,,,,,
468,-51.45589853164116,-16.34852583106575,-24.211189954714996,-9.713363293971,,,,,
469,-51.839263374233326,-34.60627510965,-25.925273145154996,-49.08198546788666,,,,,
470,-46.103534637020005,-40.11345987145,-28.324990961702497,-31.992760369205666,,,,,
471,-22.6076932265355,-32.6710212445625,-17.332739990489248,-31.24077548565567,,,,,
472,-35.369319944355496,-58.08368686801499,-30.14966016443075,-37.68425380155433,,,,,
473,-40.75117254230283,-25.75939412672825,-53.84824259744,-47.17990605655999,,,,,
474,-31.543043019288334,-43.25410262038825,-46.814972216015754,-37.92017062776333,,,,,
475,-41.79068015784333,-22.68510298516,-38.7532505703975,-45.631701884550004,,,,,
476,-34.565727355121666,-43.61903646093499,-50.19890419198175,-36.90277931473,,,,,
477,-32.575180033915,-40.821210350082495,-17.631322223663247,-61.45287404234333,,,,,
478,-18.751927598143336,-45.919224166567496,-28.789450863377496,-34.233970218212335,,,,,
479,-35.811663993500495,-36.74058514678249,-40.21298728250575,-33.02489648387999,,,,,
480,-24.178013701051665,-42.9223445835275,-34.351928631318245,-20.639261307883334,,,,,
481,-25.01109589356216,-61.78831827961249,-30.680473023403252,-41.016578971786664,,,,,
482,-27.79049190231717,-40.38992490216575,-51.0393578853625,-37.07971513448333,,,,,
483,-20.89729713645383,-35.26979253329675,-28.070641783515,-43.877070489599994,,,,,
484,-35.88538800169283,-28.84474521944825,-53.7708323888375,-23.263837799386668,,,,,
485,-46.70807240413499,-20.71667196645825,-63.104291825825,-45.484253868163336,,,,,
486,-35.973855911570496,-34.650510864492496,-25.007410593105,-30.400321792279,,,,,
487,-44.43737295185167,-27.241246691365,-39.6711158223025,-21.568185610994334,,,,,
488,-23.7577877543155,-60.27328991129,-29.32026507228075,-9.949280120180001,,,,,
489,-40.17612527841,-42.13718389629,-36.63000048442325,-45.14512343048333,,,,,
490,-49.443233108025,-32.96960212781,-29.353439526041747,-16.8645920885,,,,,
491,-36.01809031648666,-44.84654119731499,-21.76723908318175,-43.567429655199994,,,,,
492,-46.214120649304995,-45.6317018845475,-19.01364737724575,-40.176125278408996,,,,,
493,-42.5721555446195,-51.63652235171,-30.470358250133245,-23.72092665017333,,,,,
494,-28.82262621708666,-26.19068092457325,-47.743894719219995,-32.671021244563335,,,,,
495,-25.873665889446666,-54.20211783676,-36.87328971145249,-26.448714953240998,,,,,
496,-27.134347329464998,-7.3136459274000005,-25.084819451780746,-31.742098741353335,,,,,
497,-40.198241580916665,-42.65693815403925,-30.45929964890425,-54.90618211498,,,,,
498,-16.901454992547666,-57.0773541562075,-33.01383788265075,-38.27404586708,,,,,
499,-36.290870046744494,-35.31402693821,-37.85750522080425,3.158848536183333,,,,,
500,-38.052873842509335,-36.519414472135,-37.49257138025675,-55.70240140344333,,,,,
501,-46.051928731235,-44.60325197028425,-62.938412807395,-42.26988711103767,,,,,
502,-28.299187558833335,-28.767333660920002,-37.592098791316744,-28.630945595695664,,,,,
503,-25.586144057403327,-53.59389476917999,-29.88425373494425,-52.81242028235666,,,,,
504,-47.51903649424,-47.456371087277496,-36.50835587091,-36.991248124559,,,,,
505,-30.503534503795,-28.95533123173325,-36.475178717295,-55.21582294938333,,,,,
506,-34.263458921538835,-35.1370879686275,-47.699660314305,-41.208261393086666,,,,,
507,-25.033213096019995,-53.317429738465,-48.451645197855,-38.74587951950567,,,,,
508,-32.87744846749667,-42.380471773395,-30.16071876565825,-34.80901748210433,,,,,
509,-38.80485872605883,-49.69020853546425,-17.69767383103675,-39.71903642762667,,,,,
510,-39.74852603090283,-44.82442399485575,-40.60003832551,-43.434726440456664,,,,,
511,-52.878771889726664,-49.0598682654325,-31.5430439192425,-27.86421411060333,,,,,
512,-47.87291173355667,-37.2713993556825,-49.081985467888245,-28.99956383674667,,,,,
513,-50.18047318993499,-29.242854863678247,-43.265159871689995,-41.47366782257333,,,,,
514,-27.510340671189336,-59.443894819137505,-27.11960207785,-49.93718396290333,,,,,
515,-33.10599199293883,-32.20655999296075,-40.633212779269996,-28.070643133440996,,,,,
516,-33.695784058466664,-23.4149720161775,-26.356559943001496,-28.203344548283336,,,,,
517,-40.77328974475833,-56.9446509414625,-28.999564286722496,-20.83094552908,,,,,
518,-20.1231932505445,-49.7012671366925,-38.29984926995,-24.38444092398667,,,,,
519,-42.63850625204167,-42.6237623503525,-13.66128438257575,-26.832079795833334,,,,,
520,-48.18255256795834,-31.211285882377496,-24.89682323089075,-61.733025273473324,,,,,
521,-34.816389882921165,-14.545972480868251,-49.457977909665004,-14.490680824651,,,,,
522,-28.02640782857783,-30.40400664276175,-26.422910200444996,-33.481985334663335,,,,,
523,-39.003913548173834,-30.55882840988825,-27.727825145425,-12.66232362161,,,,,
524,-30.459300098880504,-39.92546365056075,-37.06128593234,-46.32470756154433,,,,,
525,-27.443988163867164,-19.95362848168325,-19.24587800304925,-60.06686268835333,,,,,
526,-18.228487139986665,-25.084819451780753,-35.745312386129996,-8.784440790763332,,,,,
527,-37.69162530242334,-46.2178077496675,-52.73132387334499,-23.809395460001,,,,,
528,-34.63945136331383,-24.487654985429998,-29.054857292865744,-50.42376241697,,,,,
529,-33.813742471575,-41.07555817834,-41.62848823977575,-10.391624169326667,,,,,
530,-44.459490154310494,-30.404006642760002,-14.501738075955748,-16.5549512541,,,,,
531,-38.620547805626664,-44.13879071868,-35.72319518367075,-47.283119668027666,,,,,
532,-21.656654420823333,-53.77083238883749,-33.9759348396175,-44.599565769875674,,,,,
533,-38.26667256631217,-40.5336853682125,-39.5494712087875,-35.17763752305667,,,,,
534,-36.17291073368666,-31.96327076592675,-32.9253690728225,-25.873667689350995,,,,,
535,-48.153062964680494,-39.814877638274254,-35.546257564016756,-31.609395526613337,,,,,
536,-45.0419098190195,-53.94777000849749,-45.86393251034999,-34.29294762486333,,,,,
537,-30.628866217670502,-12.765537683055001,-27.59512328061075,-57.191626368903336,,,,,
538,-40.46364801040333,-36.75164509793575,-34.18604961289,-34.632079862443334,,,,,
539,-21.457599598704334,-37.5920987913175,-52.10098360331,-24.90051078122866,,,,,
540,-48.5659174105505,-24.775178617375,-48.606465615055,-22.025274461776664,,,,,
541,-52.60599305942001,-58.570265322074995,-26.179620973412497,-45.395785058336664,,,,,
542,-36.60788238201167,-41.66166404346001,-26.411852949143245,-39.73377942936333,,,,,
543,-32.69313754707,-20.207976309942502,-32.83690026299175,-26.242285930399998,,,,,
544,-34.97858270094217,-32.82584166176425,-28.734159207160744,-32.376125211799,,,,,
545,-53.85192879784833,-15.0214923337,-38.49890409206325,-51.66232575457334,,,,,
546,-20.926784939827165,-59.676125444940006,-52.742382474574995,-36.51941447213667,,,,,
547,-17.299564636779998,-45.6538190870075,-30.359772237844997,-38.259299265543326,,,,,
548,-38.834348329334496,-39.438885196499996,-38.37725947854825,-48.96402705478334,,,,,
549,-33.9611904879555,-32.427730667605005,-43.1103408044125,-26.78784359101333,,,,,
550,-37.005992926195496,-30.40400664276,-43.939735896565,-42.12243909465333,,,,,
551,-45.18198543458001,-54.5670516773,-27.948998519927496,-15.124705495193334,,,,,
552,-25.8662943885795,-42.01553928277925,-45.55429032602,-25.239641218907668,,,,,
553,-36.73321409588934,-20.81619937751675,-35.05967910995325,-45.32206105014666,,,,,
554,-46.059301132055,-55.064688732592494,-44.76913098871075,-43.81809128305,,,,,
555,-39.88122924564717,-56.192666057915005,-51.44852613082,-29.441909685797665,,,,,
556,-33.238695207683335,-47.84342213028,-51.315822916075,-66.89370584684333,,,,,
557,-26.669886077859502,-39.040775552269245,-28.269697955559,-64.79994401422,,,,,
558,-45.6464466861855,-53.20684372617825,-31.443516508182498,-18.95835572103,,,,,
559,-41.871776566853335,-51.08359229027499,-14.745027302984251,-29.54512329726333,,,,,
560,-33.90221218135333,-37.127637539712495,-34.1749910116625,-30.72470562841667,,,,,
561,-28.291815158014998,-27.00901741548925,-7.899751792520751,-26.551928564707666,,,,,
562,-51.69918775867001,-57.674518622555006,-56.690303113205005,-18.30958264904333,,,,,
563,-28.38765546871333,-35.678960778755,-19.94256988045325,-25.873665889446666,,,,,
564,-22.29805239213283,-43.51950904987575,-20.20797630994,-53.18104032330667,,,,,
565,-46.118280338608336,-52.9524958979175,-22.68510298516,-24.753062764844334,,,,,
566,-21.391247091382834,-51.0614750878175,-31.2223431336825,-42.50580393724666,,,,,
567,-28.992191435928333,-30.8574106430625,-44.171966522362496,-29.176503256306663,,,,,
568,-39.070265155544995,-48.971399455602494,-48.617524216285,-64.31336556015667,,,,,
569,-28.431890773578335,-36.91752411636825,-57.099471358665,-31.57990592333333,,,,,
570,-38.2003218588905,-27.561947476923248,-50.27631440058501,-22.718278338870004,,,,,
571,-33.82848817316167,-41.6837812459175,-36.13236342913075,-24.281229112421002,,,,,
572,-39.43151189573,-25.88103874024075,-36.23189084019075,-57.191626368903336,,,,,
573,-40.37518010052717,-20.462324138200003,-17.69767518096325,-30.88690024634,,,,,
574,-17.697674281013335,-21.86676784416675,-38.5541970982075,-57.60448081477333,,,,,
575,-49.39162630229166,-24.52083213904425,-45.69805349192,-49.99616316945667,,,,,
576,-28.372910667074496,-48.7723446334875,-59.44389481914,-38.25929926554333,,,,,
577,-13.812418149392833,-29.8179007776425,-22.45287235936,-30.93113465125433,,,,,
578,-33.990680091232164,-19.809866665707496,-28.468752777675,-18.029433217825332,,,,,
579,-22.814119549518335,-42.98869619090175,-26.8652542495925,-28.24758075310433,,,,,
580,-41.849660264347825,-40.887561957455,-30.116483010817497,-43.670643266666666,,,,,
581,-19.135291540785,-22.264876138469997,-25.195406813991497,-44.85022739772333,,,,,
582,-45.28519904605,-46.881323823385,-44.64748637519825,-43.09559600277667,,,,,
583,-32.988033579833335,-32.96960212781,-39.02971695104075,-30.238127174356666,,,,,
584,-33.3713984224255,-11.79238077493325,-40.31251469356325,-12.249470975644334,,,,,
585,-28.837372818631668,-54.8103409043325,-49.3695090998325,-44.997675414103334,,,,,
586,-39.23245797356599,-23.1827413903775,-19.57763738983325,-42.81544477164999,,,,,
587,-18.781417201418833,-28.170169194572498,-27.915821366313246,-44.260435332196664,,,,,
588,-40.12451847267716,-39.96969670555,-49.14833707526,-45.395785058336664,,,,,
589,-30.8131762381495,-28.8336866182225,-19.666106199661748,-44.024518505982336,,,,,
590,-38.074991044966666,-17.65343942612325,-31.52092671678325,-36.652117686876664,,,,,
591,-53.54228796344666,-29.054857292865748,-21.2917205802775,-29.058544843200995,,,,,
592,-30.59937571444433,-45.3662954550625,-23.978959328912502,-44.230945728921,,,,,
593,-17.115254616302163,-40.54474531936575,-30.22707037303075,-54.71449969368334,,,,,
594,-39.925463650562165,-30.923762250435,-20.893609586114998,-39.40939559322333,,,,,
595,-21.958921954452833,-32.162325588046755,-30.835293440606748,-39.881229245646665,,,,,
596,-31.727353939718338,-33.40088892565325,-61.4455016415275,-6.263079710629,,,,,
597,-35.67895987880784,-44.3710199945525,-48.175180167138244,-17.041529708160997,,,,,
598,-33.3640269215605,-27.90476276508675,-47.8876565351975,-46.85552042052,,,,,
599,-48.772344633487165,-27.73888509658,-35.966483060775,-39.71903642762667,,,,,
600,-41.87914986762333,-65.1058986482125,-30.260244826789997,-45.52848827308,,,,,
601,-28.026407828577167,-20.606084604245,-32.22867584549,-43.87707048960001,,,,,
602,-26.028488106551166,-19.61081319352,-43.840208485505,-55.90882862637667,,,,,
603,-41.812798260253835,-46.51638998283925,-29.607787354297496,-25.97688130081666,,,,,
604,-32.656275542975,-19.533401634995,-45.45476426489,-49.465350310482336,,,,,
605,-33.968563788723834,-36.0660104718325,-44.64748637519825,-39.33567158503333,,,,,
606,-16.680282967975,-38.554197098207496,-33.12442254501,-45.189357835403335,,,,,
607,-18.995215925222166,-37.658450398688245,-43.7959740805925,-52.11941460536,,,,,
608,-36.276124345153335,-33.79899856988825,-31.830567551185748,-42.81544477164999,,,,,
609,-23.042664874863835,-39.39465079158425,-23.790963108025,-56.705047914843334,,,,,
610,-45.970832322225,-50.71865844972925,-49.701267136694995,-15.537559941064336,,,,,
611,-29.655709309547166,-15.13207834598825,-51.94616318611,-53.09257151348,,,,,
612,-39.0628918547745,-3.7196018780149998,-30.802117636920002,-48.83132384004,,,,,
613,-41.023951372607165,-25.471870494780752,-35.203440925923246,-55.59918779197667,,,,,
614,-37.315633760597166,-50.3205488055,-26.16856372211175,-46.41317637137566,,,,,
615,-36.15079353122666,-27.10854347662,-42.54635214175075,-39.04077555227099,,,,,
616,-35.89276040251217,-23.768845905568252,-13.40693655431675,-25.623004261596662,,,,,
617,-52.48803464631616,-54.135766229385,-7.037182246614,-38.067618644147664,,,,,
618,-41.34096370787666,-43.39786443635925,-38.310907871177506,-19.267996555431,,,,,
619,-35.619980672255,-33.268185710911744,-36.63000048442325,-45.779149900931,,,,,
620,-49.56119152113167,-18.925177217490003,-43.54162625233,-42.96289278803234,,,,,
621,-32.8479579642705,-21.91100224908075,-33.00277928142175,-24.75306276484433,,,,,
622,-52.79030307989883,-58.7140271380475,-37.791153613431746,-27.937938118796666,,,,,
623,-28.100131836767165,-13.14153012482825,-34.086520851905,-39.51260920469,,,,,
624,-33.0617584879755,-42.61270374912575,-34.042287796915005,-27.377637456446664,,,,,
625,-32.317145105295,-40.4562765095375,-28.955331231735748,-30.03170175132433,,,,,
626,-24.775179967302666,-3.73066047924325,-37.702684803603255,-39.73378122926667,,,,,
627,-38.79011302446883,-52.6760308672,-21.291720580275,-24.900510781227666,,,,,
628,-35.35457514271666,-37.5257471839425,-42.70117255895675,-41.62111403905333,,,,,
629,-42.55003834216166,-25.449753292322498,-20.51761714434325,-32.40561301517334,,,,,
630,-37.11657893848166,-35.85589839841575,-20.760906371375,-40.47102131117433,,,,,
631,-36.924896517187165,-39.02971695104075,-13.42905375677425,-54.84720290842666,,,,,
632,-57.94361125245167,-35.42461295049825,-28.0153501273,-24.78255056822,,,,,
633,-16.577068456556663,-39.273006178070005,-16.901454542573248,-26.463457954973325,,,,,
634,-38.310907871177164,-15.66289120496425,-32.7484301032375,3.158848536183333,,,,,
635,-35.951739609065,-34.661568115795,-48.05353555362325,-27.775747100679997,,,,,
636,-34.52149385015833,-62.8278267951075,-54.014121615869996,-23.36704961095,,,,,
637,-20.152683753773832,-38.830660779,-31.631512729068252,-28.24758075310433,,,,,
638,-29.412419182567163,-29.9506039923875,-43.33151282898825,-1.8101496158909995,,,,,
639,-37.669508999914996,-46.1846319459825,-24.609300948873997,-58.94625776385001,,,,,
640,-36.541531674592164,-40.987089368515,-10.29946960906675,-48.12357336140667,,,,,
641,-42.756465565095,-41.617429638546746,-28.092760335898248,-34.23397021821233,,,,,
642,-43.958166898609996,-54.401172658872504,-15.375367573019998,-40.67744853410667,,,,,
643,-43.383119634720494,-43.5748020560225,-38.95230674243925,-47.20939565983334,,,,,
644,-31.54304391924217,-35.745312386129996,-65.9131765379025,-23.661945643713334,,,,,
645,-16.717144972071164,-45.28888524646075,-46.18463194598,-38.90807233752766,,,,,
646,-48.049849353214505,-10.29946960906425,-50.85136166447424,-13.871397355944334,,,,,
647,-54.45646566501667,-39.49417820264575,-38.94124814121,-10.686520202094334,,,,,
648,-40.30145519238333,-14.015159621895,-17.06733356100325,-44.245690530560005,,,,,
649,-22.784630846191664,-32.438789268834995,-50.6080724374425,-42.977637589669996,,,,,
650,-38.95967914326,-19.655047598434003,-29.519319894395746,-57.72243922787667,,,,,
651,-49.73812914078834,-39.560529810015,-23.802021709255,-33.98330679046,,,,,
652,-22.194838780663833,-25.59351645822575,-22.51922396672925,-12.057786754447667,,,,,
653,-31.13018857341883,-30.514592655047498,-38.97442259496749,-44.62905537315,,,,,
654,-34.07914890106,-18.25060389247075,-55.108923137505,-54.71449969368334,,,,,
655,-24.354952220662167,-29.187560507609998,-43.45315744250325,-37.68425380155433,,,,,
656,-37.24190975240716,-10.69757925329575,-28.34710816416075,-32.15495318722666,,,,,
657,-49.126219872803325,-45.476881467344995,-26.79890399214925,-57.014688749246666,,,,,
658,-28.88897782446,-50.409017615325,-37.713743404829245,-54.227921239623335,,,,,
659,-36.1507944311805,-13.30740914325925,-37.8243294171175,-39.940208452196664,,,,,
660,-22.09162516919883,-29.15438605385075,-18.10684072657,-46.398431569736665,,,,,
661,-22.622438028173832,-52.36639003280075,-41.9491876754075,-36.725841695071,,,,,
662,-37.1386952409895,-56.270076266512504,-33.389830324425745,-52.576503456143335,,,,,
663,-54.500700069928335,-38.930188190055,-56.192666057915005,-45.46950906653,,,,,
664,-39.75589843172333,-29.12120890023925,-30.879527845519252,-18.427541062150002,,,,,
665,-48.912420249048324,-40.21298728250575,-23.426029267479997,-61.65930126528,,,,,
666,-40.544745319367166,-32.903251870367505,-45.66487768823575,-50.15835598747899,,,,,
667,-14.638127041133336,-50.13255258461,-23.8794332677825,-38.77536912278,,,,,
668,-28.719413505572835,-27.948998519927496,-43.696446669533245,-39.02603075062999,,,,,
669,-35.796918291913336,-15.253722959502499,-44.890775602229255,-11.792382124863332,,,,,
670,-32.75211675362383,-20.71667196645825,-48.27470757819749,-58.93151296221,,,,,
671,-39.76327083254167,-43.995028902705,-34.83850708537825,-28.689924802247663,,,,,
672,-36.335104451657166,-24.97423343949,-54.4896414687,-1.8101496158909995,,,,,
673,-34.042287796915495,-24.84153157467575,-35.170265122237495,-16.997295303243334,,,,,
674,-38.3035354703595,-36.110246226675,-49.214688682633245,-40.88387575704667,,,,,
675,-39.54209880796834,-33.920641833474996,-34.19710686419,-52.81242028235666,,,,,
676,-45.7349154960155,-36.71846929425,-45.576408878402496,-47.81393252700233,,,,,
677,-25.313365227096167,-28.34710816416075,-9.746539547632501,-55.68765660180667,,,,,
678,-32.25816679869383,-42.2256527061225,-47.7328361179925,-38.067618644147664,,,,,
679,-28.616199894103335,-34.67262806695,-32.925367722895,0.8881490838999997,,,,,
680,-38.834347429383335,-41.18614419062825,-55.838790818597495,-16.99729530324333,,,,,
681,-46.62697599512716,-45.8307567066625,-37.757977809743245,-27.082741423682336,,,,,
682,-55.66553939934666,-41.7501328532875,-32.39455486391925,-33.835860573981,,,,,
683,-30.21601087184833,-48.927165050685,-31.7199801889725,-37.477826578622334,,,,,
684,-40.773289744759495,-45.94134271895,-36.39776985861925,-32.847958864221,,,,,
685,-33.489357735485505,-59.388601812995,-54.6444618859025,-4.007125059983333,,,,,
686,-35.33982944112717,-36.8732883615275,-36.3314169013225,-14.593892636216667,,,,,
687,-23.175368089605996,-32.1402083855875,-40.7437987915575,-23.779905856725335,,,,,
688,-25.121681905848835,-45.52111587226425,-39.748526030905,-49.45060550884667,,,,,
689,-29.11015074898333,-20.9820783959475,-49.469036510892494,-54.596541280576666,,,,,
690,-34.11601180510883,-37.238223551995006,-13.38481935186175,-26.448714953240998,,,,,
691,-25.364971132880502,-27.27442384498075,-20.307505070924996,-27.082741423682336,,,,,
692,-25.121682805800997,-42.14824249752075,-42.1371838962925,-32.626786839647664,,,,,
693,-29.11752314980333,-35.678960778755,-32.22867584549,-28.2475807531,,,,,
694,-29.500887992397164,-35.4467288030275,-42.778582767555,-30.341342585727663,,,,,
695,-44.098241614225,-17.41015019909075,-33.312418765897505,-32.33188900698,,,,,
696,-34.49200334693,-24.764121366073244,-40.389924902165745,-9.787087302164332,,,,,
697,-27.731512695764497,-8.541152013708249,-50.3094902042675,-18.20636903758,,,,,
698,-45.76440509929051,-39.30618198175575,-26.03585915744425,-38.08236164588333,,,,,
699,-38.244555363855,-30.53670985750675,-37.945972680705,6.4027066964933335,,,,,
700,-27.237560940932166,-53.08519911266,-36.44200426353325,-18.103157226012332,,,,,
701,-32.61204113806,-28.678866201018252,-54.356938253955,-45.675936289463344,,,,,
702,-25.976880400867163,-45.134064829256744,-32.648904042105,-55.864594221463335,,,,,
703,-32.331889906933334,-20.561852899185002,-50.420076216554996,-35.133403118143335,,,,,
704,-32.28028310119883,-53.1515507200325,-49.911380560039994,-50.762892854643326,,,,,
705,-19.231133651387168,-25.471871844709998,-52.797675480719995,-43.965539299429,,,,,
706,-17.284818935192167,-54.356938253959996,-39.0518341534975,-9.949280120183333,,,,,
707,-41.724329450422836,-55.739263407539994,-31.675747133983243,-35.398809547633334,,,,,
708,-42.365728321685,-32.095972630744996,-26.710433832392503,-20.639261307883334,,,,,
709,-32.25816589874167,-42.3362387184075,-44.0834963626075,-20.639261307883334,,,,,
710,-32.44247681917217,-31.95221216470075,-25.92527449508325,-28.350792564666666,,,,,
711,-34.19710821411717,-14.77820310666925,-22.61875272771325,-51.72130496112666,,,,,
712,-33.43775002979783,-50.88453746816,-36.07707042298824,-36.593138480326665,,,,,
713,-49.008261459696676,-35.67895942883,-43.2098682154725,-50.15835598747899,,,,,
714,-30.5182793054355,-20.77196497260325,-48.91610644945925,-43.53794005192433,,,,,
715,-21.265915377506666,-19.5776346899825,-56.88935793532,-31.41771310531333,,,,,
716,-20.336994674200998,-37.26033940453,-52.80873408194499,-22.305425692902332,,,,,
717,-46.53850718529666,-23.99001793014175,-0.04814627010150019,-27.849471108866666,,,,,
718,-44.297297336289496,-30.326597784085752,-22.718277438919998,-30.400321792279,,,,,
719,-38.30353547035883,-31.79739174749925,-3.7085419268599997,-40.83964135213233,,,,,
720,-38.9965411473555,-33.95381898708675,-28.756276409619254,-35.66421597712,,,,,
721,-47.43794008522883,-39.14030296332825,-23.4260306174065,-34.39616303623333,,,,,
722,-23.9199805723355,-37.43727837411325,-10.36582121643825,-22.718278338870004,,,,,
723,-49.51695711621617,-38.133968901592496,-33.29030156344,-15.080471090277667,,,,,
724,-18.12527262856783,-48.3631763880275,-35.833779846032506,-14.151548587070002,,,,,
725,-36.16553833286667,-33.323478717054996,-36.276125245103245,-17.572342567135667,,,,,
726,-26.68463087949834,-24.200131353485002,-29.58567015184175,-51.48538813491666,,,,,
727,-34.07177650024166,-10.310526860365,-45.2446508415425,0.43106023311566705,,,,,
728,-48.79446183594334,-42.80069997001,-26.09115351351075,-63.266484643843334,,,,,
729,-34.55098345343617,-42.82281717246924,-56.8340649291775,-17.041529708160997,,,,,
730,-23.145878486329497,-46.892382424615,-43.01081204343,-25.60826125986,,,,,
731,-43.50845044864716,-55.949376830885,-45.686993540764995,-30.488790602111,,,,,
732,-49.56856392194883,-36.707410693023995,-15.65183260373575,-44.76175858789333,,,,,
733,-31.00485775949333,-29.187560507609994,-9.4258401120015,-38.1265978507,,,,,
734,-41.06818577752333,-47.014027038129996,-5.433685068458249,-21.273287778326665,,,,,
735,-36.386710357439995,-22.28699334092925,-33.998053392,-38.50996269329333,,,,,
736,-37.013364427065,-27.042191869249997,-44.62536917274,-50.689168846453335,,,,,
737,-32.324518406064996,-40.179811478819246,-44.64748637519825,-25.180662012354333,,,,,
738,-44.142476919088836,-16.846161536429996,-14.92196492264325,-50.3205488055,,,,,
739,-57.23586077381833,-50.69654124727,-27.993231574916752,-47.59276050243,,,,,
740,-24.340207419024335,-26.27914973439825,-45.42158846120175,3.158848536183333,,,,,
741,-17.59446066954383,-52.4106244377125,-37.492571380255754,-3.874420045336668,,,,,
742,-34.48463184606283,-41.78330865697575,-40.389924902165,-53.50542595935334,,,,,
743,-42.13718389629333,-37.558921637702504,-32.00750517084251,-41.93075667335766,,,,,
744,-32.68576604620117,-24.9521175869625,-19.35646401533575,-45.36629545506333,,,,,
745,-35.05230580918333,-18.81459255513075,-28.12593613958675,-53.72659798392334,,,,,
746,-41.2598681988195,-40.10240127022075,-39.15136156455575,-50.998809680856674,,,,,
747,-40.485765212861665,-15.452777781617499,-41.108733982025,-47.23888526311,,,,,
748,-26.47820365656283,-39.9475795030925,-51.3711159222175,-48.66913102202,,,,,
749,-36.20240123691449,-40.56686252182675,-46.9034410258425,-30.592002413673338,,,,,
750,-35.23661672961,-41.9491876754075,-52.35533143157,-48.99351665805667,,,,,
751,-19.35646446530883,-25.106936654235,-55.24162635225,-64.91790242732333,,,,,
752,-30.41506569396716,-41.9160105217925,-49.690208535462496,-21.494459802898998,,,,,
753,-27.908449415471168,-34.5178076497475,-51.658639554165,-54.360624454366665,,,,,
754,-32.33188990693117,-7.313647277328251,-51.44852613082,-23.632457840341996,,,,,
755,-12.935102451918832,-24.7751786173775,-22.26487748839825,-57.29483998037333,,,,,
756,-48.11620096058667,-11.062513093842501,-33.6441781526825,-29.427164884158998,,,,,
757,-44.60693817069333,-31.54304391924075,-35.2366167296125,-60.75986836535,,,,,
758,-41.783308656975,-22.795690347375,-33.168658299850755,-21.789355835663333,,,,,
759,-46.803913614784996,-59.95259047565499,-15.264780210805,-45.631701884546665,,,,,
760,-29.205991959633835,-20.65032035908675,-40.290397491108244,-53.50542595935334,,,,,
761,-49.01563386051617,-60.516579138317496,-45.145123430489996,-36.180284034457664,,,,,
762,-26.271776433629498,-45.2557094427775,-57.243233174640004,-18.191626035844333,,,,,
763,-25.482929545986668,-56.71242031566,-47.52272269465,-60.229055506376675,,,,,
764,-19.127919139967165,-38.1782033065075,-53.1736679224925,-38.745879519503326,,,,,
765,-37.09446083607333,-40.81015174885575,-28.380283967843244,-45.97083232222667,,,,,
766,-44.142476919087834,-38.74219331909575,-33.99805339200175,-32.67102124456333,,,,,
767,-46.25835595417167,-42.44682473069675,-31.001172459035747,-50.512231226793325,,,,,
768,-35.43567155172717,-57.586049812725,-30.28236337917325,-46.973478833626665,,,,,
769,-29.183874757176167,-38.697957564255,-64.5529685867775,-33.21657890517766,,,,,
770,-37.51468858271217,-27.561947476923248,-38.84172073015425,-14.298998403356668,,,,,
771,-18.774044800602667,-52.80873408194499,-50.65230684235999,-41.208261393086666,,,,,
772,-34.31506572727333,-10.63122764592425,-60.27328991128999,-19.312229160444332,,,,,
773,-13.008827360063334,-47.1356716516425,-51.84663577505325,-32.449849219989,,,,,
774,-35.67895987880617,-51.31582291607501,-34.9933261526525,-11.969317944619,,,,,
775,-33.5114749379405,-46.803913614785,-21.08160580700425,-23.750414453546664,,,,,
776,-56.55022749764166,-35.5020218091725,-24.05636953751575,-43.051361597859994,,,,,
777,-31.100698970143835,-25.007410593104996,-22.132172923725,-10.052495531552,,,,,
778,-43.0882236019555,-15.80665167101,-61.7883182796125,-37.536803985270005,,,,,
779,-38.44361108592167,-47.788129124135,-49.402684903517496,-10.583306590623335,,,,,
780,-36.526786872955,-34.90485869274925,-43.19880961424325,-53.94777000849666,,,,,
781,-40.117146071860496,-47.500605492190004,-42.656938154040006,-46.69332760249667,,,,,
782,-35.516767960736665,-46.295217958268246,-19.024705978472497,-55.05363013136334,,,,,
783,-28.940586430095497,-26.511380360201752,-45.7533464980625,-20.005234837440003,,,,,
784,-26.35287284264,-49.325274694917496,-33.12442254501249,-3.874420045336668,,,,,
785,-27.47347686719333,-37.271398005755,-46.737562007415,-53.84455639703,,,,,
786,-29.72943241779117,-39.30618198175824,-35.878015600872494,-33.70315735923667,,,,,
787,-41.2598681988205,-39.27300617807,-49.49115371335,-42.903913581479,,,,,
788,-42.0339702848255,-35.01544470503925,-27.208072237605748,-23.750416253449,,,,,
789,-38.00863853764333,-50.608072437445,-51.3268815173075,-56.970454344329994,,,,,
790,-7.2509814203905,-20.805140776288248,-42.10400674268,-43.744367274857666,,,,,
791,-38.097108247425,-30.17177601695925,-33.31242011582425,-60.90731638173333,,,,,
792,-31.05646546517883,-28.8336866182225,-32.383496262689995,-31.992760369207662,,,,,
793,-51.006182081676165,-30.58094426242075,-24.65353535378575,-4.021869861622333,,,,,
794,-33.24606850845333,-31.4766909619425,-15.928298984378252,-18.84039730792667,,,,,
795,-27.66516108839383,-36.95069992005,-45.686993540764995,-37.286144157319995,,,,,
796,-42.29937581436333,-30.282363379173248,-27.91582136631325,-12.116765960997668,,,,,
797,-28.454007076083826,-55.164216143649995,-23.9015491203125,-38.90807233752767,,,,,
798,-57.051550753339995,-62.2859553349025,-29.541435746924996,-50.630189639903335,,,,,
799,-26.66251367704167,-41.47366782257325,-61.8989042919,-28.793138413715667,,,,,
800,-34.388790635413834,-50.2873730018125,-42.7122311601825,-42.225652706121,,,,,
801,-21.826218739709997,-36.784819551697495,-48.3631763880275,-30.252873775895665,,,,,
802,-37.97177743349783,-17.29956418680575,-30.74682328085,-14.520170427931,,,,,
803,-37.92016972781383,-32.737371502009246,-29.353439526041754,-35.29559413626333,,,,,
804,-37.588412590905,-21.800414886865,-31.023288311565,-27.244934241704332,,,,,
805,-18.434914362921667,-49.21468868263325,-28.31393101054425,-29.32394947279,,,,,
806,-30.319224483317168,-25.947390347614252,-25.516104899695,-36.43094566230666,,,,,
807,-36.50466967049716,-32.7926645081525,-3.73066047924325,-34.60258845926333,,,,,
808,-38.78274152359884,-10.3326454127515,-21.84465064170925,-30.813176238150998,,,,,
809,-47.37158847785667,-54.01412161587,-15.441719180391498,-30.149660164426667,,,,,
810,-40.522628116909495,-28.535103035118247,-23.76884590557,-10.686518402189998,,,,,
811,-16.319034427888834,-37.8353880183475,-3.7085419268599997,-19.31222916044433,,,,,
812,-23.77253255595383,-38.80854492646575,-29.16544330515325,-43.81809128305,,,,,
813,-22.29805239213283,-44.86865839977,-25.75939412672825,-28.689924802247663,,,,,
814,-21.804101537253832,-30.249187575487497,-22.441813758130003,-37.96440503268,,,,,
815,-26.935292507348336,-21.225367622975,-22.26487748839825,-30.798429636609995,,,,,
816,-28.454007076084498,-38.23349631265,-31.664688532756752,-47.283119668026664,,,,,
817,-34.94172069684716,-17.69767518096325,-50.05514237601,-20.698242314337666,,,,,
818,-15.161568399240002,-28.822626667063247,-40.67744853411,-48.61015181546666,,,,,
819,-26.728866184363834,-28.468751427746746,-23.492380874851747,-44.511096960044334,,,,,
820,-33.28293051254949,-24.056369537515746,-44.8023067923975,-43.92130489451767,,,,,
821,-37.433591273754494,-46.704386203727495,-46.26204215458,-14.048336775507666,,,,,
822,-28.048525031032167,-47.65542590939074,-39.8701706444175,-24.812040171493333,,,,,
823,-28.608828393237165,-49.7676187440675,-38.5873715519675,-28.144367141632333,,,,,
824,-54.61128608221667,-41.385199012742504,-34.40722163746075,-25.549282053312336,,,,,
825,-59.764594254769996,-22.6629857827025,-48.75022743103,-57.41279839347334,,,,,
826,-22.4012660036,-40.821210350079994,-45.05665462065825,-29.67782651200333,,,,,
827,-25.25438602054433,-26.9205486056625,-30.50353540374825,-27.407127059723333,,,,,
828,-38.60580390394167,-60.4723447334025,-52.941437296687496,-48.44795899744667,,,,,
829,-33.312420115825,-48.5732898113725,-20.2190362610975,-52.50277944795334,,,,,
830,-33.96119138790666,-31.12281707255,-46.2952179582675,-6.277824512269999,,,,,
831,-50.209962793211666,-20.7387891689175,-42.5463521417525,-34.91223109357,,,,,
832,-35.0891687132295,-16.65816531554175,-46.00769432632325,-40.574234922641,,,,,
833,-44.87971700099883,-34.108639404289,-52.156276609455,-14.284251801813335,,,,,
834,-36.069696222266664,-32.67102124456325,-8.95032025916925,-49.15570947607667,,,,,
835,-18.737182796504502,-1.2867082577824993,-51.70287395907749,-43.877070489599994,,,,,
836,-43.47158754459833,-63.3144052491675,-35.944365858320005,-50.17310078911667,,,,,
837,-39.637940018617165,-42.88916877984251,-38.344083674864244,-53.50542595935334,,,,,
838,-23.2490920977955,-34.882741490292496,-19.10211618707575,-9.418465461303333,,,,,
839,-38.80485872605716,-50.56383803252925,-36.419887061078995,-37.64001939663667,,,,,
840,-40.043422063665496,-54.6776376895875,-43.1766924117875,-28.542476785864327,,,,,
841,-12.831889740403831,-25.52716485085175,-55.8719666222825,-30.872155444700997,,,,,
842,-24.399186625577162,-25.881038740240747,-49.0488096642,-6.838125174616667,,,,,
843,-38.88595423511833,-19.45599142639325,-24.48765633535825,-41.57688143404,,,,,
844,-20.830943729180003,-30.249187575485003,-43.0661063995,-56.970454344329994,,,,,
845,-16.577068456557168,-60.6713995555225,-40.544745319365,-35.95911020998,,,,,
846,-29.618847305455002,-44.70277938134001,-40.235104484965,-51.21998170543,,,,,
847,-24.406559026397165,-36.43094431238,-44.7470137862575,-21.096351958571,,,,,
848,-51.17574730051499,-38.344083674863256,-44.79124819117,-20.698242314337666,,,,,
849,-24.679338756653326,-29.9948383973,-32.72631290078,-63.93000071756333,,,,,
850,-44.07612531171784,-40.765915994014996,-36.2318894902625,-58.872533755659994,,,,,
851,-42.9039135814805,-45.565350277175,-28.05958318228825,-1.8396392191676665,,,,,
852,-35.60523677056717,-30.282363379173248,-29.817902127569997,-24.576125145188996,,,,,
853,-29.397674380928834,-30.51459400497425,-41.031323773425,-19.267996555431,,,,,
854,-34.11601180510616,-33.058070937637495,-42.214594104895,-30.93113465125433,,,,,
855,-33.253440009319995,-52.9746131003775,-47.666484510622496,-31.432457906950003,,,,,
856,-38.40674818187333,-31.664688532756752,-37.16081334339925,-40.35306109816667,,,,,
857,-50.82924446201667,-29.3755580784225,-48.09776995853825,-42.210907904485666,,,,,
858,-35.67158747798883,-6.218844405765751,-43.88444289042325,-46.84077561888,,,,,
859,-49.14096467444167,-23.81308166041075,-5.85391056521825,-12.66232362161,,,,,
860,-45.45476426488833,-34.65051086449175,-45.2999438476875,-21.39124619143,,,,,
861,-20.403345381622668,-41.8607188655775,-49.55750532072325,-34.05703079865333,,,,,
862,-28.0337802293955,-11.692853363875749,-19.212703549289998,-55.84984941982666,,,,,
863,-43.560057254380496,-37.5810401900875,-26.422910200444996,-16.03888319676,,,,,
864,-27.08274052373167,-38.023382889305,-54.60022748099,-43.47896084536999,,,,,
865,-21.0521166537045,-39.61582281616075,-61.788318279615,-25.593516458225334,,,,,
866,-30.179149767705,-33.378771723199,-0.9328330184649998,-28.05589833180567,,,,,
867,-39.62319521697833,-26.566673366345746,-29.44190833587,-52.19313861354999,,,,,
868,-35.096540214097836,-35.745312386129996,-28.313931010544252,-9.846066508714335,,,,,
869,-51.72130496112717,-44.780189589939994,-32.1512669868175,-14.048336775507666,,,,,
870,-40.64795893083333,-28.700983403475,-39.15136156455575,-50.89559606938666,,,,,
871,-31.4029674037245,-28.402399820375003,-38.543138496983254,-54.87669251170333,,,,,
872,-23.278580801121663,-58.8024959478775,-31.04540686395075,-3.6385050190309998,,,,,
873,-32.79635025858666,-22.607694126485,-20.196919058638997,-30.429811395559,,,,,
874,-28.741531607981667,-46.781796412327495,-30.37083218900175,-19.267996555431,,,,,
875,-41.70221224796499,-39.737467429673245,-30.79105903569175,-32.47933702336667,,,,,
876,-34.772155478007825,-33.6994711588275,-31.520925366855,-23.101644981366665,,,,,
877,-26.190679124669998,-36.6300004844225,-31.653628581597502,-45.52848827308,,,,,
878,-40.861757654635,-27.8384111577125,-34.93803449644075,-28.793138413715667,,,,,
879,-34.823762283741665,-43.0661063994975,-58.8024959478775,-34.45514224278667,,,,,
880,-27.665160188439998,-33.17971690108175,-33.157598348697505,-24.841529774773335,,,,,
881,-48.12357336140667,-22.497106764272502,-46.969792633215754,-34.750036475646674,,,,,
882,-38.885954235116664,-31.863743354871755,-10.3768798176675,-52.01620099389,,,,,
883,-45.84550150830216,-36.69635209179325,-50.762892854645,-28.689924802247663,,,,,
884,-39.86648354405833,-40.3456891473225,-44.348904142022505,-5.820735661485666,,,,,
885,-46.85552042051833,-30.9127022992775,-26.666200777399997,-37.96440503268,,,,,
886,-42.40996272659999,-22.98368656825825,-52.8419098856325,-20.81619892754,,,,,
887,-34.23396931826283,-22.59663417533,-29.41979113341325,-68.70731644834332,,,,,
888,-38.53207989575216,-54.3679968551875,-47.36790092752,-51.632836151296665,,,,,
889,-42.82281627251833,-43.143515258175,-65.58141850104249,-35.78217439022567,,,,,
890,-48.440585696674994,-45.24465084154575,-60.516579138317496,-29.64833690873333,,,,,
891,-33.52621973958,-38.34408367486325,-19.3343468128775,-43.95079449779333,,,,,
892,-46.147769941884995,-16.702399720455002,-25.427637439794996,-40.780662145577665,,,,,
893,-36.8069381040795,-43.895501491647494,-38.17820465643575,-36.180284034457664,,,,,
894,-34.3003209256345,-44.061380510079246,-20.71667196645825,-28.719414405523327,,,,,
895,-39.74852513095166,-37.912798226945,-58.647675530675,-55.59918779197667,,,,,
896,-43.47896084536833,-40.113458521522496,-35.9996602143875,-49.56856392195001,,,,,
897,-39.3282991842145,-40.11345987145,-23.790963108024997,-12.455896398676666,,,,,
898,-23.57347773383667,-40.157692926435,-38.299849269949995,-25.637749063236665,,,,,
899,-35.87064230010167,-50.29843160304,-17.365915794179248,-25.121682805802333,,,,,
900,-46.87763762297717,-39.22877177315425,-19.24587800304925,-21.111094960305667,,,,,
901,-34.366672533004994,-36.132362079207496,-34.87168288906575,-33.835860573981,,,,,
902,-39.8443663416005,-36.397769858619995,-34.48463184606075,-23.971586478116667,,,,,
903,-29.110151648937162,-59.6318910400275,-37.14975474216925,-37.07971513448333,,,,,
904,-36.22451753942167,-53.483308756894246,-25.40551888740925,-37.90542582612667,,,,,
905,-22.489734813428836,-32.3834962626925,-36.043894619300005,-44.570076166599996,,,,,
906,-47.1430440524645,-43.619036460935,-56.40277948126,-46.958734031986666,,,,,
907,-41.9455005750455,-17.56497061629075,-21.96629390529825,-39.35041458677,,,,,
908,-57.3833087902,-46.173573344751745,-23.89049186901075,-65.43397048466,,,,,
909,-27.635670585161666,-39.73746607975,-38.81960352769675,-19.843043819322002,,,,,
910,-46.206749148436664,-38.74219331909575,-41.462609221346746,-19.621869994847664,,,,,
911,-39.70429162598884,-47.6111915044775,-31.90797775978575,-25.180662012352332,,,,,
912,-38.981795445764995,-35.601550570158246,-56.845123530405,-51.85400817587333,,,,,
913,-33.953818987086166,-29.79578492511325,-30.83529344060675,-21.538696007718666,,,,,
914,-45.159868232126676,-33.79899856988825,-45.421588461205,-14.048336775507666,,,,,
915,-28.955330331785003,-54.83245810679,-40.246161736267496,-57.02943355087999,,,,,
916,-40.117146071858336,-23.016861022017498,-39.53841260755825,-40.85438615376666,,,,,
917,-39.90334644810334,-39.085008607255,-54.92092691662,-32.67102124456567,,,,,
918,-48.76497223266667,-43.895501491649995,-32.018562422145,-8.07669031213,,,,,
919,-41.370453311153334,-38.86383793260925,-44.5700761665975,-36.991248124559,,,,,
920,-50.06988717765,-37.33774961313,-15.17631275090325,-60.759868365349995,,,,,
921,-35.39880864768,-28.280756556788248,-31.797391747498246,-22.880472956792335,,,,,
922,-27.69464979171617,-39.814877638274254,-50.840303063245,-23.720926650173336,,,,,
923,-45.041909819018834,-38.7532519203225,-49.56856392195,-43.78860167977333,,,,,
924,-49.266295488366666,-38.72007476671,-11.449564136845002,-26.610907771260997,,,,,
925,-35.030188606725,-29.386615329725004,-21.070547205775,-46.66383799921999,,,,,
926,-36.607883281964995,-38.178204656435746,-44.35996274325325,-53.31374353805333,,,,,
927,-15.323760317308832,-41.473667822572494,-33.04701368633825,-22.452871909379997,,,,,
928,-17.46912985562,-27.064309071709253,-36.508355870909995,-62.573478966846665,,,,,
929,-29.61884640550166,-43.2209268167025,-39.20665457070175,-31.57990592333333,,,,,
930,-40.82489655049283,-36.41988706107825,-36.154480631587504,-38.937561940803334,,,,,
931,-17.727163884288334,-37.54786438639999,-43.92867729533575,-33.762136565789994,,,,,
932,-40.99446086938,-50.0662009772375,-49.856087553895,-36.593138480326665,,,,,
933,-43.64852606420883,-38.03444284046175,-39.18453736824,-24.060055287946664,,,,,
934,-31.860056254511164,-36.309299698865004,-31.27763748975425,-24.97423298951667,,,,,
935,-38.119225449881164,-51.404291725905004,-32.914310471593254,-40.50050911455,,,,,
936,-45.69805349192,-23.293327402663248,-18.173195033795746,-42.594272747076666,,,,,
937,-43.24304401915666,-32.505142226134254,-23.42602926747825,-24.281229112421002,,,,,
938,-38.7827415236005,-45.1119476268025,-55.1973919473375,-32.67102124456567,,,,,
939,-39.711664026808336,-27.429242912255,-45.322059700217494,-28.20334634818433,,,,,
940,-44.20882852646216,-3.7417190804725,-21.8557092429375,-28.99956383674667,,,,,
941,-32.64890404210551,-34.119698005515005,-11.228390762344999,-43.405236837176666,,,,,
942,-37.028109228703336,-34.064403649445,-38.67584171172325,-47.961380543385665,,,,,
943,-41.097674480848326,-24.71988696116,-28.6899234523175,-21.199563770136667,,,,,
944,-44.400510947758825,-19.046823180931753,-49.63491552932,-33.96856378872334,,,,,
945,-46.13302514024716,-44.96818581082925,-21.988411107755752,-25.814688482796665,,,,,
946,-22.843610052747167,-37.492571380255754,-20.20797765986825,4.60384089663,,,,,
947,-27.56194657697283,-29.49720269194,-44.658544976425,-7.324703628680001,,,,,
948,-25.564025954997167,-17.3437985917175,-43.740681074448254,-51.07253368904666,,,,,
949,-35.11865741655333,-17.80826119325,-22.2759360896275,-44.51109696004434,,,,,
950,-36.01809121643617,-8.12092516701925,-41.88283606803325,-49.46535031048233,,,,,
951,-37.69162530242166,-39.1181857608675,-30.492476802517498,-64.79994401422,,,,,
952,-33.34928121997,-39.53841260755825,-23.8794332677815,-47.44531248604667,,,,,
953,-29.913743338218833,-31.388222152115002,-26.78784404099325,-40.36780769970667,,,,,
954,-7.885007890833333,-24.565065194029998,-17.786142640865002,-33.496730136299995,,,,,
955,-42.51317633806717,-29.62990455675575,-5.22357029518675,-46.36894196645667,,,,,
956,-33.54096454121616,-52.03463199594175,-45.863932510347496,-61.51185324889667,,,,,
957,-43.361002432264996,-23.65825989328075,-38.8527793313825,-38.554197098210004,,,,,
958,-34.78690027964716,-30.7247060783925,-18.538127524413248,-39.14398916373667,,,,,
959,-29.375558078423833,-28.170170544499996,-40.72168293902425,-31.992760369207662,,,,,
960,-27.1933274359705,-36.86223111022425,-20.805140776288248,-29.294459869513332,,,,,
961,-38.60580390394383,-41.020265172199245,-30.17177601695925,-55.54020858542333,,,,,
962,-49.48009511211884,-21.36913078887675,-22.2759360896275,-46.38368676809667,,,,,
963,-2.694837714185,-14.73396870175925,-34.94909309766575,-28.159111943272336,,,,,
964,-26.986899313084496,-47.25731626516,-36.70741069302325,-30.120170561154335,,,,,
965,-19.024706428451,0.7591329695182503,-64.55296858678,-53.60863957082,,,,,
966,-37.14606854175833,-36.67423353941,-34.98226890135325,-27.08274142368333,,,,,
967,-29.55249479813,-42.457883331922496,-28.767333660920002,-38.02338423923,,,,,
968,-29.73680481860883,-26.268089783245,-56.71242031566,-33.02489648388,,,,,
969,-32.97328967814716,-29.154384703922503,-14.457503671040751,-18.029433217825332,,,,,
970,-50.711286048911155,-41.17508558939925,-22.994743819561748,-53.47593635607333,,,,,
971,-46.44266597464833,-40.843326202615,-46.2288663508925,-58.41544490487333,,,,,
972,-24.119035394451164,-44.393138546939994,-28.0153487773725,-32.52357322818233,,,,,
973,-45.55060547553833,-18.25060389246825,-43.61903646093325,-17.867240399803332,,,,,
974,-29.78103922352383,-17.39909159786075,-49.999849369865004,-17.80825939334767,,,,,
975,-18.05892102119717,-27.84946975894175,-22.795688997446753,-28.68992480224767,,,,,
976,-33.725274561696004,-40.33463189602325,-51.404291725905,-41.68009504551,,,,,
977,-23.669319844436,-16.7798099290575,-35.50202315909925,-55.68765660180667,,,,,
978,-20.359110076757165,-17.41015019909325,-36.7627036991625,-15.685009757348666,,,,,
979,-48.698620625295,-45.65381908700425,-16.08311805165325,-21.877824645493334,,,,,
980,-41.79805345861333,-53.726597983925,-22.839924752287498,-62.72092698323333,,,,,
981,-43.913932493696656,-57.176881567265,-33.666295355144,-15.080471090277667,,,,,
982,-32.3097727044755,-46.6601517988125,-19.931512629150753,-58.23850728521333,,,,,
983,-44.58482096823667,-33.843232974799996,-40.788034546395,-30.208637571079993,,,,,
984,-45.366295455060005,-54.246352241672504,-40.9539135648275,-24.738317963211,,,,,
985,-43.07347880031782,-3.6311330681865,-48.3852935904825,-34.70580387063333,,,,,
986,-25.947390797588827,-36.29824244756575,-20.92678538980425,-34.39616303623333,,,,,
987,-43.235670718386665,-29.0880344464775,-37.45939557657325,-44.39313854694,,,,,
988,-46.64909319758383,-29.39767528088175,-28.24758075310325,-18.103157226012332,,,,,
989,-32.54568953068833,-52.3663900328,-20.749847770145003,-50.3205488055,,,,,
990,-26.131700818065497,-40.312514693563244,-31.22234448361,-30.090680957876668,,,,,
991,-26.352873742592163,-31.55410252046925,-54.42328986133,-41.63586064059333,,,,,
992,-40.61846932755767,-40.224045883735,-31.631511379142495,-46.85552042052,,,,,
993,-42.18879070202783,-36.81799670531075,-36.75164509793575,-36.04758081971333,,,,,
994,-14.7929483582855,-19.655047598434,-28.44663557521675,-30.577257612033332,,,,,
995,-32.79635205848933,-34.672628066949244,-45.167240632945,-26.021113905829996,,,,,
996,-42.262513810265,-16.06100084919575,-3.7417190804725,-38.377259478551,,,,,
997,-44.6438001747895,-28.070641783515,-43.552684853562496,-30.503535403747662,,,,,
998,-41.56213663240167,-27.042191869250004,-44.979244412054996,-32.19918759214,,,,,
999,-44.26780683306166,-19.95362848168325,-24.399184825675,-32.19918759214,,,,,
